submission_id,semester,assignment_type,is_ai_generated,ai_probability,word_count,cited_references,similarity_score,submission_date,grade
AI0000,Fall 2026,Case Study,False,0.498,1438,10,34.7544,2026-08-08 21:49:52.565672,58.3
AI0001,Fall 2026,Essay,False,0.543,1311,8,42.4884,2026-08-06 21:49:52.572432,96.91
AI0002,Fall 2026,Research Paper,True,0.5646,1406,4,35.1366,2026-07-20 21:49:52.573326,72.33
AI0003,Summer 2026,Lab Report,False,0.3673,1764,8,12.0575,2026-08-27 21:49:52.574060,98.13
AI0004,Fall 2026,Essay,False,0.6938,699,6,34.1863,2026-03-26 21:49:52.574758,74.29
AI0005,Spring 2026,Essay,True,0.4265,1539,11,67.1305,2026-06-13 21:49:52.578196,74.07
AI0006,Fall 2026,Essay,False,0.5789,2069,7,24.4383,2026-09-07 21:49:52.578663,77.97
AI0007,Spring 2026,Essay,True,0.4021,1820,8,41.6715,2026-04-20 21:49:52.579115,73.47
AI0008,Fall 2026,Literature Review,True,0.5129,2036,9,62.0479,2026-04-13 21:49:52.580167,69.75
AI0009,Summer 2026,Research Paper,False,0.5243,1581,11,46.1616,2026-08-15 21:49:52.580754,75.77
AI0010,Fall 2026,Research Paper,True,0.5011,511,13,29.8038,2026-07-15 21:49:52.581114,75.86
AI0011,Spring 2026,Literature Review,True,0.4593,1333,8,33.5828,2026-05-03 21:49:52.581942,77.94
AI0012,Spring 2026,Lab Report,False,0.2378,1688,7,28.142,2026-07-16 21:49:52.582449,64.76
AI0013,Fall 2026,Essay,False,0.581,1420,7,36.9977,2026-06-14 21:49:52.582933,68.02
AI0014,Summer 2026,Literature Review,False,0.5317,1742,6,15.6929,2026-09-05 21:49:52.583416,83.29
AI0015,Summer 2026,Literature Review,True,0.5218,1039,9,9.1097,2026-07-05 21:49:52.583893,81.67
AI0016,Summer 2026,Case Study,False,0.3996,979,10,31.6181,2026-03-28 21:49:52.584391,79.83
AI0017,Fall 2025,Lab Report,False,0.2146,843,4,19.651,2026-03-29 21:49:52.584872,66.49
AI0018,Fall 2026,Research Paper,False,0.5598,1254,10,57.0191,2026-07-13 21:49:52.585380,72.26
AI0019,Fall 2026,Essay,True,0.5538,1146,16,5.2276,2026-06-23 21:49:52.585857,74.36
AI0020,Spring 2026,Essay,False,0.4341,1199,10,22.3229,2026-04-22 21:49:52.586358,52.91
AI0021,Summer 2026,Lab Report,False,0.4011,1292,6,33.9916,2026-06-26 21:49:52.586825,77.06
AI0022,Fall 2025,Research Paper,False,0.2295,971,7,16.8533,2026-07-26 21:49:52.587360,65.1
AI0023,Fall 2026,Essay,True,0.6784,1645,8,41.6877,2026-03-29 21:49:52.587836,79.27
AI0024,Fall 2025,Research Paper,False,0.2374,1586,5,11.6684,2026-06-01 21:49:52.588339,96.14
AI0025,Spring 2026,Essay,True,0.3837,1298,12,12.1476,2026-06-10 21:49:52.588810,75.2
AI0026,Summer 2026,Essay,True,0.483,1168,10,59.4157,2026-07-20 21:49:52.592054,76.53
AI0027,Fall 2026,Literature Review,False,0.6591,1737,5,63.0427,2026-08-09 21:49:52.593222,73.19
AI0028,Fall 2026,Lab Report,True,0.4255,2042,7,22.8579,2026-04-29 21:49:52.594280,77.4
AI0029,Fall 2025,Literature Review,False,0.2967,792,7,30.6849,2026-07-25 21:49:52.594867,83.35
AI0030,Fall 2026,Lab Report,True,0.3692,1588,8,17.4885,2026-07-25 21:49:52.596417,77.67
AI0031,Fall 2026,Essay,True,0.5579,1526,7,15.8741,2026-03-21 21:49:52.600109,76.9
AI0032,Summer 2026,Literature Review,False,0.5507,1777,10,21.281,2026-06-09 21:49:52.600913,71.76
AI0033,Summer 2026,Literature Review,False,0.5224,2043,1,6.1581,2026-05-16 21:49:52.604082,81.75
AI0034,Fall 2026,Case Study,True,0.4615,1460,7,28.6108,2026-07-26 21:49:52.605595,76.65
AI0035,Fall 2026,Lab Report,False,0.3255,724,12,22.9078,2026-05-08 21:49:52.606217,92.04
AI0036,Fall 2025,Literature Review,True,0.458,1749,5,12.242,2026-05-17 21:49:52.606708,76.11
AI0037,Fall 2026,Research Paper,False,0.6752,1009,6,31.4193,2026-08-01 21:49:52.607206,67.97
AI0038,Spring 2026,Essay,True,0.4807,1323,12,8.9837,2026-04-20 21:49:52.607671,81.39
AI0039,Fall 2025,Literature Review,True,0.3161,1700,1,14.4457,2026-07-08 21:49:52.608157,65.67
AI0040,Fall 2026,Essay,True,0.6375,1179,11,52.4198,2026-08-20 21:49:52.608614,82.77
AI0041,Fall 2026,Research Paper,False,0.5712,1774,12,76.8679,2026-06-07 21:49:52.609131,70.84
AI0042,Spring 2026,Lab Report,False,0.1605,1111,11,16.0218,2026-05-05 21:49:52.609619,81.33
AI0043,Spring 2026,Essay,False,0.2982,1575,11,18.5427,2026-04-30 21:49:52.610261,81.74
AI0044,Fall 2025,Research Paper,False,0.3126,743,9,4.0344,2026-04-20 21:49:52.610786,88.96
AI0045,Fall 2026,Research Paper,True,0.583,1003,7,35.4827,2026-04-02 21:49:52.611325,76.56
AI0046,Summer 2026,Literature Review,False,0.5419,1884,8,45.6275,2026-03-30 21:49:52.611834,71.56
AI0047,Summer 2026,Case Study,True,0.3225,859,4,18.1969,2026-06-11 21:49:52.612293,80.66
AI0048,Summer 2026,Literature Review,False,0.5979,988,3,13.478,2026-05-30 21:49:52.612773,70.45
AI0049,Fall 2025,Literature Review,False,0.3679,1841,7,42.2091,2026-09-02 21:49:52.613140,31.71
AI0050,Spring 2026,Essay,True,0.4547,1968,14,21.0973,2026-05-21 21:49:52.613391,83.98
AI0051,Summer 2026,Literature Review,False,0.55,1970,5,32.9222,2026-04-21 21:49:52.613642,59.05
AI0052,Fall 2026,Research Paper,True,0.6293,1461,6,6.3504,2026-05-14 21:49:52.613887,84.28
AI0053,Summer 2026,Literature Review,False,0.5419,1352,5,57.4982,2026-07-11 21:49:52.614389,89.88
AI0054,Fall 2026,Literature Review,True,0.714,1401,5,35.7237,2026-05-14 21:49:52.616216,79.46
AI0055,Fall 2025,Lab Report,True,0.1619,1186,9,62.7077,2026-09-01 21:49:52.617233,79.08
AI0056,Fall 2026,Essay,True,0.6148,1220,4,29.4556,2026-04-07 21:49:52.617826,87.92
AI0057,Fall 2026,Case Study,True,0.5228,1291,3,34.522,2026-06-29 21:49:52.618125,80.83
AI0058,Spring 2026,Literature Review,False,0.4378,1244,6,60.9347,2026-07-28 21:49:52.619126,66.97
AI0059,Fall 2025,Essay,False,0.3242,1551,8,32.9256,2026-06-25 21:49:52.619430,62.91
AI0060,Fall 2026,Research Paper,True,0.5245,2298,6,26.9994,2026-04-06 21:49:52.619674,72.53
AI0061,Spring 2026,Essay,True,0.3231,1354,12,59.7718,2026-08-19 21:49:52.619925,78.23
AI0062,Fall 2026,Lab Report,False,0.3456,1310,14,14.3094,2026-05-13 21:49:52.620182,69.95
AI0063,Fall 2026,Research Paper,False,0.4877,1539,9,35.5892,2026-07-08 21:49:52.620424,62.22
AI0064,Fall 2026,Case Study,True,0.3745,1074,12,46.6736,2026-05-30 21:49:52.620664,81.02
AI0065,Fall 2026,Literature Review,True,0.6682,1639,10,47.514,2026-08-09 21:49:52.620915,80.06
AI0066,Fall 2026,Literature Review,True,0.6166,1529,4,27.5272,2026-08-15 21:49:52.621216,72.66
AI0067,Spring 2026,Literature Review,False,0.585,739,6,66.2212,2026-06-20 21:49:52.621671,76.22
AI0068,Spring 2026,Case Study,False,0.2936,1585,12,27.299,2026-07-23 21:49:52.622006,80.51
AI0069,Spring 2026,Research Paper,False,0.3309,1302,5,7.7322,2026-03-23 21:49:52.622291,44.84
AI0070,Fall 2026,Research Paper,False,0.4961,1374,13,12.9961,2026-07-20 21:49:52.622674,86.78
AI0071,Fall 2026,Research Paper,True,0.5292,1050,9,41.4307,2026-09-07 21:49:52.622921,69.33
AI0072,Fall 2026,Research Paper,False,0.4873,1724,18,31.2018,2026-06-05 21:49:52.623182,65.59
AI0073,Fall 2026,Lab Report,False,0.4086,1151,4,46.1632,2026-04-13 21:49:52.623606,80.52
AI0074,Spring 2026,Literature Review,True,0.4628,2332,5,47.936,2026-07-08 21:49:52.624002,85.59
AI0075,Summer 2026,Case Study,True,0.3713,1979,7,12.3492,2026-08-13 21:49:52.624334,78.34
AI0076,Spring 2026,Case Study,True,0.3349,964,5,42.1799,2026-03-25 21:49:52.624587,84.79
AI0077,Fall 2026,Case Study,False,0.5183,1105,11,77.5828,2026-03-17 21:49:52.624844,73.25
AI0078,Summer 2026,Essay,True,0.4787,718,9,54.1367,2026-03-22 21:49:52.625106,79.23
AI0079,Fall 2025,Research Paper,False,0.2288,1793,11,2.3577,2026-03-21 21:49:52.625388,69.01
AI0080,Fall 2026,Literature Review,True,0.7028,999,16,56.841,2026-04-07 21:49:52.625633,78.76
AI0081,Fall 2026,Lab Report,False,0.4602,1269,10,10.2439,2026-07-12 21:49:52.625906,56.77
AI0082,Spring 2026,Essay,False,0.5362,1681,7,8.8996,2026-08-27 21:49:52.626216,68.7
AI0083,Fall 2026,Literature Review,True,0.7051,1695,9,45.0947,2026-04-02 21:49:52.626465,85.77
AI0084,Fall 2025,Literature Review,False,0.3522,1357,6,25.5337,2026-04-01 21:49:52.626712,80.34
AI0085,Fall 2026,Essay,False,0.5719,1049,6,23.5535,2026-04-05 21:49:52.626957,93.42
AI0086,Summer 2026,Literature Review,True,0.5025,1668,12,42.1709,2026-03-12 21:49:52.627209,81.17
AI0087,Spring 2026,Lab Report,False,0.1833,929,5,25.0773,2026-05-18 21:49:52.627480,69.92
AI0088,Summer 2026,Case Study,False,0.4324,1266,3,6.3766,2026-04-30 21:49:52.627723,70.39
AI0089,Summer 2026,Research Paper,True,0.4166,1487,5,49.6648,2026-06-03 21:49:52.627970,80.37
AI0090,Fall 2025,Research Paper,False,0.2127,2731,5,15.799,2026-04-01 21:49:52.628247,88.89
AI0091,Spring 2026,Case Study,False,0.2325,1650,9,69.9372,2026-07-03 21:49:52.628493,80.96
AI0092,Summer 2026,Lab Report,False,0.3071,1466,10,31.8867,2026-08-29 21:49:52.628789,84.37
AI0093,Summer 2026,Research Paper,False,0.4672,1600,5,28.6761,2026-07-10 21:49:52.629060,50.98
AI0094,Spring 2026,Literature Review,False,0.5098,2014,6,21.2734,2026-08-05 21:49:52.629342,88.86
AI0095,Fall 2026,Case Study,False,0.4595,1719,9,41.5451,2026-05-19 21:49:52.629587,81.13
AI0096,Spring 2026,Case Study,False,0.2688,1095,4,36.9,2026-04-14 21:49:52.629832,71.8
AI0097,Fall 2026,Lab Report,False,0.3938,1777,12,25.063,2026-06-12 21:49:52.630085,73.53
AI0098,Fall 2026,Literature Review,True,0.6906,1514,7,19.3051,2026-06-29 21:49:52.630334,70.3
AI0099,Fall 2026,Lab Report,False,0.4756,697,9,11.9337,2026-07-21 21:49:52.630584,82.71
AI0100,Fall 2026,Lab Report,False,0.4509,1449,5,70.2653,2026-09-07 21:49:52.633710,73.85
AI0101,Fall 2026,Literature Review,True,0.6664,1826,5,8.2502,2026-08-22 21:49:52.634669,83.78
AI0102,Spring 2026,Research Paper,False,0.301,641,5,7.876,2026-05-16 21:49:52.635390,100.0
AI0103,Spring 2026,Case Study,False,0.3507,1659,6,28.9004,2026-03-17 21:49:52.636362,74.45
AI0104,Spring 2026,Research Paper,False,0.4009,1448,7,27.6628,2026-06-24 21:49:52.637410,69.31
AI0105,Spring 2026,Lab Report,True,0.1973,1892,10,68.5356,2026-08-29 21:49:52.637825,76.64
AI0106,Summer 2026,Case Study,False,0.3701,2001,11,37.7326,2026-07-05 21:49:52.638120,79.79
AI0107,Summer 2026,Essay,True,0.4214,1403,5,8.4749,2026-05-06 21:49:52.638394,74.75
AI0108,Spring 2026,Research Paper,False,0.2811,1300,12,32.9684,2026-07-14 21:49:52.638652,80.07
AI0109,Summer 2026,Lab Report,False,0.2933,1503,10,43.858,2026-06-21 21:49:52.639224,82.35
AI0110,Summer 2026,Research Paper,True,0.4477,1126,8,41.6555,2026-04-27 21:49:52.640078,72.42
AI0111,Fall 2026,Literature Review,True,0.6816,1851,6,30.9312,2026-03-12 21:49:52.641902,71.88
AI0112,Fall 2026,Essay,True,0.688,1863,8,35.3171,2026-05-31 21:49:52.642387,85.48
AI0113,Fall 2025,Essay,False,0.3,1263,8,15.3888,2026-08-02 21:49:52.642867,82.46
AI0114,Spring 2026,Literature Review,False,0.5347,622,6,20.8738,2026-03-15 21:49:52.643404,77.01
AI0115,Spring 2026,Lab Report,False,0.2274,1201,5,11.7229,2026-06-24 21:49:52.643912,47.7
AI0116,Fall 2026,Literature Review,False,0.6385,1816,9,37.4193,2026-04-13 21:49:52.644725,81.55
AI0117,Fall 2026,Lab Report,True,0.3621,1943,7,43.7684,2026-04-10 21:49:52.645474,90.34
AI0118,Spring 2026,Case Study,False,0.3182,1077,6,55.803,2026-07-07 21:49:52.646827,73.82
AI0119,Fall 2026,Case Study,True,0.4768,1926,7,28.1866,2026-05-06 21:49:52.658202,77.95
AI0120,Fall 2026,Lab Report,False,0.3505,1084,7,45.7415,2026-05-23 21:49:52.658756,67.81
AI0121,Fall 2026,Lab Report,False,0.3935,1491,9,76.5721,2026-05-01 21:49:52.659054,69.82
AI0122,Summer 2026,Lab Report,False,0.3302,1557,6,25.4705,2026-07-13 21:49:52.659321,79.24
AI0123,Spring 2026,Research Paper,False,0.428,1910,9,44.9877,2026-06-13 21:49:52.659566,60.44
AI0124,Fall 2025,Essay,False,0.2515,1264,4,46.0633,2026-04-15 21:49:52.660947,86.73
AI0125,Spring 2026,Lab Report,False,0.1734,1733,8,19.4846,2026-07-14 21:49:52.661799,61.39
AI0126,Fall 2025,Research Paper,False,0.3334,986,7,15.4133,2026-08-28 21:49:52.662353,56.7
AI0127,Fall 2025,Essay,False,0.2643,1327,6,10.6793,2026-06-17 21:49:52.662712,54.58
AI0128,Summer 2026,Lab Report,False,0.2773,1036,5,7.6915,2026-05-29 21:49:52.662990,97.1
AI0129,Fall 2025,Research Paper,False,0.3028,1794,4,25.2112,2026-08-12 21:49:52.663263,81.86
AI0130,Fall 2026,Lab Report,False,0.3904,1002,9,2.6867,2026-05-29 21:49:52.663509,75.81
AI0131,Fall 2026,Lab Report,False,0.4734,1138,10,36.8314,2026-07-29 21:49:52.663776,80.72
AI0132,Fall 2026,Literature Review,False,0.6319,1666,10,26.0108,2026-03-30 21:49:52.664038,76.56
AI0133,Fall 2025,Case Study,False,0.1285,1264,9,22.0224,2026-05-05 21:49:52.666035,66.69
AI0134,Summer 2026,Lab Report,False,0.3804,1815,11,21.9975,2026-08-23 21:49:52.668056,79.02
AI0135,Fall 2026,Essay,False,0.5877,1522,7,32.4606,2026-07-11 21:49:52.669014,83.39
AI0136,Fall 2025,Research Paper,False,0.1805,1101,4,27.0818,2026-03-15 21:49:52.669498,72.43
AI0137,Summer 2026,Literature Review,True,0.501,1443,13,73.3217,2026-08-30 21:49:52.670032,78.87
AI0138,Fall 2026,Research Paper,False,0.5514,1721,7,7.5781,2026-06-16 21:49:52.671050,61.94
AI0139,Spring 2026,Essay,True,0.3777,1391,6,13.3117,2026-06-15 21:49:52.671700,78.42
AI0140,Spring 2026,Literature Review,True,0.4211,2031,9,12.1315,2026-07-23 21:49:52.672223,82.41
AI0141,Fall 2026,Lab Report,False,0.4514,1897,12,40.3205,2026-07-25 21:49:52.672643,83.75
AI0142,Fall 2025,Lab Report,False,0.0857,1440,9,42.973,2026-06-08 21:49:52.672983,54.38
AI0143,Summer 2026,Essay,False,0.4731,1706,8,93.1597,2026-04-25 21:49:52.673248,62.09
AI0144,Summer 2026,Research Paper,False,0.4894,1422,8,19.2526,2026-09-07 21:49:52.673495,69.84
AI0145,Spring 2026,Lab Report,False,0.1881,2183,14,51.3888,2026-05-03 21:49:52.673909,75.64
AI0146,Summer 2026,Case Study,False,0.4133,906,7,24.6476,2026-05-30 21:49:52.674249,89.83
AI0147,Fall 2026,Research Paper,True,0.5807,2375,10,64.1474,2026-05-04 21:49:52.674508,65.05
AI0148,Fall 2026,Literature Review,False,0.6725,841,10,30.6401,2026-03-30 21:49:52.674755,74.43
AI0149,Spring 2026,Research Paper,False,0.3669,1472,6,59.1629,2026-04-18 21:49:52.675026,74.31
AI0150,Summer 2026,Case Study,False,0.4048,671,7,3.1153,2026-03-15 21:49:52.675355,61.52
AI0151,Summer 2026,Literature Review,True,0.5545,970,11,76.4542,2026-07-03 21:49:52.675626,72.46
AI0152,Summer 2026,Case Study,True,0.4335,1367,10,53.3953,2026-08-17 21:49:52.675875,73.25
AI0153,Summer 2026,Literature Review,False,0.4337,1907,7,69.8028,2026-05-23 21:49:52.676225,61.38
AI0154,Fall 2025,Literature Review,False,0.2788,1545,8,29.7173,2026-05-01 21:49:52.676503,78.36
AI0155,Fall 2026,Literature Review,True,0.6495,1862,9,27.2396,2026-03-18 21:49:52.676754,83.36
AI0156,Fall 2026,Literature Review,True,0.657,1560,10,24.2765,2026-09-02 21:49:52.677023,73.71
AI0157,Summer 2026,Lab Report,False,0.3889,2062,8,30.0352,2026-05-23 21:49:52.677303,94.77
AI0158,Fall 2026,Literature Review,True,0.6378,1349,6,28.8759,2026-03-30 21:49:52.677547,80.71
AI0159,Fall 2026,Literature Review,False,0.6273,2040,6,16.0548,2026-05-09 21:49:52.677793,92.06
AI0160,Summer 2026,Research Paper,False,0.5395,1957,12,50.4431,2026-07-25 21:49:52.678056,87.37
AI0161,Spring 2026,Essay,True,0.3129,715,7,49.5828,2026-07-15 21:49:52.678299,68.95
AI0162,Fall 2026,Lab Report,False,0.3931,1830,9,10.2163,2026-06-02 21:49:52.678547,100.0
AI0163,Fall 2026,Case Study,True,0.4367,1872,8,23.7941,2026-07-02 21:49:52.678788,72.92
AI0164,Fall 2026,Research Paper,True,0.5468,2178,9,14.2594,2026-04-14 21:49:52.679050,84.22
AI0165,Fall 2025,Case Study,False,0.1528,1356,5,9.9161,2026-07-09 21:49:52.679319,74.22
AI0166,Fall 2026,Essay,False,0.6508,1468,6,55.5349,2026-06-20 21:49:52.679613,76.83
AI0167,Fall 2026,Lab Report,False,0.4116,1736,4,48.083,2026-08-26 21:49:52.679899,51.24
AI0168,Spring 2026,Literature Review,True,0.4873,1218,6,33.6913,2026-06-04 21:49:52.680168,80.29
AI0169,Fall 2026,Research Paper,False,0.5122,332,7,21.2669,2026-06-09 21:49:52.680685,85.08
AI0170,Summer 2026,Essay,False,0.5376,1247,5,20.5485,2026-04-20 21:49:52.683517,59.35
AI0171,Summer 2026,Research Paper,False,0.4607,1533,1,48.5677,2026-07-14 21:49:52.684013,54.73
AI0172,Fall 2026,Essay,True,0.6236,1131,10,2.0594,2026-04-07 21:49:52.684585,76.06
AI0173,Summer 2026,Research Paper,True,0.4589,1058,10,9.3012,2026-06-10 21:49:52.685246,79.24
AI0174,Fall 2026,Case Study,False,0.4815,1921,6,29.4004,2026-06-01 21:49:52.685742,49.38
AI0175,Summer 2026,Research Paper,False,0.4715,1294,8,17.4813,2026-03-28 21:49:52.686272,71.92
AI0176,Fall 2026,Essay,False,0.648,1720,10,29.3849,2026-06-21 21:49:52.687005,65.6
AI0177,Summer 2026,Lab Report,False,0.241,1502,6,8.4413,2026-04-02 21:49:52.687363,73.16
AI0178,Summer 2026,Lab Report,False,0.2965,1894,10,49.6001,2026-05-10 21:49:52.688485,51.61
AI0179,Fall 2026,Essay,True,0.5689,851,15,6.8532,2026-04-21 21:49:52.689731,77.66
AI0180,Summer 2026,Literature Review,True,0.5843,1150,5,30.4628,2026-05-31 21:49:52.690260,78.41
AI0181,Fall 2026,Literature Review,False,0.6925,1642,7,22.2663,2026-06-07 21:49:52.690730,78.82
AI0182,Fall 2025,Lab Report,False,0.0371,2273,10,20.3938,2026-06-16 21:49:52.691064,61.91
AI0183,Fall 2026,Literature Review,True,0.5562,1071,6,46.2103,2026-05-20 21:49:52.691352,83.7
AI0184,Fall 2026,Literature Review,True,0.6549,1264,12,30.8905,2026-05-14 21:49:52.691623,79.04
AI0185,Fall 2026,Literature Review,True,0.6233,1962,11,75.9297,2026-04-14 21:49:52.691874,92.45
AI0186,Fall 2026,Research Paper,False,0.5355,1189,6,15.2354,2026-08-30 21:49:52.692508,73.66
AI0187,Summer 2026,Lab Report,True,0.2848,1823,7,26.0918,2026-08-27 21:49:52.692933,66.24
AI0188,Summer 2026,Lab Report,True,0.2819,1182,12,70.805,2026-03-31 21:49:52.693242,79.69
AI0189,Fall 2025,Case Study,False,0.2101,1713,4,15.2634,2026-06-16 21:49:52.693542,85.35
AI0190,Summer 2026,Research Paper,True,0.4756,1361,7,50.5615,2026-04-20 21:49:52.693826,75.88
AI0191,Fall 2026,Research Paper,True,0.575,1633,6,34.7415,2026-04-01 21:49:52.694090,76.23
AI0192,Fall 2026,Lab Report,True,0.4878,1465,12,39.5395,2026-05-21 21:49:52.694345,78.0
AI0193,Fall 2026,Case Study,False,0.4196,1718,7,24.9888,2026-07-01 21:49:52.694595,84.98
AI0194,Fall 2026,Lab Report,False,0.378,1735,7,34.3499,2026-05-12 21:49:52.694880,58.4
AI0195,Fall 2026,Research Paper,True,0.5072,1130,4,35.682,2026-04-09 21:49:52.695195,71.39
AI0196,Fall 2025,Essay,False,0.3344,1600,11,5.9634,2026-07-06 21:49:52.695454,69.3
AI0197,Summer 2026,Research Paper,True,0.4284,1698,13,36.4352,2026-06-13 21:49:52.695695,77.82
AI0198,Summer 2026,Essay,False,0.5066,2274,11,22.5408,2026-08-04 21:49:52.695946,92.05
AI0199,Spring 2026,Research Paper,False,0.4085,1235,8,1.7938,2026-05-25 21:49:52.696270,74.29
AI0200,Summer 2026,Literature Review,True,0.4992,1114,6,16.3319,2026-04-22 21:49:52.696542,74.79
AI0201,Spring 2026,Literature Review,False,0.4816,1487,3,40.472,2026-06-05 21:49:52.696799,71.79
AI0202,Spring 2026,Literature Review,True,0.4233,1300,6,3.6768,2026-07-28 21:49:52.697088,78.88
AI0203,Fall 2026,Literature Review,True,0.6676,2162,6,23.8014,2026-07-16 21:49:52.698047,84.48
AI0204,Fall 2026,Research Paper,True,0.5137,1494,5,12.1682,2026-04-19 21:49:52.699871,68.91
AI0205,Summer 2026,Essay,True,0.4411,1264,9,22.4654,2026-05-02 21:49:52.700354,73.1
AI0206,Fall 2026,Lab Report,False,0.4501,2036,6,39.6175,2026-08-23 21:49:52.701395,85.24
AI0207,Fall 2026,Literature Review,False,0.5775,1516,8,54.7552,2026-05-04 21:49:52.702785,63.87
AI0208,Fall 2026,Literature Review,False,0.553,995,12,20.1905,2026-08-18 21:49:52.704066,70.29
AI0209,Fall 2025,Lab Report,False,0.1666,2541,12,20.4867,2026-04-16 21:49:52.704871,85.03
AI0210,Fall 2026,Literature Review,True,0.716,1736,6,34.7776,2026-03-27 21:49:52.705394,75.81
AI0211,Fall 2026,Essay,False,0.5944,1460,9,9.7214,2026-06-14 21:49:52.705886,73.92
AI0212,Summer 2026,Lab Report,True,0.3784,1754,5,9.0284,2026-09-01 21:49:52.706348,73.8
AI0213,Fall 2026,Literature Review,False,0.6934,1594,2,19.247,2026-06-10 21:49:52.706797,57.09
AI0214,Spring 2026,Literature Review,False,0.4083,1066,10,72.0605,2026-06-17 21:49:52.707108,100.0
AI0215,Summer 2026,Literature Review,False,0.6214,1336,4,12.8752,2026-04-21 21:49:52.707367,68.74
AI0216,Summer 2026,Case Study,True,0.4261,627,10,26.833,2026-06-20 21:49:52.707817,77.94
AI0217,Summer 2026,Lab Report,True,0.3586,1254,9,59.8811,2026-08-16 21:49:52.708105,81.45
AI0218,Spring 2026,Literature Review,True,0.4773,1213,6,6.6574,2026-05-19 21:49:52.708374,81.76
AI0219,Summer 2026,Essay,False,0.5132,1488,9,31.6442,2026-06-20 21:49:52.708655,91.96
AI0220,Fall 2026,Essay,True,0.6115,1071,5,11.4806,2026-03-14 21:49:52.708935,75.92
AI0221,Summer 2026,Literature Review,False,0.4926,1342,8,34.1108,2026-04-02 21:49:52.709246,88.26
AI0222,Fall 2026,Literature Review,False,0.5925,739,8,40.8696,2026-08-26 21:49:52.709520,92.47
AI0223,Spring 2026,Research Paper,False,0.3408,1223,8,35.4582,2026-04-28 21:49:52.709774,74.83
AI0224,Fall 2025,Literature Review,False,0.3515,1182,5,64.4016,2026-03-18 21:49:52.710053,67.0
AI0225,Spring 2026,Lab Report,False,0.1651,1458,7,9.1803,2026-04-30 21:49:52.710373,64.69
AI0226,Summer 2026,Essay,False,0.6082,1535,9,9.6941,2026-08-23 21:49:52.710619,52.64
AI0227,Fall 2025,Literature Review,False,0.3687,1696,10,56.7587,2026-06-08 21:49:52.710864,100.0
AI0228,Fall 2025,Case Study,False,0.1606,1445,4,45.0798,2026-07-08 21:49:52.711122,98.39
AI0229,Summer 2026,Essay,True,0.526,1222,8,11.1439,2026-03-29 21:49:52.711375,77.9
AI0230,Fall 2026,Research Paper,False,0.5532,1270,8,33.8374,2026-03-18 21:49:52.711624,76.13
AI0231,Fall 2025,Essay,False,0.2044,2773,5,18.462,2026-04-27 21:49:52.711864,65.63
AI0232,Fall 2026,Research Paper,False,0.4659,1735,7,22.0035,2026-07-08 21:49:52.712136,70.26
AI0233,Fall 2025,Lab Report,False,0.0707,1507,6,32.5656,2026-05-27 21:49:52.712399,78.92
AI0234,Fall 2025,Research Paper,True,0.2961,723,9,49.2237,2026-03-21 21:49:52.712645,77.38
AI0235,Summer 2026,Case Study,True,0.3763,1743,7,1.217,2026-07-30 21:49:52.712892,80.44
AI0236,Spring 2026,Lab Report,False,0.1834,2423,12,11.6132,2026-08-11 21:49:52.713149,68.92
AI0237,Fall 2025,Case Study,False,0.2926,1420,10,34.879,2026-07-17 21:49:52.713394,92.11
AI0238,Spring 2026,Lab Report,False,0.3132,1464,5,22.2829,2026-08-02 21:49:52.713636,82.04
AI0239,Fall 2026,Case Study,False,0.3888,1118,4,26.9164,2026-09-01 21:49:52.714444,58.92
AI0240,Summer 2026,Research Paper,False,0.4708,1847,8,32.2494,2026-05-10 21:49:52.717547,77.3
AI0241,Fall 2026,Literature Review,True,0.6634,1781,5,53.0083,2026-04-11 21:49:52.718426,72.02
AI0242,Fall 2026,Literature Review,False,0.6788,1850,7,5.6246,2026-09-01 21:49:52.718716,63.39
AI0243,Fall 2026,Case Study,True,0.5491,1187,7,30.2403,2026-05-08 21:49:52.719082,74.54
AI0244,Fall 2026,Lab Report,False,0.3399,1963,10,17.2689,2026-04-19 21:49:52.719708,69.01
AI0245,Fall 2026,Lab Report,True,0.4039,1398,11,14.7222,2026-08-17 21:49:52.720297,87.73
AI0246,Spring 2026,Case Study,False,0.2904,1314,8,25.0434,2026-05-21 21:49:52.721241,76.11
AI0247,Spring 2026,Lab Report,True,0.3305,1165,10,7.2671,2026-07-23 21:49:52.721567,70.83
AI0248,Summer 2026,Essay,True,0.5018,1228,12,18.9986,2026-07-11 21:49:52.721831,84.91
AI0249,Summer 2026,Research Paper,False,0.405,1265,8,9.3642,2026-06-22 21:49:52.722094,59.05
AI0250,Fall 2025,Literature Review,False,0.2797,1548,10,24.9435,2026-07-16 21:49:52.722341,83.6
AI0251,Fall 2026,Lab Report,True,0.4037,1412,6,13.66,2026-07-13 21:49:52.722588,75.4
AI0252,Fall 2026,Research Paper,False,0.5366,1500,5,27.6731,2026-05-26 21:49:52.722960,77.51
AI0253,Fall 2026,Case Study,False,0.5061,1490,6,54.8151,2026-03-23 21:49:52.724293,68.45
AI0254,Fall 2026,Lab Report,False,0.352,984,12,64.5102,2026-05-31 21:49:52.724826,80.89
AI0255,Fall 2026,Literature Review,True,0.6361,1028,11,44.6513,2026-05-29 21:49:52.725150,78.06
AI0256,Fall 2026,Research Paper,False,0.5187,1441,11,25.2326,2026-07-23 21:49:52.725412,78.51
AI0257,Fall 2026,Essay,True,0.6338,1614,8,10.5939,2026-05-18 21:49:52.725656,76.48
AI0258,Fall 2025,Essay,True,0.2691,1768,3,31.6046,2026-09-03 21:49:52.725910,75.23
AI0259,Fall 2026,Case Study,True,0.4772,1769,7,3.2713,2026-04-23 21:49:52.726191,82.66
AI0260,Spring 2026,Lab Report,False,0.2824,1936,15,10.3085,2026-05-05 21:49:52.726445,72.78
AI0261,Fall 2026,Research Paper,True,0.6047,1815,7,7.8815,2026-06-27 21:49:52.726687,77.96
AI0262,Fall 2026,Case Study,True,0.3798,1437,6,7.7646,2026-08-14 21:49:52.726950,75.13
AI0263,Spring 2026,Lab Report,False,0.1154,1438,11,21.7344,2026-06-27 21:49:52.727213,61.47
AI0264,Spring 2026,Lab Report,False,0.1988,1764,10,21.5779,2026-05-03 21:49:52.727464,81.61
AI0265,Summer 2026,Lab Report,False,0.221,1319,8,19.4796,2026-03-23 21:49:52.727708,65.16
AI0266,Spring 2026,Literature Review,False,0.4633,1736,3,50.6946,2026-03-15 21:49:52.727950,67.23
AI0267,Summer 2026,Case Study,False,0.3259,1517,9,21.7752,2026-07-11 21:49:52.728200,88.54
AI0268,Fall 2026,Essay,False,0.5882,1222,2,11.9647,2026-08-21 21:49:52.728554,81.81
AI0269,Summer 2026,Essay,True,0.5081,1016,10,37.2593,2026-09-01 21:49:52.728836,71.61
AI0270,Fall 2025,Essay,False,0.2591,2264,10,21.5173,2026-03-23 21:49:52.729097,68.31
AI0271,Fall 2026,Research Paper,True,0.5237,1092,6,41.7862,2026-05-16 21:49:52.729345,79.82
AI0272,Fall 2026,Literature Review,True,0.6648,1724,11,18.9876,2026-08-02 21:49:52.729696,81.65
AI0273,Spring 2026,Literature Review,False,0.5013,1453,11,65.9616,2026-07-10 21:49:52.738595,72.26
AI0274,Fall 2026,Case Study,True,0.3558,961,12,7.6727,2026-07-04 21:49:52.740294,85.02
AI0275,Fall 2026,Case Study,True,0.4816,1571,8,21.9478,2026-04-07 21:49:52.740802,74.72
AI0276,Summer 2026,Literature Review,False,0.4991,1354,6,79.0231,2026-05-22 21:49:52.743165,78.59
AI0277,Fall 2026,Research Paper,True,0.542,1643,7,49.7998,2026-07-02 21:49:52.743815,78.63
AI0278,Summer 2026,Case Study,False,0.4047,1112,8,27.2116,2026-08-26 21:49:52.744313,80.08
AI0279,Fall 2026,Lab Report,True,0.3449,2065,4,3.5917,2026-06-12 21:49:52.744756,85.05
AI0280,Summer 2026,Literature Review,False,0.4504,2066,5,38.6152,2026-07-19 21:49:52.745269,89.08
AI0281,Fall 2025,Case Study,True,0.211,1704,9,37.4588,2026-04-30 21:49:52.745667,78.75
AI0282,Fall 2026,Case Study,False,0.4626,788,3,35.4697,2026-07-12 21:49:52.745955,69.79
AI0283,Fall 2026,Literature Review,True,0.6467,1553,14,37.5675,2026-08-07 21:49:52.746271,76.29
AI0284,Summer 2026,Case Study,True,0.3819,1404,7,16.3031,2026-07-12 21:49:52.746525,79.88
AI0285,Summer 2026,Lab Report,True,0.2625,1863,6,16.2479,2026-08-29 21:49:52.746790,80.02
AI0286,Fall 2025,Essay,False,0.3329,1242,10,43.3778,2026-04-28 21:49:52.747049,100.0
AI0287,Spring 2026,Essay,False,0.4531,1545,11,31.4907,2026-08-25 21:49:52.747309,80.91
AI0288,Fall 2026,Literature Review,True,0.6761,1809,7,54.3392,2026-04-28 21:49:52.748493,76.86
AI0289,Fall 2025,Lab Report,False,0.172,1675,5,40.8528,2026-07-08 21:49:52.748912,68.46
AI0290,Summer 2026,Lab Report,True,0.2383,967,8,18.5382,2026-08-19 21:49:52.749468,87.0
AI0291,Fall 2026,Research Paper,True,0.5314,1380,7,42.1819,2026-06-13 21:49:52.752498,74.93
AI0292,Fall 2026,Lab Report,False,0.4163,1763,7,61.2743,2026-08-29 21:49:52.753469,80.9
AI0293,Spring 2026,Research Paper,False,0.4191,912,9,27.9444,2026-07-09 21:49:52.755402,71.45
AI0294,Spring 2026,Literature Review,False,0.4144,1768,8,23.4107,2026-08-01 21:49:52.755814,85.69
AI0295,Summer 2026,Research Paper,True,0.4796,1471,10,11.0547,2026-07-02 21:49:52.756144,79.97
AI0296,Fall 2026,Essay,True,0.6063,699,9,5.6518,2026-08-19 21:49:52.756857,73.23
AI0297,Fall 2026,Research Paper,False,0.4839,1095,10,29.5599,2026-06-27 21:49:52.757542,77.54
AI0298,Spring 2026,Lab Report,True,0.0555,1066,9,73.5543,2026-04-10 21:49:52.758290,84.4
AI0299,Summer 2026,Case Study,False,0.4178,850,9,17.6224,2026-06-28 21:49:52.758747,75.32
AI0300,Spring 2026,Essay,True,0.4462,1877,8,58.0745,2026-07-06 21:49:52.759110,83.38
AI0301,Fall 2026,Literature Review,False,0.6392,2284,1,42.1477,2026-08-21 21:49:52.759412,59.09
AI0302,Fall 2026,Research Paper,False,0.5294,1122,3,20.071,2026-05-05 21:49:52.759671,57.28
AI0303,Spring 2026,Literature Review,False,0.442,1858,8,34.3047,2026-04-20 21:49:52.759918,79.11
AI0304,Spring 2026,Lab Report,True,0.2642,1153,6,35.1257,2026-07-08 21:49:52.760208,75.45
AI0305,Fall 2026,Research Paper,True,0.4977,1903,9,12.4234,2026-07-19 21:49:52.760481,82.81
AI0306,Fall 2026,Literature Review,False,0.6759,1673,5,8.355,2026-04-15 21:49:52.760736,91.76
AI0307,Fall 2026,Research Paper,False,0.5447,1076,7,22.502,2026-07-18 21:49:52.761103,87.26
AI0308,Spring 2026,Essay,False,0.4292,1242,10,32.4897,2026-07-07 21:49:52.761389,77.96
AI0309,Spring 2026,Literature Review,False,0.4923,2061,8,21.7033,2026-07-12 21:49:52.761653,53.89
AI0310,Fall 2025,Case Study,True,0.1285,2149,6,54.511,2026-03-22 21:49:52.761928,80.98
AI0311,Fall 2026,Essay,False,0.5472,1426,5,37.6317,2026-07-27 21:49:52.762197,61.23
AI0312,Fall 2025,Lab Report,False,0.1603,1615,7,61.2866,2026-05-26 21:49:52.762447,78.48
AI0313,Spring 2026,Essay,False,0.4243,1434,9,63.3778,2026-04-26 21:49:52.762696,69.95
AI0314,Fall 2026,Essay,False,0.5425,1326,6,13.3882,2026-05-17 21:49:52.762949,72.95
AI0315,Summer 2026,Case Study,False,0.2591,1092,8,35.6658,2026-07-26 21:49:52.763216,77.32
AI0316,Fall 2025,Essay,False,0.1948,1539,13,13.2514,2026-05-22 21:49:52.763513,81.82
AI0317,Fall 2026,Case Study,False,0.4441,1476,7,30.8022,2026-07-02 21:49:52.763769,64.78
AI0318,Summer 2026,Literature Review,False,0.5656,1398,12,25.4937,2026-04-06 21:49:52.765329,91.09
AI0319,Spring 2026,Essay,False,0.3631,2328,9,34.3339,2026-05-12 21:49:52.765902,75.68
AI0320,Fall 2025,Literature Review,False,0.3638,1411,9,74.4813,2026-05-04 21:49:52.766594,56.36
AI0321,Summer 2026,Case Study,False,0.2855,1801,5,54.9632,2026-07-31 21:49:52.767497,58.43
AI0322,Fall 2025,Case Study,True,0.0758,1381,2,48.1507,2026-07-11 21:49:52.767853,73.26
AI0323,Summer 2026,Literature Review,True,0.5329,1059,5,40.4465,2026-05-03 21:49:52.768135,75.65
AI0324,Summer 2026,Literature Review,False,0.4656,1730,9,20.0967,2026-08-02 21:49:52.768387,76.68
AI0325,Spring 2026,Research Paper,True,0.3971,2007,11,5.7793,2026-07-01 21:49:52.768633,81.19
AI0326,Fall 2025,Research Paper,False,0.3339,1107,8,12.5257,2026-04-17 21:49:52.768991,73.27
AI0327,Fall 2026,Literature Review,True,0.6206,1033,15,51.2323,2026-04-27 21:49:52.769839,77.08
AI0328,Fall 2026,Research Paper,False,0.5536,1455,10,39.1768,2026-05-06 21:49:52.771196,80.52
AI0329,Spring 2026,Literature Review,True,0.4044,1078,8,21.9962,2026-07-08 21:49:52.774937,75.74
AI0330,Fall 2026,Lab Report,False,0.2949,1495,6,50.1416,2026-07-21 21:49:52.776248,71.19
AI0331,Summer 2026,Essay,False,0.5151,1660,7,49.0846,2026-04-13 21:49:52.777046,77.25
AI0332,Summer 2026,Research Paper,False,0.5371,1563,8,33.8058,2026-07-06 21:49:52.777799,93.31
AI0333,Summer 2026,Lab Report,False,0.2577,1131,8,22.0365,2026-03-22 21:49:52.778271,85.01
AI0334,Fall 2025,Case Study,False,0.1878,2015,8,50.5321,2026-08-05 21:49:52.779263,76.73
AI0335,Summer 2026,Case Study,False,0.3354,1627,8,25.1732,2026-08-03 21:49:52.780021,70.08
AI0336,Fall 2026,Essay,False,0.6624,1147,10,15.4482,2026-06-30 21:49:52.780433,91.59
AI0337,Summer 2026,Literature Review,True,0.521,729,7,49.6928,2026-03-31 21:49:52.782409,72.73
AI0338,Summer 2026,Case Study,False,0.3388,1167,7,10.9528,2026-08-09 21:49:52.783249,94.38
AI0339,Fall 2025,Case Study,False,0.0542,1392,2,26.7313,2026-07-19 21:49:52.784119,55.53
AI0340,Spring 2026,Lab Report,False,0.254,2228,4,37.5032,2026-07-14 21:49:52.784718,76.7
AI0341,Fall 2025,Essay,False,0.4547,2006,3,9.0754,2026-08-18 21:49:52.785484,75.24
AI0342,Summer 2026,Literature Review,True,0.5597,1358,7,36.8038,2026-04-03 21:49:52.787951,75.87
AI0343,Spring 2026,Literature Review,False,0.5355,1166,8,5.861,2026-04-22 21:49:52.788796,84.31
AI0344,Summer 2026,Lab Report,False,0.283,1493,13,37.6135,2026-05-24 21:49:52.789854,63.41
AI0345,Summer 2026,Literature Review,True,0.6026,1449,10,48.1679,2026-04-06 21:49:52.791201,72.47
AI0346,Fall 2025,Case Study,False,0.0646,1623,10,16.0077,2026-08-03 21:49:52.791732,60.84
AI0347,Summer 2026,Research Paper,False,0.4069,1730,11,31.0989,2026-07-05 21:49:52.792431,63.65
AI0348,Fall 2025,Lab Report,False,0.0557,2313,6,22.5228,2026-09-07 21:49:52.793283,57.83
AI0349,Summer 2026,Literature Review,True,0.4919,1329,6,45.8226,2026-05-02 21:49:52.794261,65.89
AI0350,Fall 2026,Lab Report,False,0.4118,1843,3,17.9169,2026-06-13 21:49:52.794717,83.13
AI0351,Summer 2026,Essay,True,0.5143,1437,13,58.0924,2026-08-06 21:49:52.795449,75.79
AI0352,Fall 2026,Literature Review,False,0.5756,1178,7,62.8588,2026-07-05 21:49:52.795903,86.02
AI0353,Fall 2026,Lab Report,False,0.3203,1906,6,35.6028,2026-07-23 21:49:52.796357,63.56
AI0354,Fall 2025,Literature Review,False,0.3815,1592,7,34.8056,2026-04-10 21:49:52.796820,92.15
AI0355,Summer 2026,Essay,True,0.5143,1451,8,27.5132,2026-05-16 21:49:52.798764,79.53
AI0356,Fall 2026,Essay,True,0.5933,1382,9,32.1465,2026-04-08 21:49:52.799913,77.77
AI0357,Fall 2026,Essay,True,0.5529,2059,11,37.292,2026-04-01 21:49:52.801201,76.29
AI0358,Fall 2026,Case Study,False,0.4888,1119,7,31.3568,2026-03-25 21:49:52.801737,72.96
AI0359,Summer 2026,Case Study,False,0.4194,2125,9,17.0032,2026-05-07 21:49:52.803280,70.88
AI0360,Fall 2026,Literature Review,False,0.6047,1163,10,39.5592,2026-03-15 21:49:52.803842,69.87
AI0361,Fall 2026,Case Study,False,0.3622,1067,7,53.7186,2026-07-24 21:49:52.804212,82.41
AI0362,Fall 2025,Lab Report,False,0.1261,1589,12,27.8246,2026-06-14 21:49:52.804501,87.04
AI0363,Fall 2026,Essay,True,0.6343,1420,8,19.1068,2026-08-10 21:49:52.804749,75.39
AI0364,Fall 2026,Research Paper,True,0.4687,1539,6,23.5669,2026-03-18 21:49:52.810043,78.18
AI0365,Fall 2026,Case Study,True,0.414,1114,6,33.5321,2026-07-27 21:49:52.811314,78.93
AI0366,Fall 2025,Essay,False,0.2837,1488,6,37.0726,2026-07-01 21:49:52.811632,76.45
AI0367,Fall 2026,Case Study,False,0.4433,1257,11,11.0153,2026-07-07 21:49:52.811986,59.75
AI0368,Fall 2025,Research Paper,False,0.2062,968,8,38.7138,2026-06-20 21:49:52.812342,85.95
AI0369,Fall 2026,Essay,True,0.5356,1470,8,39.7211,2026-08-10 21:49:52.812592,75.17
AI0370,Fall 2026,Literature Review,True,0.6887,1569,13,44.7003,2026-03-31 21:49:52.812854,77.76
AI0371,Summer 2026,Essay,True,0.5048,1283,7,4.3788,2026-06-30 21:49:52.813305,89.72
AI0372,Fall 2026,Essay,False,0.6279,1674,3,23.8669,2026-03-23 21:49:52.816727,82.53
AI0373,Spring 2026,Lab Report,False,0.2208,1153,11,26.4812,2026-09-04 21:49:52.826540,77.58
AI0374,Fall 2026,Research Paper,True,0.5493,1571,6,28.1017,2026-08-13 21:49:52.829922,77.63
AI0375,Fall 2025,Lab Report,False,0.1045,1306,7,36.2821,2026-09-06 21:49:52.833125,100.0
AI0376,Summer 2026,Literature Review,True,0.5167,886,10,24.2609,2026-03-16 21:49:52.836116,73.88
AI0377,Fall 2026,Essay,False,0.625,1535,8,12.0899,2026-06-11 21:49:52.837591,55.79
AI0378,Spring 2026,Essay,True,0.4333,1006,10,47.7022,2026-06-05 21:49:52.838512,77.66
AI0379,Fall 2026,Case Study,False,0.4096,1649,8,30.1087,2026-05-29 21:49:52.844358,80.15
AI0380,Spring 2026,Research Paper,True,0.3846,1567,7,8.1841,2026-08-08 21:49:52.844863,76.84
AI0381,Fall 2026,Literature Review,True,0.6268,1801,10,36.7963,2026-08-01 21:49:52.845565,71.97
AI0382,Spring 2026,Literature Review,True,0.3944,1252,6,17.2634,2026-07-17 21:49:52.846131,78.2
AI0383,Fall 2026,Research Paper,False,0.6046,1734,6,24.886,2026-07-07 21:49:52.846602,80.5
AI0384,Spring 2026,Lab Report,False,0.183,1891,7,57.2291,2026-04-09 21:49:52.847070,70.26
AI0385,Summer 2026,Research Paper,False,0.4371,356,8,23.6085,2026-08-02 21:49:52.849125,65.63
AI0386,Fall 2026,Lab Report,True,0.4234,1378,4,42.2393,2026-04-09 21:49:52.849744,79.23
AI0387,Fall 2026,Case Study,False,0.4733,1539,8,24.7307,2026-04-26 21:49:52.851340,73.67
AI0388,Spring 2026,Case Study,False,0.295,1534,9,61.0172,2026-04-04 21:49:52.851931,71.23
AI0389,Spring 2026,Literature Review,False,0.3999,1371,12,78.2758,2026-06-24 21:49:52.852696,68.53
AI0390,Spring 2026,Literature Review,False,0.5029,1523,7,35.6322,2026-04-20 21:49:52.853149,83.59
AI0391,Spring 2026,Case Study,False,0.2313,2127,6,32.4265,2026-07-29 21:49:52.853416,66.13
AI0392,Fall 2026,Lab Report,True,0.4452,2540,5,26.2198,2026-06-02 21:49:52.853667,72.72
AI0393,Summer 2026,Lab Report,False,0.3145,970,10,34.4451,2026-07-22 21:49:52.853972,71.36
AI0394,Spring 2026,Lab Report,True,0.2183,1578,11,15.157,2026-08-15 21:49:52.854802,81.69
AI0395,Fall 2026,Case Study,True,0.4478,1873,4,45.2117,2026-07-23 21:49:52.855590,73.22
AI0396,Fall 2026,Case Study,False,0.4347,870,5,17.8636,2026-06-28 21:49:52.856375,67.7
AI0397,Fall 2026,Lab Report,True,0.4146,2515,6,55.8158,2026-05-15 21:49:52.857355,78.93
AI0398,Fall 2025,Case Study,False,0.1455,914,8,57.2674,2026-08-17 21:49:52.858707,58.24
AI0399,Fall 2025,Research Paper,True,0.2733,1316,13,21.8602,2026-05-18 21:49:52.859342,70.53
AI0400,Fall 2026,Literature Review,True,0.7233,1460,5,15.507,2026-06-20 21:49:52.859840,80.87
AI0401,Spring 2026,Essay,False,0.3015,1142,11,5.5715,2026-05-25 21:49:52.860398,84.38
AI0402,Fall 2026,Literature Review,True,0.6711,1380,7,25.6785,2026-06-20 21:49:52.860869,74.64
AI0403,Spring 2026,Essay,False,0.4017,1739,8,28.7554,2026-03-14 21:49:52.861265,82.54
AI0404,Summer 2026,Lab Report,False,0.3152,1226,9,63.0887,2026-04-10 21:49:52.861533,91.67
AI0405,Spring 2026,Case Study,False,0.2355,1741,5,66.9556,2026-05-28 21:49:52.861930,79.49
AI0406,Summer 2026,Literature Review,False,0.462,1626,10,22.5474,2026-04-23 21:49:52.862418,84.55
AI0407,Summer 2026,Literature Review,True,0.5473,1745,13,12.1514,2026-06-19 21:49:52.862861,74.65
AI0408,Spring 2026,Lab Report,False,0.1582,1204,8,18.8627,2026-05-03 21:49:52.863560,84.8
AI0409,Fall 2026,Lab Report,False,0.3671,1485,7,42.437,2026-07-27 21:49:52.865447,67.21
AI0410,Fall 2026,Case Study,False,0.457,694,5,20.7213,2026-04-15 21:49:52.865893,46.93
AI0411,Spring 2026,Case Study,False,0.2496,1450,6,47.5717,2026-08-29 21:49:52.866729,79.26
AI0412,Summer 2026,Essay,True,0.4018,1708,10,35.9722,2026-04-04 21:49:52.867709,70.57
AI0413,Fall 2026,Literature Review,True,0.6573,1519,11,47.3384,2026-03-24 21:49:52.868372,80.68
AI0414,Spring 2026,Literature Review,False,0.3792,1553,8,28.3781,2026-08-29 21:49:52.869169,77.04
AI0415,Spring 2026,Research Paper,False,0.4435,1675,7,41.4674,2026-03-12 21:49:52.869712,75.88
AI0416,Spring 2026,Case Study,False,0.2495,1975,8,22.0369,2026-07-22 21:49:52.870209,74.94
AI0417,Spring 2026,Lab Report,False,0.1844,2454,3,31.2136,2026-05-22 21:49:52.870701,68.56
AI0418,Fall 2026,Case Study,False,0.4345,939,10,18.0395,2026-06-22 21:49:52.871244,88.84
AI0419,Spring 2026,Literature Review,False,0.4882,1524,8,34.275,2026-08-23 21:49:52.871733,61.87
AI0420,Spring 2026,Lab Report,False,0.2219,1471,7,53.1345,2026-07-12 21:49:52.872236,87.19
AI0421,Fall 2026,Case Study,True,0.4364,1873,5,13.9383,2026-05-12 21:49:52.872697,71.07
AI0422,Spring 2026,Research Paper,True,0.4254,1404,9,46.3006,2026-06-09 21:49:52.873193,75.19
AI0423,Summer 2026,Case Study,False,0.2915,1153,8,33.5544,2026-08-05 21:49:52.873657,87.19
AI0424,Summer 2026,Literature Review,False,0.5765,1507,6,46.2016,2026-08-21 21:49:52.874662,70.67
AI0425,Fall 2026,Research Paper,True,0.5423,1718,9,40.3762,2026-08-07 21:49:52.875474,82.91
AI0426,Fall 2026,Case Study,False,0.5035,1531,4,35.2995,2026-03-23 21:49:52.876284,83.68
AI0427,Summer 2026,Literature Review,True,0.6115,1327,4,52.6931,2026-07-05 21:49:52.877971,78.23
AI0428,Summer 2026,Case Study,False,0.3445,2403,8,13.5494,2026-04-17 21:49:52.878777,86.63
AI0429,Fall 2026,Lab Report,False,0.3562,1722,8,29.9693,2026-04-19 21:49:52.879139,81.66
AI0430,Spring 2026,Case Study,False,0.232,1325,12,42.6498,2026-07-18 21:49:52.879397,68.52
AI0431,Spring 2026,Literature Review,False,0.4469,1024,4,21.0751,2026-06-24 21:49:52.879641,68.59
AI0432,Fall 2026,Case Study,True,0.4908,1463,10,7.2359,2026-05-06 21:49:52.879920,77.33
AI0433,Summer 2026,Case Study,True,0.3433,2018,6,27.8593,2026-07-30 21:49:52.880202,71.73
AI0434,Summer 2026,Literature Review,False,0.5735,1875,7,24.3311,2026-08-22 21:49:52.881977,61.06
AI0435,Fall 2026,Essay,False,0.5232,2041,11,65.1887,2026-07-17 21:49:52.882658,91.45
AI0436,Fall 2026,Literature Review,True,0.6419,1086,12,13.6242,2026-06-12 21:49:52.883194,74.67
AI0437,Fall 2026,Lab Report,True,0.3444,1680,8,11.4479,2026-05-24 21:49:52.883747,78.38
AI0438,Fall 2026,Essay,False,0.608,1346,8,22.1686,2026-05-05 21:49:52.884706,93.15
AI0439,Summer 2026,Literature Review,False,0.4789,1347,5,16.775,2026-06-03 21:49:52.885495,77.58
AI0440,Fall 2026,Case Study,True,0.3808,1784,11,9.4957,2026-03-14 21:49:52.886421,71.97
AI0441,Spring 2026,Case Study,False,0.2638,1334,7,82.0136,2026-06-13 21:49:52.886793,75.31
AI0442,Spring 2026,Research Paper,False,0.2475,2412,10,42.6096,2026-05-29 21:49:52.887053,76.13
AI0443,Summer 2026,Literature Review,False,0.4764,1663,10,11.5434,2026-06-26 21:49:52.887328,79.08
AI0444,Spring 2026,Lab Report,True,0.2211,1552,11,35.0785,2026-03-19 21:49:52.887591,75.17
AI0445,Summer 2026,Research Paper,False,0.4243,1098,12,35.6601,2026-06-26 21:49:52.887878,81.06
AI0446,Summer 2026,Case Study,False,0.3145,1904,5,57.1219,2026-04-26 21:49:52.888146,74.92
AI0447,Spring 2026,Case Study,False,0.2386,1098,6,21.3508,2026-08-10 21:49:52.889338,62.39
AI0448,Fall 2025,Case Study,False,0.1505,1737,7,57.9275,2026-06-25 21:49:52.890178,92.22
AI0449,Summer 2026,Case Study,True,0.3906,1457,11,41.0872,2026-06-08 21:49:52.891250,80.52
AI0450,Fall 2026,Lab Report,True,0.4982,1662,6,31.5341,2026-04-07 21:49:52.892457,69.83
AI0451,Fall 2026,Literature Review,True,0.6583,1728,13,4.2561,2026-07-09 21:49:52.892789,80.2
AI0452,Fall 2026,Literature Review,True,0.7531,1130,9,25.9668,2026-04-15 21:49:52.893068,83.32
AI0453,Fall 2026,Literature Review,False,0.5927,1269,7,33.2511,2026-08-10 21:49:52.893337,59.28
AI0454,Fall 2026,Case Study,False,0.4859,1813,9,14.4853,2026-06-13 21:49:52.893608,78.56
AI0455,Summer 2026,Literature Review,True,0.5924,1056,3,36.9426,2026-07-08 21:49:52.893855,68.43
AI0456,Fall 2026,Case Study,False,0.4582,1117,2,28.7228,2026-08-04 21:49:52.894112,59.32
AI0457,Spring 2026,Research Paper,False,0.3612,1495,10,67.509,2026-05-22 21:49:52.894384,85.81
AI0458,Summer 2026,Literature Review,True,0.6318,1530,7,35.2628,2026-04-03 21:49:52.894625,75.28
AI0459,Spring 2026,Lab Report,False,0.2582,1086,11,42.4278,2026-05-10 21:49:52.894884,74.6
AI0460,Fall 2025,Lab Report,False,0.097,809,7,32.7026,2026-05-11 21:49:52.895220,78.74
AI0461,Fall 2025,Research Paper,False,0.1744,1386,6,57.8231,2026-07-24 21:49:52.895476,67.54
AI0462,Spring 2026,Research Paper,False,0.3702,1446,8,21.2415,2026-04-26 21:49:52.895721,75.51
AI0463,Fall 2025,Case Study,False,0.2088,1509,8,10.9451,2026-07-02 21:49:52.896020,67.14
AI0464,Fall 2026,Literature Review,False,0.5554,1217,5,62.4805,2026-05-25 21:49:52.896341,79.65
AI0465,Fall 2025,Research Paper,True,0.2415,820,8,9.9637,2026-09-04 21:49:52.896594,74.35
AI0466,Fall 2026,Lab Report,False,0.4058,2136,3,35.5532,2026-03-23 21:49:52.896842,90.26
AI0467,Fall 2026,Research Paper,True,0.6117,1118,5,18.2936,2026-06-12 21:49:52.899638,84.8
AI0468,Summer 2026,Essay,True,0.4858,1332,4,60.7643,2026-08-19 21:49:52.901113,77.8
AI0469,Fall 2026,Research Paper,True,0.5267,1804,7,15.6596,2026-06-13 21:49:52.902800,82.31
AI0470,Fall 2025,Literature Review,False,0.4095,1497,10,63.4118,2026-05-24 21:49:52.903588,72.88
AI0471,Spring 2026,Essay,False,0.4437,1129,9,73.3935,2026-07-11 21:49:52.904155,83.66
AI0472,Spring 2026,Essay,False,0.4126,1886,14,55.2265,2026-07-02 21:49:52.904647,63.68
AI0473,Fall 2026,Lab Report,True,0.3683,977,9,29.7135,2026-04-12 21:49:52.905155,80.1
AI0474,Summer 2026,Research Paper,False,0.4518,1972,11,40.1125,2026-03-31 21:49:52.905608,66.64
AI0475,Fall 2026,Case Study,True,0.4647,878,7,47.7347,2026-03-14 21:49:52.906244,80.69
AI0476,Fall 2026,Lab Report,True,0.4295,2232,9,46.9149,2026-08-18 21:49:52.911996,84.83
AI0477,Fall 2026,Lab Report,True,0.4153,1130,14,26.0326,2026-05-29 21:49:52.912635,78.51
AI0478,Fall 2025,Research Paper,True,0.2224,1392,3,26.2653,2026-07-20 21:49:52.913471,75.17
AI0479,Fall 2026,Literature Review,True,0.6804,2244,11,42.4652,2026-08-06 21:49:52.918044,65.69
AI0480,Spring 2026,Lab Report,True,0.1617,1432,10,25.2924,2026-07-01 21:49:52.919801,73.58
AI0481,Fall 2026,Lab Report,True,0.3968,1110,3,10.7233,2026-03-21 21:49:52.920161,65.64
AI0482,Fall 2025,Case Study,False,0.1446,1420,4,28.6615,2026-04-19 21:49:52.920424,60.84
AI0483,Fall 2026,Essay,True,0.5915,1231,10,19.463,2026-06-05 21:49:52.920675,81.19
AI0484,Fall 2026,Essay,True,0.5411,1171,6,11.0203,2026-06-26 21:49:52.920931,75.08
AI0485,Fall 2026,Case Study,False,0.4871,1557,9,36.9548,2026-08-01 21:49:52.921228,63.86
AI0486,Summer 2026,Literature Review,True,0.5119,1339,15,7.6202,2026-06-18 21:49:52.921573,83.2
AI0487,Summer 2026,Research Paper,False,0.4376,2181,6,24.6915,2026-05-17 21:49:52.926193,63.87
AI0488,Spring 2026,Research Paper,False,0.3764,1126,3,17.6291,2026-08-18 21:49:52.927436,92.93
AI0489,Fall 2026,Essay,True,0.4706,1624,9,48.7861,2026-05-30 21:49:52.927982,76.05
AI0490,Summer 2026,Essay,False,0.5424,1256,9,11.9924,2026-08-06 21:49:52.928476,69.35
AI0491,Summer 2026,Essay,False,0.462,1510,4,4.421,2026-03-17 21:49:52.928938,46.62
AI0492,Summer 2026,Literature Review,True,0.5206,1652,8,52.3633,2026-04-27 21:49:52.929636,76.84
AI0493,Fall 2025,Literature Review,True,0.3171,1174,10,28.9569,2026-09-06 21:49:52.930291,73.57
AI0494,Fall 2025,Lab Report,False,0.1739,1338,10,12.0419,2026-06-24 21:49:52.932816,75.62
AI0495,Summer 2026,Case Study,False,0.4045,1743,9,18.5582,2026-05-23 21:49:52.933898,74.98
AI0496,Fall 2026,Essay,False,0.5342,1597,12,39.0786,2026-06-25 21:49:52.934463,93.25
AI0497,Fall 2026,Case Study,True,0.4452,1445,8,22.3011,2026-05-12 21:49:52.935501,88.42
AI0498,Fall 2026,Case Study,False,0.4725,1316,7,67.8506,2026-05-17 21:49:52.936079,84.98
AI0499,Spring 2026,Literature Review,False,0.5419,1642,9,34.1027,2026-06-12 21:49:52.936580,71.9
AI0500,Fall 2026,Literature Review,True,0.6641,1835,9,47.4331,2026-06-29 21:49:52.937135,74.17
AI0501,Fall 2026,Literature Review,True,0.5727,1282,8,61.5062,2026-04-17 21:49:52.937625,76.27
AI0502,Fall 2026,Literature Review,True,0.5836,1494,9,27.7021,2026-03-30 21:49:52.938133,78.25
AI0503,Spring 2026,Case Study,False,0.2418,1687,8,48.4444,2026-07-19 21:49:52.938640,84.5
AI0504,Spring 2026,Case Study,False,0.2093,1155,5,65.8687,2026-04-29 21:49:52.939143,62.49
AI0505,Summer 2026,Literature Review,True,0.518,1655,6,14.953,2026-05-23 21:49:52.939627,78.96
AI0506,Spring 2026,Lab Report,False,0.1989,1162,10,34.7268,2026-08-26 21:49:52.940127,64.23
AI0507,Summer 2026,Research Paper,True,0.3937,1263,5,21.804,2026-07-28 21:49:52.940570,77.21
AI0508,Summer 2026,Lab Report,True,0.281,1599,9,28.5767,2026-04-23 21:49:52.941084,80.85
AI0509,Fall 2025,Lab Report,False,0.0675,1744,12,28.469,2026-05-21 21:49:52.941998,56.25
AI0510,Fall 2026,Literature Review,True,0.6582,1622,9,6.9918,2026-06-30 21:49:52.942688,82.34
AI0511,Summer 2026,Essay,False,0.4121,1682,3,18.5011,2026-05-11 21:49:52.943325,89.91
AI0512,Summer 2026,Essay,False,0.4824,1709,10,61.1858,2026-05-13 21:49:52.944513,73.8
AI0513,Spring 2026,Lab Report,False,0.1788,1659,6,17.5547,2026-03-17 21:49:52.945696,66.65
AI0514,Spring 2026,Research Paper,False,0.37,2212,8,24.5293,2026-06-18 21:49:52.946337,80.17
AI0515,Fall 2026,Literature Review,False,0.6029,1576,9,41.0125,2026-06-23 21:49:52.946607,93.53
AI0516,Spring 2026,Essay,False,0.3945,1727,8,5.793,2026-06-23 21:49:52.946874,72.43
AI0517,Fall 2026,Literature Review,False,0.6313,2290,6,64.1349,2026-08-14 21:49:52.948626,81.93
AI0518,Spring 2026,Essay,True,0.3769,1594,13,19.1532,2026-05-07 21:49:52.949169,68.53
AI0519,Spring 2026,Case Study,False,0.2242,1399,7,26.5182,2026-08-16 21:49:52.949935,68.19
AI0520,Spring 2026,Lab Report,False,0.2487,1123,4,45.4556,2026-08-07 21:49:52.950817,82.81
AI0521,Fall 2025,Essay,True,0.3162,2471,9,33.3789,2026-04-19 21:49:52.951459,73.29
AI0522,Spring 2026,Case Study,True,0.2539,1766,9,35.2793,2026-07-09 21:49:52.952784,72.8
AI0523,Fall 2026,Case Study,False,0.4178,1415,4,18.5066,2026-09-05 21:49:52.953566,70.32
AI0524,Spring 2026,Essay,False,0.414,1841,9,13.8969,2026-06-21 21:49:52.954094,70.26
AI0525,Summer 2026,Lab Report,False,0.3108,1325,14,18.9303,2026-09-03 21:49:52.954557,74.5
AI0526,Spring 2026,Lab Report,False,0.2879,1838,9,31.2506,2026-04-01 21:49:52.955020,71.55
AI0527,Spring 2026,Essay,True,0.4249,1662,8,22.3148,2026-06-22 21:49:52.955471,79.09
AI0528,Fall 2026,Literature Review,True,0.757,1218,8,26.3231,2026-06-29 21:49:52.956533,80.17
AI0529,Fall 2026,Case Study,True,0.4706,1763,11,64.0646,2026-04-30 21:49:52.957259,73.54
AI0530,Summer 2026,Case Study,False,0.4006,2115,9,20.4127,2026-08-17 21:49:52.958110,71.8
AI0531,Fall 2026,Case Study,True,0.4075,1856,13,60.6744,2026-04-01 21:49:52.959736,69.0
AI0532,Summer 2026,Literature Review,True,0.5464,1581,7,16.1663,2026-07-18 21:49:52.960473,81.51
AI0533,Fall 2025,Literature Review,False,0.3635,1863,11,15.8697,2026-07-03 21:49:52.961131,72.68
AI0534,Fall 2026,Research Paper,True,0.528,1200,9,52.5669,2026-06-23 21:49:52.961654,73.57
AI0535,Spring 2026,Lab Report,False,0.2172,1239,9,19.3933,2026-05-02 21:49:52.962011,63.86
AI0536,Spring 2026,Essay,True,0.4093,2126,5,37.9564,2026-05-17 21:49:52.962687,81.98
AI0537,Fall 2025,Case Study,False,0.0816,1532,13,19.479,2026-04-03 21:49:52.963193,79.28
AI0538,Spring 2026,Research Paper,False,0.4067,1235,10,15.9192,2026-07-26 21:49:52.963653,82.0
AI0539,Fall 2026,Lab Report,False,0.4106,1605,14,46.3906,2026-06-12 21:49:52.965608,61.18
AI0540,Spring 2026,Case Study,False,0.1551,2229,7,23.4919,2026-03-13 21:49:52.966384,61.83
AI0541,Summer 2026,Lab Report,True,0.346,1113,4,59.1413,2026-08-31 21:49:52.966900,68.68
AI0542,Fall 2026,Literature Review,True,0.6398,1161,7,13.4417,2026-05-22 21:49:52.967450,81.39
AI0543,Summer 2026,Case Study,False,0.2961,1044,6,6.3716,2026-08-30 21:49:52.967940,66.99
AI0544,Fall 2026,Literature Review,True,0.7661,941,9,20.9699,2026-07-04 21:49:52.968440,78.53
AI0545,Spring 2026,Essay,False,0.4207,1287,6,44.0917,2026-07-01 21:49:52.968985,70.92
AI0546,Fall 2026,Lab Report,True,0.3844,2715,12,38.6191,2026-07-09 21:49:52.969478,74.29
AI0547,Fall 2025,Case Study,True,0.1647,2163,6,23.3628,2026-07-07 21:49:52.969940,83.23
AI0548,Fall 2025,Research Paper,True,0.2473,1083,8,44.4016,2026-06-26 21:49:52.970411,75.24
AI0549,Fall 2026,Literature Review,True,0.6445,1315,7,42.7883,2026-05-23 21:49:52.970874,79.34
AI0550,Spring 2026,Lab Report,False,0.1073,2089,8,10.2678,2026-03-18 21:49:52.971936,81.72
AI0551,Fall 2026,Lab Report,False,0.356,1399,9,11.1884,2026-05-09 21:49:52.972728,78.45
AI0552,Summer 2026,Case Study,False,0.3498,1695,7,56.05,2026-03-16 21:49:52.973782,64.73
AI0553,Spring 2026,Essay,True,0.4525,1586,4,12.7739,2026-06-24 21:49:52.974179,77.9
AI0554,Spring 2026,Research Paper,False,0.3468,1103,3,21.6359,2026-04-02 21:49:52.974451,77.07
AI0555,Summer 2026,Research Paper,False,0.4061,1717,11,39.7642,2026-06-15 21:49:52.974725,75.0
AI0556,Fall 2026,Literature Review,False,0.6325,1887,9,7.4207,2026-06-06 21:49:52.974976,80.21
AI0557,Summer 2026,Research Paper,True,0.5221,639,7,31.1729,2026-03-17 21:49:52.975231,87.12
AI0558,Fall 2026,Literature Review,True,0.6137,1200,7,47.9141,2026-03-12 21:49:52.975480,81.46
AI0559,Summer 2026,Lab Report,False,0.3951,1875,8,8.3551,2026-05-07 21:49:52.975727,56.06
AI0560,Fall 2026,Literature Review,False,0.596,1659,9,41.139,2026-04-30 21:49:52.975975,57.82
AI0561,Fall 2026,Case Study,False,0.5393,1632,6,24.8798,2026-06-02 21:49:52.976220,58.6
AI0562,Fall 2026,Case Study,False,0.3943,1592,3,37.4788,2026-03-27 21:49:52.976461,70.92
AI0563,Fall 2025,Literature Review,False,0.3156,1293,9,38.5051,2026-06-09 21:49:52.976702,85.81
AI0564,Summer 2026,Case Study,False,0.3402,1410,3,18.5517,2026-04-27 21:49:52.976980,71.37
AI0565,Summer 2026,Research Paper,True,0.3489,925,11,21.0119,2026-05-22 21:49:52.977509,80.35
AI0566,Fall 2026,Literature Review,True,0.5768,1498,12,55.1425,2026-04-06 21:49:52.977800,74.51
AI0567,Spring 2026,Lab Report,False,0.1814,1529,6,11.0091,2026-04-24 21:49:52.978069,98.34
AI0568,Fall 2026,Research Paper,True,0.5092,1414,4,29.164,2026-09-03 21:49:52.978314,69.79
AI0569,Fall 2026,Case Study,True,0.4404,1369,4,22.2727,2026-04-14 21:49:52.978588,86.98
AI0570,Fall 2025,Literature Review,False,0.3317,1725,14,11.0369,2026-07-25 21:49:52.978882,67.81
AI0571,Fall 2026,Literature Review,True,0.7003,1782,9,20.014,2026-05-14 21:49:52.979170,81.6
AI0572,Fall 2026,Literature Review,True,0.631,1510,11,21.2005,2026-04-27 21:49:52.979424,78.9
AI0573,Fall 2026,Research Paper,True,0.4599,1534,8,15.4264,2026-07-22 21:49:52.979672,71.27
AI0574,Spring 2026,Case Study,False,0.2072,1443,7,18.2312,2026-03-21 21:49:52.980096,78.3
AI0575,Fall 2026,Literature Review,True,0.6786,771,9,81.5642,2026-07-07 21:49:52.980895,78.09
AI0576,Spring 2026,Lab Report,False,0.1967,1610,7,57.3447,2026-09-01 21:49:52.981743,64.67
AI0577,Fall 2026,Lab Report,False,0.3895,1194,6,50.8983,2026-04-23 21:49:52.982234,77.46
AI0578,Fall 2025,Research Paper,False,0.2281,1867,11,46.5854,2026-04-28 21:49:52.982490,53.72
AI0579,Fall 2025,Literature Review,False,0.3176,1294,6,45.2646,2026-07-22 21:49:52.982737,73.73
AI0580,Summer 2026,Literature Review,False,0.4603,1310,7,39.9513,2026-06-03 21:49:52.983000,76.64
AI0581,Summer 2026,Research Paper,False,0.4041,1323,6,21.2427,2026-04-26 21:49:52.983245,95.0
AI0582,Fall 2026,Essay,True,0.5905,499,9,9.1962,2026-05-07 21:49:52.983486,75.69
AI0583,Fall 2025,Literature Review,True,0.3188,1187,9,46.7098,2026-05-13 21:49:52.983733,89.38
AI0584,Fall 2025,Literature Review,True,0.3665,1717,8,62.466,2026-04-07 21:49:52.983988,76.28
AI0585,Fall 2026,Literature Review,False,0.6971,1481,8,33.7638,2026-05-20 21:49:52.984265,87.63
AI0586,Spring 2026,Essay,False,0.3766,1642,8,24.1052,2026-08-31 21:49:52.984507,48.82
AI0587,Fall 2026,Research Paper,True,0.5099,744,10,23.2201,2026-05-12 21:49:52.984750,77.36
AI0588,Fall 2026,Essay,True,0.6838,1566,10,69.8694,2026-08-08 21:49:52.985002,76.0
AI0589,Summer 2026,Literature Review,False,0.5659,1096,12,8.9893,2026-09-02 21:49:52.985252,81.47
AI0590,Summer 2026,Lab Report,True,0.3187,1276,7,36.3023,2026-04-13 21:49:52.985495,73.96
AI0591,Fall 2025,Lab Report,False,0.1435,2464,9,17.5674,2026-04-01 21:49:52.985769,75.03
AI0592,Fall 2025,Lab Report,False,0.1061,1145,4,9.9065,2026-07-29 21:49:52.986072,88.79
AI0593,Fall 2026,Lab Report,False,0.3257,1826,5,67.5353,2026-08-21 21:49:52.986335,84.25
AI0594,Fall 2026,Literature Review,False,0.6136,1603,13,34.7428,2026-03-26 21:49:52.986604,62.61
AI0595,Fall 2026,Research Paper,True,0.5887,1079,8,34.9638,2026-07-17 21:49:52.986849,75.73
AI0596,Summer 2026,Lab Report,True,0.3573,2411,5,37.4164,2026-03-14 21:49:52.987103,79.43
AI0597,Summer 2026,Research Paper,True,0.532,2064,16,55.2438,2026-03-25 21:49:52.987352,72.02
AI0598,Summer 2026,Literature Review,False,0.508,1318,4,11.2808,2026-03-20 21:49:52.987601,79.9
AI0599,Summer 2026,Literature Review,True,0.5761,1281,11,6.2374,2026-04-19 21:49:52.987844,74.19
AI0600,Summer 2026,Case Study,False,0.3835,1879,10,51.0342,2026-08-18 21:49:52.988098,58.35
AI0601,Fall 2026,Lab Report,False,0.3412,1945,5,15.1349,2026-08-12 21:49:52.988341,63.24
AI0602,Spring 2026,Research Paper,True,0.4294,1797,8,33.0743,2026-08-08 21:49:52.988583,79.18
AI0603,Fall 2026,Lab Report,True,0.4391,1674,13,30.1128,2026-07-25 21:49:52.988830,76.82
AI0604,Fall 2026,Essay,True,0.6029,1834,6,61.6286,2026-06-08 21:49:52.989105,79.62
AI0605,Spring 2026,Literature Review,False,0.442,1564,9,30.391,2026-06-22 21:49:52.989355,78.0
AI0606,Summer 2026,Lab Report,False,0.2697,1513,5,22.4675,2026-08-20 21:49:52.989596,69.72
AI0607,Spring 2026,Lab Report,False,0.2357,1763,7,41.6381,2026-08-03 21:49:52.989838,75.2
AI0608,Summer 2026,Essay,False,0.4373,848,12,44.5882,2026-08-06 21:49:52.990086,75.98
AI0609,Spring 2026,Literature Review,False,0.3591,2363,14,42.673,2026-07-12 21:49:52.990331,74.75
AI0610,Fall 2026,Case Study,True,0.5127,1603,10,39.6174,2026-07-14 21:49:52.990570,83.48
AI0611,Fall 2026,Literature Review,True,0.7125,2522,7,59.7078,2026-08-19 21:49:52.990816,74.11
AI0612,Spring 2026,Essay,True,0.3882,1663,4,33.513,2026-03-15 21:49:52.991066,89.79
AI0613,Spring 2026,Lab Report,False,0.2156,1206,5,12.796,2026-05-19 21:49:52.991336,83.69
AI0614,Spring 2026,Research Paper,True,0.4272,1516,10,30.5504,2026-07-24 21:49:52.991587,76.55
AI0615,Fall 2026,Case Study,True,0.4902,2183,3,3.4544,2026-04-10 21:49:52.991838,78.42
AI0616,Fall 2025,Lab Report,True,0.1156,843,7,33.7804,2026-08-08 21:49:52.992106,82.32
AI0617,Fall 2026,Case Study,False,0.4607,1620,10,27.7126,2026-08-03 21:49:52.992359,72.32
AI0618,Fall 2026,Essay,True,0.5972,661,8,75.3285,2026-06-11 21:49:52.992602,73.72
AI0619,Fall 2026,Lab Report,True,0.3117,1384,8,18.6892,2026-08-26 21:49:52.992848,77.57
AI0620,Fall 2026,Literature Review,True,0.667,1377,7,43.5079,2026-07-13 21:49:52.993196,77.79
AI0621,Spring 2026,Research Paper,True,0.3296,1821,13,55.113,2026-06-03 21:49:52.993595,80.78
AI0622,Summer 2026,Literature Review,True,0.5228,1545,9,55.9883,2026-07-26 21:49:52.993861,77.28
AI0623,Fall 2026,Case Study,False,0.5092,1181,5,10.3705,2026-06-20 21:49:52.994123,73.59
AI0624,Fall 2025,Case Study,True,0.2307,924,8,44.0057,2026-06-07 21:49:52.994372,87.52
AI0625,Summer 2026,Research Paper,True,0.4452,1462,8,53.9695,2026-05-14 21:49:52.994622,76.05
AI0626,Spring 2026,Research Paper,True,0.3073,1497,13,31.5704,2026-03-16 21:49:52.994875,78.09
AI0627,Spring 2026,Literature Review,True,0.4682,1262,5,33.0016,2026-03-16 21:49:52.995156,78.57
AI0628,Fall 2026,Essay,False,0.6028,1179,8,10.8967,2026-05-06 21:49:52.995407,64.27
AI0629,Summer 2026,Lab Report,True,0.3375,2123,11,45.5441,2026-05-22 21:49:52.995649,70.01
AI0630,Fall 2025,Research Paper,True,0.2229,1943,12,41.2831,2026-07-20 21:49:52.995897,80.55
AI0631,Fall 2025,Research Paper,False,0.1807,1409,7,89.0735,2026-05-24 21:49:52.996162,70.86
AI0632,Fall 2026,Literature Review,False,0.6954,812,8,39.9042,2026-08-06 21:49:52.996424,92.02
AI0633,Spring 2026,Literature Review,False,0.356,1890,6,33.5767,2026-04-18 21:49:52.996687,64.49
AI0634,Summer 2026,Lab Report,True,0.3794,1651,9,43.9661,2026-08-01 21:49:52.996967,82.84
AI0635,Summer 2026,Literature Review,False,0.5401,1298,10,19.4263,2026-07-17 21:49:52.998361,98.22
AI0636,Fall 2025,Literature Review,False,0.3085,1067,5,17.7869,2026-04-23 21:49:52.999062,78.32
AI0637,Spring 2026,Literature Review,False,0.3846,1504,5,80.5142,2026-05-19 21:49:52.999541,90.11
AI0638,Summer 2026,Essay,False,0.5594,1126,11,39.1642,2026-06-10 21:49:53.000084,77.42
AI0639,Fall 2025,Essay,True,0.4144,733,9,34.4056,2026-08-12 21:49:53.000541,79.04
AI0640,Summer 2026,Case Study,True,0.3828,1357,7,24.395,2026-08-25 21:49:53.001224,82.73
AI0641,Summer 2026,Research Paper,False,0.4327,1516,6,16.2982,2026-08-21 21:49:53.002235,68.51
AI0642,Fall 2026,Essay,False,0.6012,1405,5,67.7418,2026-04-16 21:49:53.003223,80.31
AI0643,Fall 2025,Literature Review,False,0.2975,1482,12,42.4932,2026-09-06 21:49:53.003964,55.09
AI0644,Summer 2026,Lab Report,True,0.3051,1699,7,51.5103,2026-04-18 21:49:53.004880,78.05
AI0645,Fall 2026,Lab Report,True,0.4132,1975,13,29.4549,2026-04-15 21:49:53.005587,84.77
AI0646,Fall 2026,Case Study,False,0.4537,1294,4,16.9679,2026-04-17 21:49:53.006099,67.09
AI0647,Fall 2026,Lab Report,False,0.3014,1247,1,54.9841,2026-06-22 21:49:53.006567,73.11
AI0648,Fall 2025,Research Paper,False,0.2497,1920,6,38.0095,2026-04-09 21:49:53.007031,97.26
AI0649,Fall 2026,Case Study,False,0.5272,1491,6,4.6725,2026-08-11 21:49:53.007585,74.92
AI0650,Fall 2025,Research Paper,True,0.2691,1180,3,54.8938,2026-04-02 21:49:53.008719,88.19
AI0651,Spring 2026,Essay,True,0.4435,1242,7,5.7137,2026-08-04 21:49:53.009670,77.32
AI0652,Fall 2026,Lab Report,True,0.3882,1335,10,6.25,2026-09-06 21:49:53.010432,80.2
AI0653,Summer 2026,Literature Review,False,0.5812,916,8,16.1736,2026-05-10 21:49:53.010819,81.18
AI0654,Fall 2025,Research Paper,False,0.2703,1383,7,24.5035,2026-07-01 21:49:53.011140,60.08
AI0655,Fall 2026,Research Paper,True,0.5731,1542,13,10.2079,2026-08-06 21:49:53.011397,74.0
AI0656,Fall 2026,Lab Report,True,0.3635,2046,7,10.8161,2026-04-14 21:49:53.011728,76.17
AI0657,Summer 2026,Essay,False,0.5118,632,10,44.9563,2026-05-24 21:49:53.012023,71.32
AI0658,Fall 2026,Case Study,False,0.4358,1413,10,20.3277,2026-07-10 21:49:53.012270,75.0
AI0659,Fall 2026,Case Study,False,0.4416,1689,7,23.8932,2026-08-31 21:49:53.012534,69.06
AI0660,Fall 2026,Essay,False,0.5623,1371,7,67.8262,2026-07-15 21:49:53.012779,77.0
AI0661,Summer 2026,Literature Review,True,0.5749,1357,4,20.1273,2026-03-18 21:49:53.013038,76.92
AI0662,Summer 2026,Essay,False,0.5092,1464,9,18.3709,2026-06-03 21:49:53.013296,66.9
AI0663,Fall 2026,Lab Report,False,0.3978,1664,9,33.7839,2026-07-29 21:49:53.013539,93.63
AI0664,Spring 2026,Case Study,True,0.2875,1308,10,10.952,2026-08-26 21:49:53.014885,77.85
AI0665,Fall 2026,Case Study,True,0.5229,1587,11,38.0818,2026-04-25 21:49:53.015698,76.71
AI0666,Fall 2026,Lab Report,False,0.4568,1064,6,11.0052,2026-09-04 21:49:53.016068,85.02
AI0667,Spring 2026,Research Paper,False,0.3035,1310,5,14.8319,2026-09-03 21:49:53.016910,72.54
AI0668,Summer 2026,Lab Report,False,0.2388,1320,14,40.394,2026-08-11 21:49:53.017856,76.98
AI0669,Fall 2025,Essay,False,0.2411,1530,5,30.0261,2026-04-04 21:49:53.018496,81.98
AI0670,Fall 2026,Essay,False,0.5586,1760,7,24.9581,2026-08-16 21:49:53.019159,65.98
AI0671,Fall 2026,Lab Report,True,0.4601,1133,7,30.6656,2026-04-19 21:49:53.019753,79.95
AI0672,Spring 2026,Lab Report,False,0.2252,1676,7,49.5431,2026-03-22 21:49:53.020310,70.77
AI0673,Summer 2026,Lab Report,False,0.2338,1541,4,25.5218,2026-06-29 21:49:53.020801,83.6
AI0674,Fall 2026,Case Study,True,0.4797,1849,11,9.2312,2026-06-14 21:49:53.021316,78.03
AI0675,Spring 2026,Lab Report,False,0.1639,1361,7,61.5138,2026-07-25 21:49:53.021776,79.51
AI0676,Summer 2026,Case Study,False,0.3319,1084,13,63.1668,2026-04-07 21:49:53.022450,80.57
AI0677,Fall 2026,Essay,True,0.5711,2666,13,59.3955,2026-06-26 21:49:53.023072,77.82
AI0678,Fall 2026,Literature Review,True,0.6097,1672,9,5.925,2026-04-25 21:49:53.023484,78.16
AI0679,Fall 2026,Case Study,True,0.4424,1704,8,39.8526,2026-08-16 21:49:53.023741,76.98
AI0680,Fall 2026,Literature Review,True,0.7277,439,10,18.4584,2026-07-15 21:49:53.024009,72.15
AI0681,Spring 2026,Literature Review,False,0.4438,1575,4,31.2546,2026-07-03 21:49:53.024263,66.3
AI0682,Spring 2026,Research Paper,False,0.338,1448,11,35.6942,2026-05-15 21:49:53.024507,54.35
AI0683,Fall 2026,Literature Review,True,0.7045,1584,9,47.5511,2026-09-05 21:49:53.024753,74.43
AI0684,Summer 2026,Lab Report,True,0.3184,1577,10,21.9753,2026-05-13 21:49:53.025050,74.51
AI0685,Fall 2025,Essay,False,0.298,1370,5,4.5875,2026-06-19 21:49:53.025377,71.95
AI0686,Spring 2026,Case Study,True,0.2132,1198,5,39.1858,2026-08-12 21:49:53.025623,76.93
AI0687,Spring 2026,Lab Report,False,0.2349,1857,8,36.9246,2026-06-05 21:49:53.025872,78.58
AI0688,Fall 2026,Research Paper,True,0.5595,1763,5,2.2219,2026-03-25 21:49:53.026138,73.09
AI0689,Summer 2026,Research Paper,False,0.4613,1734,15,11.0011,2026-07-02 21:49:53.026390,90.58
AI0690,Fall 2026,Lab Report,False,0.3836,1226,8,47.9893,2026-07-22 21:49:53.026634,63.59
AI0691,Fall 2025,Case Study,True,0.0888,1123,5,6.858,2026-05-29 21:49:53.026901,70.77
AI0692,Summer 2026,Literature Review,True,0.6068,1548,8,18.2221,2026-08-28 21:49:53.027181,77.26
AI0693,Fall 2026,Lab Report,True,0.4786,1313,9,39.0475,2026-03-26 21:49:53.027447,68.91
AI0694,Fall 2026,Essay,True,0.682,1798,5,67.4776,2026-06-29 21:49:53.027700,79.98
AI0695,Summer 2026,Essay,False,0.5426,1255,11,18.4254,2026-06-10 21:49:53.027971,89.62
AI0696,Spring 2026,Essay,False,0.4086,927,6,81.7072,2026-08-11 21:49:53.028218,98.89
AI0697,Summer 2026,Literature Review,True,0.6044,1377,11,42.1669,2026-05-04 21:49:53.028462,71.72
AI0698,Fall 2025,Case Study,False,0.2312,1704,7,48.0754,2026-05-26 21:49:53.028710,60.39
AI0699,Summer 2026,Lab Report,False,0.2741,907,16,17.6984,2026-04-14 21:49:53.028967,72.02
AI0700,Spring 2026,Literature Review,False,0.4819,1366,9,42.569,2026-05-10 21:49:53.029219,84.19
AI0701,Spring 2026,Case Study,False,0.2264,1480,5,14.4689,2026-05-03 21:49:53.029462,60.98
AI0702,Summer 2026,Literature Review,True,0.5593,1738,4,41.4466,2026-06-13 21:49:53.029705,75.31
AI0703,Fall 2026,Research Paper,False,0.5203,1681,7,61.2192,2026-04-25 21:49:53.029964,73.44
AI0704,Fall 2025,Lab Report,False,0.1151,1518,7,69.6273,2026-03-21 21:49:53.030207,70.99
AI0705,Fall 2026,Lab Report,True,0.4005,1312,9,3.9577,2026-04-01 21:49:53.031082,75.64
AI0706,Fall 2026,Case Study,False,0.3803,1628,9,59.5649,2026-06-30 21:49:53.031575,68.29
AI0707,Fall 2026,Research Paper,False,0.604,1962,4,28.4661,2026-06-07 21:49:53.032057,70.34
AI0708,Fall 2026,Essay,False,0.6492,1261,5,3.293,2026-07-22 21:49:53.032477,80.66
AI0709,Fall 2026,Essay,True,0.6609,1605,8,28.0897,2026-03-29 21:49:53.032731,65.59
AI0710,Fall 2025,Lab Report,False,0.1271,1860,5,39.1543,2026-08-22 21:49:53.033014,92.8
AI0711,Spring 2026,Case Study,False,0.2141,760,7,31.8547,2026-08-06 21:49:53.033307,64.81
AI0712,Fall 2026,Research Paper,True,0.5739,1868,7,26.7647,2026-03-12 21:49:53.033566,79.93
AI0713,Fall 2026,Lab Report,False,0.3744,1047,7,58.7098,2026-04-05 21:49:53.033815,86.3
AI0714,Fall 2025,Case Study,False,0.1229,1432,4,23.0227,2026-06-03 21:49:53.034063,72.48
AI0715,Fall 2026,Literature Review,False,0.6408,2132,9,69.1264,2026-07-17 21:49:53.034308,84.75
AI0716,Fall 2026,Literature Review,True,0.6363,2048,14,64.1081,2026-07-22 21:49:53.034551,83.1
AI0717,Fall 2026,Literature Review,False,0.6646,1055,8,8.5997,2026-08-28 21:49:53.034800,68.75
AI0718,Fall 2026,Lab Report,False,0.3937,1827,15,24.24,2026-09-07 21:49:53.035057,71.06
AI0719,Fall 2026,Research Paper,True,0.5608,1189,6,28.8969,2026-07-03 21:49:53.035302,87.57
AI0720,Fall 2026,Essay,False,0.6045,1612,6,22.5048,2026-05-11 21:49:53.035550,64.07
AI0721,Fall 2025,Research Paper,False,0.2099,1132,2,47.9783,2026-06-24 21:49:53.035794,77.11
AI0722,Summer 2026,Case Study,False,0.3163,876,8,8.7259,2026-03-18 21:49:53.036042,79.74
AI0723,Fall 2026,Research Paper,True,0.568,2239,5,43.1565,2026-08-11 21:49:53.036286,78.79
AI0724,Summer 2026,Essay,True,0.5663,1135,7,35.8081,2026-06-13 21:49:53.036534,86.38
AI0725,Fall 2026,Lab Report,False,0.3789,1372,11,14.2252,2026-06-11 21:49:53.036798,67.7
AI0726,Summer 2026,Essay,False,0.5054,1507,8,30.9399,2026-04-15 21:49:53.037047,76.23
AI0727,Fall 2026,Literature Review,True,0.7592,1458,6,31.2047,2026-05-30 21:49:53.037290,81.49
AI0728,Fall 2026,Research Paper,False,0.5601,2073,6,48.508,2026-07-16 21:49:53.037537,73.88
AI0729,Fall 2026,Case Study,False,0.4544,925,5,31.9372,2026-03-12 21:49:53.037779,86.26
AI0730,Summer 2026,Case Study,True,0.351,1596,9,25.5017,2026-07-15 21:49:53.038039,84.17
AI0731,Fall 2026,Research Paper,False,0.5192,1322,6,43.0975,2026-07-12 21:49:53.038291,87.11
AI0732,Summer 2026,Lab Report,False,0.3224,2276,10,34.3081,2026-08-08 21:49:53.038531,67.17
AI0733,Fall 2025,Literature Review,True,0.376,1205,9,28.7825,2026-04-10 21:49:53.038772,75.91
AI0734,Fall 2026,Research Paper,False,0.485,1770,9,33.2593,2026-08-09 21:49:53.039025,77.2
AI0735,Fall 2026,Lab Report,True,0.4266,1504,10,65.3349,2026-04-26 21:49:53.039268,69.04
AI0736,Summer 2026,Essay,False,0.5744,1424,6,35.6225,2026-08-21 21:49:53.039516,95.76
AI0737,Summer 2026,Literature Review,True,0.5628,2558,12,31.4732,2026-07-12 21:49:53.039759,74.38
AI0738,Summer 2026,Case Study,False,0.2948,1318,4,31.1117,2026-07-26 21:49:53.040011,90.74
AI0739,Fall 2026,Lab Report,True,0.5134,766,8,22.5991,2026-03-31 21:49:53.040254,85.28
AI0740,Spring 2026,Lab Report,False,0.2369,2140,7,41.307,2026-08-26 21:49:53.040504,74.09
AI0741,Fall 2025,Lab Report,False,0.0421,1214,8,17.2947,2026-07-08 21:49:53.040755,54.41
AI0742,Spring 2026,Essay,True,0.3925,1363,4,33.2802,2026-08-18 21:49:53.041005,71.81
AI0743,Fall 2026,Lab Report,False,0.4834,1606,6,5.8405,2026-08-14 21:49:53.041364,88.83
AI0744,Spring 2026,Literature Review,True,0.5482,2146,12,16.1452,2026-04-12 21:49:53.041712,77.19
AI0745,Fall 2025,Essay,True,0.3737,1386,6,16.5476,2026-04-22 21:49:53.042080,86.08
AI0746,Spring 2026,Lab Report,False,0.1427,1594,7,61.9614,2026-06-20 21:49:53.042396,72.47
AI0747,Spring 2026,Essay,True,0.4516,1120,8,40.2098,2026-08-15 21:49:53.042807,75.44
AI0748,Fall 2025,Essay,False,0.355,1823,2,12.5583,2026-03-22 21:49:53.043139,71.82
AI0749,Summer 2026,Lab Report,False,0.3597,2193,9,80.8113,2026-07-05 21:49:53.043395,79.77
AI0750,Spring 2026,Literature Review,True,0.4298,1777,13,9.4584,2026-05-21 21:49:53.043683,80.85
AI0751,Summer 2026,Essay,True,0.4666,1874,11,6.2626,2026-06-17 21:49:53.043935,75.77
AI0752,Spring 2026,Case Study,False,0.2103,750,4,26.0873,2026-04-18 21:49:53.044193,91.35
AI0753,Summer 2026,Case Study,False,0.2847,1785,7,35.5668,2026-07-19 21:49:53.044437,70.35
AI0754,Fall 2026,Lab Report,True,0.3527,1530,6,51.231,2026-07-02 21:49:53.044689,78.76
AI0755,Spring 2026,Essay,False,0.4416,1356,5,8.6461,2026-04-01 21:49:53.044987,64.72
AI0756,Summer 2026,Literature Review,True,0.6203,1114,8,34.1889,2026-04-27 21:49:53.045250,78.47
AI0757,Fall 2025,Case Study,False,0.1996,1307,7,17.8561,2026-08-14 21:49:53.045500,86.33
AI0758,Fall 2026,Lab Report,True,0.4026,1665,9,29.1964,2026-08-10 21:49:53.045741,78.96
AI0759,Summer 2026,Case Study,False,0.3114,2288,7,27.0658,2026-07-16 21:49:53.046042,76.37
AI0760,Fall 2025,Literature Review,False,0.3086,1992,8,27.9914,2026-08-17 21:49:53.046297,84.62
AI0761,Fall 2026,Lab Report,False,0.3113,1667,7,56.4274,2026-07-20 21:49:53.046554,68.0
AI0762,Spring 2026,Literature Review,True,0.4637,1498,7,10.44,2026-03-14 21:49:53.046799,69.84
AI0763,Fall 2026,Research Paper,False,0.5133,1253,12,18.6131,2026-05-16 21:49:53.047052,89.04
AI0764,Fall 2025,Case Study,False,0.1503,1181,7,48.4594,2026-04-16 21:49:53.047465,60.47
AI0765,Fall 2026,Research Paper,True,0.5725,1221,7,65.4156,2026-04-04 21:49:53.047815,81.05
AI0766,Spring 2026,Research Paper,False,0.3799,1042,7,17.5489,2026-03-21 21:49:53.048093,69.74
AI0767,Fall 2026,Research Paper,False,0.5614,1705,6,51.9993,2026-03-22 21:49:53.048338,81.35
AI0768,Fall 2026,Essay,True,0.5489,1770,13,32.4425,2026-08-05 21:49:53.048581,78.43
AI0769,Fall 2026,Case Study,False,0.4635,1084,19,33.6815,2026-06-24 21:49:53.048883,62.81
AI0770,Summer 2026,Case Study,False,0.3419,1944,5,35.7308,2026-06-30 21:49:53.049136,83.45
AI0771,Fall 2025,Case Study,False,0.2002,1711,11,13.1426,2026-07-29 21:49:53.049380,73.79
AI0772,Fall 2026,Case Study,True,0.5594,1290,6,57.3699,2026-04-17 21:49:53.049622,64.04
AI0773,Fall 2026,Case Study,False,0.4475,1567,7,35.1771,2026-06-20 21:49:53.049871,68.86
AI0774,Summer 2026,Research Paper,True,0.4644,2071,7,13.5853,2026-07-17 21:49:53.050229,89.98
AI0775,Spring 2026,Lab Report,False,0.1992,978,9,21.4319,2026-07-30 21:49:53.050662,80.41
AI0776,Summer 2026,Lab Report,False,0.2595,1619,12,10.5166,2026-05-04 21:49:53.051114,67.59
AI0777,Spring 2026,Research Paper,False,0.3128,1792,6,13.9336,2026-07-18 21:49:53.051830,76.44
AI0778,Fall 2026,Case Study,True,0.5054,896,4,49.4458,2026-04-30 21:49:53.052503,74.26
AI0779,Summer 2026,Research Paper,False,0.5031,1593,10,37.2582,2026-08-27 21:49:53.052974,80.18
AI0780,Summer 2026,Research Paper,True,0.5033,1370,14,28.8972,2026-05-21 21:49:53.053410,77.33
AI0781,Summer 2026,Lab Report,True,0.3234,1945,4,18.832,2026-03-31 21:49:53.053826,80.46
AI0782,Summer 2026,Research Paper,True,0.526,1606,9,13.4322,2026-04-01 21:49:53.054367,79.11
AI0783,Fall 2025,Research Paper,False,0.1932,1421,7,54.5024,2026-04-29 21:49:53.054691,76.56
AI0784,Fall 2026,Essay,True,0.6829,578,5,16.1842,2026-05-02 21:49:53.054944,75.12
AI0785,Spring 2026,Lab Report,True,0.239,1382,6,19.5356,2026-07-08 21:49:53.055214,83.74
AI0786,Fall 2026,Literature Review,True,0.6996,1458,8,56.9251,2026-03-20 21:49:53.055493,73.97
AI0787,Spring 2026,Research Paper,True,0.3937,1592,7,64.343,2026-07-10 21:49:53.055748,76.65
AI0788,Summer 2026,Case Study,False,0.467,1347,8,20.1436,2026-04-22 21:49:53.056040,75.96
AI0789,Fall 2026,Case Study,False,0.4256,1489,11,19.5529,2026-07-09 21:49:53.056355,72.66
AI0790,Fall 2026,Lab Report,False,0.4403,1433,7,22.6692,2026-07-11 21:49:53.056606,75.51
AI0791,Summer 2026,Research Paper,False,0.5404,1758,6,26.3274,2026-07-14 21:49:53.056853,81.21
AI0792,Spring 2026,Research Paper,True,0.3547,1794,6,59.7932,2026-08-19 21:49:53.057668,81.83
AI0793,Fall 2026,Literature Review,True,0.6357,1333,10,29.6231,2026-08-20 21:49:53.058166,72.09
AI0794,Fall 2026,Research Paper,True,0.4898,2073,8,11.078,2026-06-13 21:49:53.058449,80.02
AI0795,Fall 2026,Research Paper,False,0.5606,1155,4,20.2644,2026-05-16 21:49:53.058729,67.21
AI0796,Spring 2026,Research Paper,False,0.4146,1891,6,23.1141,2026-04-27 21:49:53.058983,65.76
AI0797,Summer 2026,Essay,True,0.4831,1855,10,49.2337,2026-03-22 21:49:53.059242,81.61
AI0798,Fall 2026,Lab Report,False,0.4435,1694,4,23.7066,2026-07-29 21:49:53.059505,82.79
AI0799,Summer 2026,Essay,True,0.5859,1533,5,22.8265,2026-05-20 21:49:53.059752,74.66
AI0800,Spring 2026,Case Study,False,0.3081,1046,8,27.9167,2026-05-08 21:49:53.060241,78.02
AI0801,Fall 2025,Case Study,False,0.1223,984,9,19.2949,2026-07-07 21:49:53.060549,86.49
AI0802,Fall 2026,Literature Review,True,0.6452,2269,2,17.0067,2026-05-21 21:49:53.060799,77.87
AI0803,Spring 2026,Case Study,True,0.1942,1557,10,25.4149,2026-08-06 21:49:53.061104,77.46
AI0804,Fall 2026,Lab Report,False,0.3904,1314,4,61.4872,2026-09-01 21:49:53.061362,74.09
AI0805,Spring 2026,Essay,False,0.4544,1533,8,26.5057,2026-05-16 21:49:53.061603,85.66
AI0806,Fall 2026,Literature Review,False,0.714,1061,11,21.5518,2026-04-02 21:49:53.061869,59.6
AI0807,Fall 2026,Lab Report,True,0.4832,1356,8,56.2882,2026-09-02 21:49:53.062122,68.56
AI0808,Fall 2025,Essay,False,0.2769,1665,5,26.8725,2026-08-23 21:49:53.062382,65.97
AI0809,Fall 2026,Research Paper,True,0.507,1260,4,39.9981,2026-05-11 21:49:53.062624,82.98
AI0810,Fall 2025,Lab Report,False,0.1079,2092,5,15.2807,2026-05-01 21:49:53.062871,71.37
AI0811,Summer 2026,Case Study,True,0.3735,1742,9,33.4544,2026-07-03 21:49:53.063131,83.0
AI0812,Fall 2026,Literature Review,True,0.6209,1324,5,29.009,2026-07-04 21:49:53.063391,73.19
AI0813,Summer 2026,Research Paper,False,0.4198,1034,7,21.4213,2026-08-13 21:49:53.063895,54.97
AI0814,Summer 2026,Research Paper,True,0.4309,1843,5,35.8249,2026-04-06 21:49:53.064722,76.82
AI0815,Fall 2026,Lab Report,False,0.3648,1815,10,53.208,2026-08-27 21:49:53.065608,71.78
AI0816,Spring 2026,Essay,True,0.4016,1097,10,29.4164,2026-08-15 21:49:53.066170,75.5
AI0817,Summer 2026,Essay,False,0.5303,2085,9,32.646,2026-06-25 21:49:53.066722,67.74
AI0818,Summer 2026,Research Paper,True,0.4458,2314,12,16.0121,2026-08-15 21:49:53.067202,85.81
AI0819,Fall 2026,Literature Review,True,0.5634,1274,7,11.1793,2026-04-20 21:49:53.067668,83.63
AI0820,Fall 2025,Case Study,False,0.1412,1975,9,59.1658,2026-05-20 21:49:53.068184,57.29
AI0821,Spring 2026,Essay,True,0.4099,1514,7,26.7204,2026-04-03 21:49:53.068640,83.42
AI0822,Fall 2026,Essay,True,0.6077,2044,8,16.7714,2026-07-10 21:49:53.069102,74.62
AI0823,Fall 2026,Research Paper,True,0.5817,1292,7,49.9558,2026-06-09 21:49:53.069571,71.23
AI0824,Fall 2026,Lab Report,False,0.4384,1802,5,10.4026,2026-04-02 21:49:53.070032,71.65
AI0825,Fall 2026,Essay,False,0.6504,1499,12,38.8122,2026-06-19 21:49:53.070497,70.7
AI0826,Fall 2026,Research Paper,False,0.5943,1837,3,39.3325,2026-06-30 21:49:53.070938,71.47
AI0827,Fall 2025,Research Paper,False,0.1846,979,5,18.9838,2026-03-23 21:49:53.071407,81.82
AI0828,Spring 2026,Case Study,False,0.2077,1837,11,88.8505,2026-05-04 21:49:53.071889,84.61
AI0829,Fall 2025,Literature Review,False,0.3974,1846,5,48.5062,2026-05-12 21:49:53.072359,76.12
AI0830,Fall 2025,Literature Review,False,0.3434,725,8,6.2301,2026-03-15 21:49:53.072731,83.15
AI0831,Fall 2025,Research Paper,True,0.2178,1361,4,34.6917,2026-08-28 21:49:53.072987,75.91
AI0832,Fall 2026,Literature Review,True,0.6134,1741,6,29.9192,2026-06-17 21:49:53.073320,80.97
AI0833,Fall 2026,Research Paper,True,0.6336,917,7,5.7959,2026-06-24 21:49:53.073833,77.34
AI0834,Summer 2026,Case Study,False,0.3246,1472,2,29.0945,2026-04-11 21:49:53.074346,62.74
AI0835,Fall 2026,Case Study,False,0.4311,1375,4,36.5746,2026-05-31 21:49:53.074747,56.08
AI0836,Summer 2026,Case Study,False,0.3851,1662,7,22.1726,2026-07-09 21:49:53.075123,81.97
AI0837,Spring 2026,Literature Review,False,0.4112,2066,12,32.8596,2026-07-16 21:49:53.075628,60.14
AI0838,Spring 2026,Research Paper,False,0.3168,2045,7,76.1529,2026-05-31 21:49:53.076233,61.27
AI0839,Spring 2026,Lab Report,False,0.0979,1815,9,40.0991,2026-06-17 21:49:53.076732,76.71
AI0840,Fall 2026,Literature Review,False,0.6158,1581,5,42.4596,2026-03-25 21:49:53.077266,59.32
AI0841,Fall 2025,Research Paper,False,0.3363,936,9,31.3703,2026-04-12 21:49:53.077721,76.4
AI0842,Fall 2025,Literature Review,False,0.3331,1003,8,37.0916,2026-04-04 21:49:53.078151,62.97
AI0843,Spring 2026,Lab Report,False,0.2055,877,8,13.1691,2026-07-11 21:49:53.078503,91.66
AI0844,Summer 2026,Case Study,True,0.3952,1271,7,35.8557,2026-08-26 21:49:53.078822,74.27
AI0845,Spring 2026,Research Paper,True,0.3383,2061,4,48.493,2026-03-14 21:49:53.079187,82.41
AI0846,Spring 2026,Literature Review,True,0.5506,1662,10,47.869,2026-06-28 21:49:53.079520,79.04
AI0847,Fall 2025,Lab Report,False,0.072,1210,9,44.1784,2026-03-20 21:49:53.079875,63.93
AI0848,Fall 2026,Case Study,True,0.3932,1803,8,33.5866,2026-06-09 21:49:53.080300,73.12
AI0849,Summer 2026,Case Study,False,0.4195,1463,5,7.581,2026-07-29 21:49:53.081492,85.25
AI0850,Fall 2026,Case Study,False,0.4818,1366,9,48.5516,2026-06-05 21:49:53.081991,80.33
AI0851,Fall 2025,Essay,False,0.3555,1740,10,29.3552,2026-08-10 21:49:53.082472,70.3
AI0852,Summer 2026,Research Paper,False,0.4269,783,13,51.7069,2026-08-28 21:49:53.082901,83.78
AI0853,Fall 2026,Case Study,False,0.4061,1089,12,37.6036,2026-04-29 21:49:53.083191,79.43
AI0854,Summer 2026,Lab Report,True,0.2729,1616,7,29.4838,2026-08-03 21:49:53.083437,81.95
AI0855,Summer 2026,Case Study,False,0.3606,1615,9,64.9623,2026-05-02 21:49:53.083687,79.05
AI0856,Summer 2026,Case Study,False,0.3335,1643,9,66.2104,2026-05-20 21:49:53.083932,80.16
AI0857,Spring 2026,Essay,False,0.4463,1647,7,20.7692,2026-08-15 21:49:53.084187,54.94
AI0858,Fall 2026,Essay,False,0.6241,761,6,33.078,2026-08-28 21:49:53.084431,100.0
AI0859,Spring 2026,Literature Review,False,0.4115,1610,13,30.0892,2026-08-06 21:49:53.084675,79.3
AI0860,Summer 2026,Literature Review,True,0.4376,1444,7,85.9078,2026-04-20 21:49:53.084918,76.21
AI0861,Spring 2026,Essay,True,0.4189,762,9,14.598,2026-07-03 21:49:53.085193,74.33
AI0862,Summer 2026,Research Paper,True,0.5119,1463,5,23.2367,2026-07-19 21:49:53.085448,86.32
AI0863,Fall 2026,Essay,True,0.6646,1810,6,68.098,2026-09-03 21:49:53.085698,84.43
AI0864,Spring 2026,Research Paper,True,0.3978,1691,11,29.7151,2026-08-28 21:49:53.085947,78.82
AI0865,Summer 2026,Literature Review,False,0.6278,525,4,8.0473,2026-08-13 21:49:53.086206,62.81
AI0866,Fall 2026,Case Study,False,0.5312,630,6,5.2749,2026-05-19 21:49:53.086450,94.17
AI0867,Spring 2026,Literature Review,False,0.4821,1860,6,41.9424,2026-05-21 21:49:53.086734,67.03
AI0868,Summer 2026,Research Paper,False,0.3909,1518,12,30.9163,2026-04-20 21:49:53.086983,79.8
AI0869,Fall 2026,Essay,True,0.6262,1450,6,8.9955,2026-05-13 21:49:53.087232,84.76
AI0870,Fall 2025,Lab Report,False,0.1614,2258,8,50.8737,2026-08-27 21:49:53.087503,74.44
AI0871,Spring 2026,Case Study,False,0.203,1001,5,60.9456,2026-06-18 21:49:53.087763,72.89
AI0872,Fall 2026,Literature Review,True,0.6871,2151,6,18.2064,2026-07-28 21:49:53.088016,81.58
AI0873,Fall 2026,Research Paper,True,0.5237,1982,10,61.6873,2026-07-17 21:49:53.088266,78.6
AI0874,Spring 2026,Literature Review,True,0.4258,1757,6,34.5644,2026-07-01 21:49:53.088513,82.46
AI0875,Fall 2026,Essay,False,0.6077,601,7,43.9575,2026-05-20 21:49:53.088759,83.23
AI0876,Summer 2026,Essay,False,0.5178,1073,14,29.6044,2026-07-23 21:49:53.089062,56.25
AI0877,Summer 2026,Case Study,False,0.375,1498,12,27.4338,2026-04-15 21:49:53.089527,61.34
AI0878,Spring 2026,Essay,True,0.3676,1604,9,39.3227,2026-08-10 21:49:53.091195,77.36
AI0879,Fall 2026,Essay,True,0.5155,1465,9,49.3578,2026-06-15 21:49:53.092396,69.87
AI0880,Fall 2026,Research Paper,True,0.5336,894,12,25.7676,2026-07-03 21:49:53.096536,78.34
AI0881,Spring 2026,Essay,False,0.3665,1446,4,27.5943,2026-05-12 21:49:53.106372,77.38
AI0882,Spring 2026,Literature Review,True,0.4839,1186,11,19.4645,2026-06-08 21:49:53.107555,74.33
AI0883,Spring 2026,Research Paper,True,0.449,1550,8,9.9213,2026-07-10 21:49:53.108542,81.1
AI0884,Fall 2025,Literature Review,False,0.2688,766,5,25.8886,2026-05-13 21:49:53.110301,68.21
AI0885,Fall 2025,Case Study,False,0.1545,1905,9,5.4657,2026-05-28 21:49:53.110908,53.06
AI0886,Fall 2025,Case Study,True,0.2559,1664,6,43.6031,2026-06-15 21:49:53.111454,82.76
AI0887,Fall 2026,Literature Review,True,0.6262,1274,3,27.9032,2026-05-23 21:49:53.112842,83.23
AI0888,Spring 2026,Lab Report,False,0.3368,1365,9,29.9292,2026-07-28 21:49:53.113433,85.05
AI0889,Fall 2026,Essay,True,0.7142,1331,11,26.0856,2026-04-17 21:49:53.114943,80.04
AI0890,Spring 2026,Research Paper,False,0.3907,1488,8,52.7854,2026-07-09 21:49:53.115589,91.42
AI0891,Spring 2026,Essay,True,0.3407,2393,5,62.5678,2026-08-08 21:49:53.116236,79.15
AI0892,Spring 2026,Literature Review,False,0.4637,1220,5,47.7037,2026-08-07 21:49:53.116883,54.35
AI0893,Spring 2026,Case Study,False,0.2746,2168,14,38.5831,2026-07-05 21:49:53.117376,74.33
AI0894,Fall 2026,Essay,False,0.5566,1151,12,60.4118,2026-06-21 21:49:53.117702,78.19
AI0895,Fall 2025,Case Study,False,0.2278,1913,7,28.9022,2026-08-17 21:49:53.117966,65.11
AI0896,Fall 2026,Case Study,False,0.5242,1584,7,35.6454,2026-04-05 21:49:53.118341,62.55
AI0897,Fall 2026,Literature Review,True,0.6793,1053,6,53.9235,2026-06-17 21:49:53.118807,70.86
AI0898,Fall 2026,Research Paper,False,0.4639,1387,13,57.3684,2026-08-10 21:49:53.119247,63.9
AI0899,Fall 2026,Lab Report,True,0.3998,1110,5,59.5698,2026-05-17 21:49:53.119521,81.38
AI0900,Summer 2026,Lab Report,True,0.3892,2224,8,27.9131,2026-03-19 21:49:53.119797,88.23
AI0901,Spring 2026,Essay,True,0.3205,2443,13,39.2,2026-07-08 21:49:53.120216,77.12
AI0902,Fall 2026,Lab Report,True,0.3918,2125,8,3.035,2026-05-01 21:49:53.120660,76.95
AI0903,Fall 2026,Lab Report,False,0.2669,1922,4,50.4358,2026-05-17 21:49:53.121217,64.54
AI0904,Summer 2026,Lab Report,False,0.2432,1661,9,41.2307,2026-06-25 21:49:53.122070,71.29
AI0905,Fall 2026,Research Paper,False,0.6709,1598,10,2.9191,2026-08-18 21:49:53.122556,63.83
AI0906,Fall 2026,Essay,True,0.5785,1632,9,47.925,2026-06-20 21:49:53.123253,78.22
AI0907,Fall 2026,Literature Review,True,0.5637,2080,1,46.8365,2026-06-27 21:49:53.123785,75.0
AI0908,Fall 2025,Literature Review,False,0.3355,1621,5,65.8658,2026-04-04 21:49:53.124090,100.0
AI0909,Fall 2026,Literature Review,True,0.6108,2191,8,12.1263,2026-06-18 21:49:53.124340,85.38
AI0910,Fall 2025,Lab Report,False,0.0474,1856,5,17.5376,2026-04-09 21:49:53.124589,99.32
AI0911,Summer 2026,Literature Review,False,0.4907,1797,11,37.7974,2026-03-16 21:49:53.124833,72.6
AI0912,Fall 2025,Case Study,False,0.1067,1620,8,26.8124,2026-07-02 21:49:53.125087,79.27
AI0913,Fall 2026,Lab Report,False,0.2924,1113,8,42.6107,2026-06-02 21:49:53.125335,55.96
AI0914,Fall 2026,Case Study,True,0.4923,1463,6,37.1942,2026-08-31 21:49:53.125576,79.79
AI0915,Spring 2026,Essay,True,0.4246,1806,5,40.8194,2026-07-12 21:49:53.125826,74.48
AI0916,Fall 2026,Research Paper,True,0.5809,995,7,17.4137,2026-07-09 21:49:53.126082,78.28
AI0917,Fall 2026,Research Paper,True,0.5433,1085,10,42.5438,2026-03-20 21:49:53.126333,74.08
AI0918,Fall 2026,Literature Review,False,0.6107,1516,11,30.4482,2026-08-30 21:49:53.126581,80.27
AI0919,Summer 2026,Case Study,False,0.4176,1880,6,33.208,2026-08-06 21:49:53.126823,59.97
AI0920,Fall 2026,Case Study,False,0.4648,2080,9,32.7826,2026-07-23 21:49:53.127071,73.97
AI0921,Fall 2026,Lab Report,True,0.4342,2025,5,50.7136,2026-06-19 21:49:53.127316,77.41
AI0922,Fall 2026,Case Study,False,0.472,2232,10,18.0466,2026-08-09 21:49:53.127587,100.0
AI0923,Spring 2026,Essay,False,0.3849,1381,5,63.1598,2026-06-13 21:49:53.127835,91.27
AI0924,Fall 2026,Case Study,True,0.4784,1509,6,22.9327,2026-08-11 21:49:53.128083,85.8
AI0925,Fall 2026,Case Study,False,0.5392,2324,12,11.9249,2026-04-24 21:49:53.128349,68.23
AI0926,Fall 2026,Case Study,True,0.5136,1255,4,27.0527,2026-05-25 21:49:53.128593,81.04
AI0927,Summer 2026,Case Study,False,0.4296,1477,9,0.2982,2026-08-18 21:49:53.128840,78.52
AI0928,Spring 2026,Literature Review,True,0.3462,2133,4,44.4042,2026-06-17 21:49:53.129088,84.44
AI0929,Summer 2026,Case Study,False,0.3465,1721,9,57.6024,2026-05-27 21:49:53.129339,61.28
AI0930,Summer 2026,Essay,True,0.4656,895,3,18.6088,2026-06-14 21:49:53.129580,84.19
AI0931,Spring 2026,Research Paper,False,0.3695,1296,4,22.4906,2026-06-20 21:49:53.129826,74.95
AI0932,Spring 2026,Literature Review,False,0.4676,1384,3,17.8343,2026-05-13 21:49:53.130082,63.89
AI0933,Summer 2026,Literature Review,False,0.4908,1801,7,17.2028,2026-08-04 21:49:53.130652,76.99
AI0934,Spring 2026,Research Paper,False,0.4171,2334,8,46.9164,2026-03-15 21:49:53.131846,100.0
AI0935,Summer 2026,Lab Report,True,0.3599,1315,8,62.5896,2026-07-20 21:49:53.132321,76.19
AI0936,Summer 2026,Case Study,False,0.3851,1823,8,26.3101,2026-06-10 21:49:53.132758,95.75
AI0937,Spring 2026,Case Study,False,0.1898,634,2,44.5664,2026-04-21 21:49:53.133183,83.06
AI0938,Fall 2026,Essay,False,0.5738,1403,11,19.9987,2026-03-16 21:49:53.133433,76.88
AI0939,Spring 2026,Lab Report,True,0.2655,944,5,51.0218,2026-06-14 21:49:53.133713,81.94
AI0940,Spring 2026,Research Paper,False,0.4207,2254,16,38.4743,2026-07-18 21:49:53.133970,66.16
AI0941,Fall 2026,Case Study,False,0.4886,1079,9,21.2726,2026-03-28 21:49:53.134219,74.84
AI0942,Spring 2026,Literature Review,False,0.4291,1104,8,43.2707,2026-06-12 21:49:53.134476,76.01
AI0943,Summer 2026,Research Paper,True,0.5841,1115,5,20.2487,2026-08-20 21:49:53.134724,81.45
AI0944,Summer 2026,Literature Review,False,0.5877,1433,8,40.9936,2026-03-31 21:49:53.134977,83.86
AI0945,Spring 2026,Lab Report,False,0.1852,1458,9,20.552,2026-08-11 21:49:53.135234,74.75
AI0946,Summer 2026,Research Paper,False,0.465,1699,8,53.842,2026-05-06 21:49:53.135476,78.39
AI0947,Fall 2026,Case Study,False,0.4706,1836,5,49.2468,2026-07-22 21:49:53.135726,82.38
AI0948,Fall 2026,Research Paper,True,0.5178,1113,12,24.8456,2026-04-30 21:49:53.136026,76.17
AI0949,Fall 2026,Research Paper,True,0.6668,1597,10,43.4834,2026-06-07 21:49:53.136285,72.42
AI0950,Fall 2025,Case Study,False,0.1882,1701,6,22.5352,2026-05-23 21:49:53.136534,78.3
AI0951,Fall 2026,Case Study,True,0.541,1492,10,11.1777,2026-03-14 21:49:53.136776,75.54
AI0952,Fall 2025,Research Paper,False,0.1344,2079,6,52.4871,2026-03-14 21:49:53.137029,69.72
AI0953,Fall 2026,Literature Review,False,0.6463,1574,8,29.504,2026-06-17 21:49:53.137370,71.32
AI0954,Spring 2026,Case Study,False,0.2018,1710,9,42.6869,2026-04-06 21:49:53.137878,89.83
AI0955,Fall 2026,Lab Report,False,0.4085,706,6,15.1304,2026-06-01 21:49:53.138417,72.07
AI0956,Fall 2025,Essay,False,0.2246,2490,7,43.979,2026-06-14 21:49:53.138799,100.0
AI0957,Spring 2026,Research Paper,False,0.3369,1201,3,12.2226,2026-06-10 21:49:53.139265,64.39
AI0958,Summer 2026,Lab Report,False,0.3528,1319,11,15.1196,2026-07-27 21:49:53.139786,91.62
AI0959,Summer 2026,Research Paper,False,0.4225,1606,14,41.581,2026-03-21 21:49:53.140307,70.84
AI0960,Spring 2026,Research Paper,False,0.2727,1337,11,31.2542,2026-05-29 21:49:53.140764,74.62
AI0961,Summer 2026,Literature Review,False,0.6521,1884,7,54.1964,2026-04-18 21:49:53.141239,87.01
AI0962,Summer 2026,Lab Report,False,0.3438,1297,8,20.0331,2026-06-10 21:49:53.141674,76.59
AI0963,Spring 2026,Case Study,False,0.3316,1878,14,25.541,2026-06-18 21:49:53.142086,95.52
AI0964,Fall 2026,Case Study,False,0.4957,1554,12,46.3783,2026-04-21 21:49:53.142448,69.99
AI0965,Fall 2026,Lab Report,True,0.4213,2177,8,52.5822,2026-03-20 21:49:53.142767,81.6
AI0966,Summer 2026,Research Paper,False,0.4183,1342,9,13.7553,2026-06-01 21:49:53.143099,85.21
AI0967,Fall 2026,Research Paper,False,0.5034,1735,6,40.6284,2026-08-25 21:49:53.143425,79.48
AI0968,Summer 2026,Research Paper,True,0.5073,1210,9,8.1214,2026-06-24 21:49:53.143748,75.49
AI0969,Fall 2026,Research Paper,True,0.6404,2360,7,16.0903,2026-06-29 21:49:53.144162,77.71
AI0970,Fall 2026,Research Paper,False,0.6104,1548,8,50.4629,2026-07-12 21:49:53.144620,93.55
AI0971,Fall 2026,Literature Review,False,0.5891,2373,9,15.7514,2026-08-22 21:49:53.145077,61.13
AI0972,Summer 2026,Essay,False,0.4567,1803,13,24.639,2026-04-01 21:49:53.145521,100.0
AI0973,Summer 2026,Literature Review,True,0.5377,2936,8,54.2148,2026-06-12 21:49:53.146036,78.11
AI0974,Summer 2026,Research Paper,False,0.4466,1642,7,12.3972,2026-03-16 21:49:53.146501,70.23
AI0975,Summer 2026,Essay,True,0.5432,1952,8,46.6497,2026-07-09 21:49:53.147053,72.92
AI0976,Fall 2026,Essay,True,0.6782,1205,5,28.1254,2026-04-30 21:49:53.147822,85.53
AI0977,Fall 2025,Case Study,False,0.1459,1645,6,19.6409,2026-03-23 21:49:53.148301,77.32
AI0978,Fall 2025,Research Paper,False,0.316,1289,6,38.8484,2026-07-22 21:49:53.148669,100.0
AI0979,Fall 2025,Case Study,False,0.1808,1050,12,30.9444,2026-05-12 21:49:53.149128,82.36
AI0980,Spring 2026,Lab Report,False,0.2578,1009,14,23.9711,2026-05-17 21:49:53.149574,41.42
AI0981,Fall 2026,Essay,False,0.5114,1734,12,30.6317,2026-05-16 21:49:53.150010,80.75
AI0982,Spring 2026,Case Study,False,0.2165,907,8,12.0939,2026-08-01 21:49:53.150493,89.45
AI0983,Fall 2026,Case Study,False,0.5062,1209,8,4.6058,2026-06-27 21:49:53.153297,72.95
AI0984,Fall 2025,Case Study,False,0.1409,2020,10,41.1061,2026-07-01 21:49:53.154059,72.67
AI0985,Spring 2026,Research Paper,True,0.3279,1331,6,23.6695,2026-06-11 21:49:53.154864,71.12
AI0986,Summer 2026,Literature Review,False,0.576,1276,9,21.7281,2026-05-12 21:49:53.155387,91.0
AI0987,Spring 2026,Essay,False,0.3967,2080,7,12.9054,2026-04-22 21:49:53.155857,78.18
AI0988,Fall 2026,Lab Report,True,0.4011,1594,7,26.0739,2026-08-10 21:49:53.156332,89.73
AI0989,Spring 2026,Literature Review,False,0.4261,1283,8,9.9668,2026-04-14 21:49:53.156796,60.46
AI0990,Spring 2026,Research Paper,False,0.3755,1096,6,65.918,2026-07-18 21:49:53.157519,67.94
AI0991,Summer 2026,Research Paper,False,0.4234,1094,6,61.649,2026-08-28 21:49:53.158438,79.99
AI0992,Fall 2026,Case Study,True,0.5185,1825,12,41.3478,2026-07-01 21:49:53.159044,80.47
AI0993,Spring 2026,Literature Review,False,0.4762,1644,8,31.4087,2026-08-11 21:49:53.159548,92.01
AI0994,Spring 2026,Lab Report,False,0.1412,1959,9,69.5507,2026-06-17 21:49:53.160023,70.62
AI0995,Summer 2026,Essay,False,0.4216,1448,9,14.8768,2026-08-18 21:49:53.160503,59.25
AI0996,Fall 2025,Essay,False,0.3358,1361,13,39.7778,2026-09-07 21:49:53.160999,93.27
AI0997,Summer 2026,Case Study,True,0.3444,1048,12,53.5442,2026-08-02 21:49:53.161515,87.98
AI0998,Fall 2026,Case Study,True,0.4791,1771,10,38.1065,2026-07-27 21:49:53.162012,75.05
AI0999,Fall 2026,Lab Report,False,0.3884,1589,11,48.5805,2026-06-29 21:49:53.162556,100.0
AI1000,Spring 2026,Literature Review,True,0.4807,1756,11,56.843,2026-03-24 21:49:53.163220,73.08
AI1001,Spring 2026,Essay,False,0.4242,1182,6,79.6536,2026-07-27 21:49:53.164404,86.86
AI1002,Fall 2025,Research Paper,False,0.2869,2008,8,57.1504,2026-03-20 21:49:53.165027,82.03
AI1003,Fall 2026,Case Study,False,0.5222,1482,7,8.8075,2026-05-21 21:49:53.165566,58.98
AI1004,Fall 2025,Literature Review,True,0.3298,620,9,32.2351,2026-04-11 21:49:53.166055,77.29
AI1005,Summer 2026,Research Paper,True,0.4395,1120,15,31.5722,2026-07-06 21:49:53.166520,81.63
AI1006,Summer 2026,Case Study,True,0.3368,1820,8,60.2385,2026-07-13 21:49:53.166958,89.63
AI1007,Spring 2026,Literature Review,True,0.4172,1404,9,5.274,2026-07-17 21:49:53.167535,79.86
AI1008,Fall 2026,Essay,False,0.6734,1495,7,58.8063,2026-07-03 21:49:53.168001,66.5
AI1009,Fall 2025,Research Paper,False,0.2613,2000,6,78.7484,2026-08-11 21:49:53.168444,65.29
AI1010,Summer 2026,Essay,True,0.5478,1641,11,5.9579,2026-09-05 21:49:53.168913,85.42
AI1011,Fall 2026,Essay,False,0.587,2484,9,41.1265,2026-06-05 21:49:53.169602,75.67
AI1012,Fall 2026,Essay,False,0.6274,1755,9,28.584,2026-09-07 21:49:53.170109,64.08
AI1013,Summer 2026,Lab Report,False,0.282,1383,6,85.2282,2026-06-14 21:49:53.170599,86.45
AI1014,Spring 2026,Literature Review,True,0.5796,1709,6,35.944,2026-03-12 21:49:53.171083,78.3
AI1015,Fall 2026,Literature Review,True,0.7123,883,4,49.478,2026-08-01 21:49:53.171560,72.17
AI1016,Fall 2026,Literature Review,False,0.6671,1160,7,6.8735,2026-08-06 21:49:53.172018,85.84
AI1017,Spring 2026,Literature Review,True,0.4152,2165,9,57.6529,2026-05-29 21:49:53.172468,82.11
AI1018,Fall 2025,Research Paper,True,0.2851,1948,11,42.0283,2026-06-12 21:49:53.172927,85.73
AI1019,Summer 2026,Essay,True,0.55,987,4,47.823,2026-06-13 21:49:53.173419,77.3
AI1020,Summer 2026,Research Paper,True,0.5465,1216,9,15.5341,2026-09-02 21:49:53.173896,70.68
AI1021,Summer 2026,Case Study,False,0.4005,1355,5,28.6326,2026-07-30 21:49:53.174361,64.97
AI1022,Summer 2026,Literature Review,False,0.4782,1384,3,32.4325,2026-06-12 21:49:53.174685,91.35
AI1023,Spring 2026,Lab Report,False,0.1368,910,6,40.8529,2026-06-26 21:49:53.174991,58.27
AI1024,Fall 2026,Research Paper,False,0.635,1972,7,32.7481,2026-08-08 21:49:53.175251,75.07
AI1025,Fall 2026,Essay,True,0.5434,1475,10,25.2638,2026-09-04 21:49:53.175498,72.75
AI1026,Spring 2026,Research Paper,True,0.3178,1818,16,22.5815,2026-04-09 21:49:53.175744,77.87
AI1027,Summer 2026,Research Paper,False,0.357,1528,5,22.607,2026-04-12 21:49:53.175995,85.19
AI1028,Spring 2026,Essay,True,0.3338,1460,10,16.5654,2026-03-15 21:49:53.176238,81.63
AI1029,Fall 2026,Case Study,True,0.4723,1316,7,24.7876,2026-05-05 21:49:53.176484,76.17
AI1030,Fall 2026,Literature Review,False,0.5889,1368,3,42.6063,2026-05-23 21:49:53.176735,75.91
AI1031,Fall 2026,Research Paper,False,0.5659,2139,12,63.5075,2026-05-11 21:49:53.176996,70.04
AI1032,Summer 2026,Research Paper,True,0.4342,1284,4,27.0396,2026-08-24 21:49:53.177243,72.81
AI1033,Spring 2026,Case Study,True,0.3274,1799,9,72.8842,2026-07-08 21:49:53.177493,71.69
AI1034,Fall 2026,Lab Report,False,0.373,2448,8,19.5499,2026-06-30 21:49:53.177739,69.1
AI1035,Fall 2025,Lab Report,False,0.1351,1482,10,43.9894,2026-04-06 21:49:53.177987,78.63
AI1036,Fall 2025,Essay,False,0.2797,1588,5,24.6584,2026-03-23 21:49:53.178230,83.0
AI1037,Summer 2026,Research Paper,True,0.462,1212,8,38.5219,2026-09-05 21:49:53.178473,73.79
AI1038,Summer 2026,Essay,False,0.4365,1864,5,24.386,2026-05-19 21:49:53.178718,76.15
AI1039,Spring 2026,Research Paper,False,0.353,1318,3,70.4636,2026-05-02 21:49:53.178962,56.73
AI1040,Fall 2026,Literature Review,True,0.6762,1261,10,29.8274,2026-06-03 21:49:53.179205,66.57
AI1041,Fall 2025,Case Study,False,0.1562,995,14,22.3685,2026-05-23 21:49:53.179457,69.46
AI1042,Summer 2026,Essay,True,0.4429,1884,9,15.3698,2026-08-14 21:49:53.179712,78.7
AI1043,Fall 2026,Essay,False,0.634,1251,10,18.4774,2026-08-01 21:49:53.179966,71.5
AI1044,Spring 2026,Research Paper,False,0.3813,1393,6,34.764,2026-08-04 21:49:53.180210,57.47
AI1045,Fall 2026,Research Paper,True,0.5714,1096,9,54.0305,2026-04-02 21:49:53.180917,78.35
AI1046,Summer 2026,Literature Review,True,0.5458,1659,14,20.4817,2026-03-31 21:49:53.181744,71.52
AI1047,Summer 2026,Research Paper,True,0.4142,2375,10,11.1979,2026-08-23 21:49:53.182602,81.26
AI1048,Fall 2026,Literature Review,False,0.726,1489,5,21.1004,2026-07-18 21:49:53.183144,86.45
AI1049,Fall 2026,Case Study,False,0.4225,1556,8,31.0755,2026-05-23 21:49:53.183523,81.53
AI1050,Spring 2026,Essay,False,0.3409,989,13,34.0735,2026-04-07 21:49:53.183774,76.67
AI1051,Fall 2025,Research Paper,True,0.2748,1602,13,26.0132,2026-03-22 21:49:53.184564,76.57
AI1052,Summer 2026,Literature Review,True,0.5888,1213,5,59.0003,2026-08-18 21:49:53.185441,79.28
AI1053,Fall 2025,Essay,True,0.2764,741,7,61.9317,2026-06-18 21:49:53.186264,75.78
AI1054,Summer 2026,Lab Report,False,0.2188,1474,4,66.1314,2026-08-09 21:49:53.186723,59.51
AI1055,Fall 2026,Lab Report,True,0.5401,975,4,38.6482,2026-05-06 21:49:53.187021,75.81
AI1056,Fall 2026,Research Paper,True,0.5165,2012,10,40.6989,2026-07-13 21:49:53.187349,74.92
AI1057,Fall 2026,Literature Review,False,0.6272,1581,8,50.9809,2026-08-02 21:49:53.187775,78.7
AI1058,Summer 2026,Research Paper,True,0.5058,1450,6,50.8405,2026-07-29 21:49:53.188053,76.7
AI1059,Spring 2026,Essay,False,0.454,1384,7,6.9591,2026-07-28 21:49:53.188313,89.25
AI1060,Spring 2026,Essay,False,0.3071,1748,8,21.6162,2026-05-07 21:49:53.188700,66.28
AI1061,Summer 2026,Essay,False,0.4507,1158,5,57.8235,2026-08-30 21:49:53.189151,92.02
AI1062,Fall 2026,Case Study,False,0.4476,972,7,10.4639,2026-05-17 21:49:53.189502,74.15
AI1063,Spring 2026,Essay,True,0.4101,1464,7,15.8318,2026-06-16 21:49:53.190022,79.9
AI1064,Summer 2026,Case Study,False,0.3252,1848,4,58.1624,2026-03-27 21:49:53.190389,81.79
AI1065,Fall 2026,Essay,False,0.5793,480,8,50.2349,2026-08-18 21:49:53.190935,66.22
AI1066,Fall 2026,Essay,True,0.6796,1573,11,19.3686,2026-07-13 21:49:53.191658,77.25
AI1067,Spring 2026,Literature Review,True,0.4488,1047,11,33.2286,2026-06-07 21:49:53.192164,79.94
AI1068,Fall 2025,Essay,False,0.2882,1519,8,14.0565,2026-08-15 21:49:53.192637,80.53
AI1069,Fall 2025,Literature Review,True,0.4073,1348,8,54.5878,2026-06-12 21:49:53.193129,78.23
AI1070,Summer 2026,Lab Report,True,0.3297,1583,5,61.3889,2026-05-02 21:49:53.193599,76.67
AI1071,Fall 2026,Essay,True,0.5847,1387,4,4.9184,2026-03-24 21:49:53.194107,87.42
AI1072,Fall 2026,Lab Report,False,0.3943,1321,3,25.8633,2026-04-16 21:49:53.194580,61.48
AI1073,Fall 2025,Research Paper,False,0.2793,1675,7,8.6741,2026-07-10 21:49:53.195055,91.54
AI1074,Fall 2025,Case Study,False,0.0837,900,9,59.3767,2026-08-31 21:49:53.195698,65.79
AI1075,Fall 2025,Essay,False,0.2817,1311,10,66.9969,2026-04-13 21:49:53.196263,98.23
AI1076,Summer 2026,Essay,False,0.5519,1813,3,36.2033,2026-08-04 21:49:53.196897,86.19
AI1077,Spring 2026,Lab Report,False,0.2115,1281,11,31.8501,2026-05-18 21:49:53.198226,70.98
AI1078,Fall 2026,Lab Report,False,0.4424,1040,6,26.6844,2026-03-23 21:49:53.199093,77.53
AI1079,Summer 2026,Essay,True,0.5034,1161,9,6.5157,2026-04-21 21:49:53.199396,79.04
AI1080,Spring 2026,Research Paper,False,0.3313,1613,11,20.7179,2026-06-18 21:49:53.199671,88.58
AI1081,Summer 2026,Essay,False,0.4509,1245,5,14.106,2026-08-31 21:49:53.200103,70.02
AI1082,Summer 2026,Lab Report,True,0.2591,1430,4,22.9112,2026-08-05 21:49:53.200628,75.81
AI1083,Spring 2026,Literature Review,True,0.4661,2198,7,19.3244,2026-05-19 21:49:53.201270,73.29
AI1084,Fall 2026,Literature Review,True,0.6751,1972,9,64.3001,2026-04-15 21:49:53.202613,75.17
AI1085,Fall 2026,Case Study,True,0.364,1142,5,38.8195,2026-08-03 21:49:53.203226,85.34
AI1086,Summer 2026,Essay,False,0.539,1023,6,65.7352,2026-05-30 21:49:53.203726,81.8
AI1087,Spring 2026,Essay,True,0.4047,932,7,64.4793,2026-05-13 21:49:53.204465,82.42
AI1088,Spring 2026,Literature Review,False,0.4393,1469,6,40.4625,2026-04-06 21:49:53.204872,100.0
AI1089,Summer 2026,Case Study,False,0.4055,1587,5,34.9655,2026-05-28 21:49:53.205173,82.16
AI1090,Summer 2026,Literature Review,False,0.5204,1271,3,15.6528,2026-05-07 21:49:53.205422,77.29
AI1091,Fall 2026,Essay,True,0.581,1570,7,13.1483,2026-05-12 21:49:53.205667,78.15
AI1092,Fall 2026,Case Study,False,0.4848,1686,14,13.6299,2026-03-15 21:49:53.205917,74.82
AI1093,Fall 2026,Essay,False,0.6317,1366,13,36.1691,2026-06-06 21:49:53.206204,59.88
AI1094,Fall 2026,Research Paper,False,0.592,852,11,68.4959,2026-08-13 21:49:53.206449,62.99
AI1095,Fall 2025,Case Study,False,0.1309,1397,12,33.7459,2026-09-07 21:49:53.206761,94.97
AI1096,Fall 2026,Essay,True,0.6764,1684,6,36.5163,2026-03-20 21:49:53.207136,79.13
AI1097,Fall 2026,Lab Report,False,0.4488,1818,10,35.7306,2026-07-05 21:49:53.207765,59.59
AI1098,Fall 2025,Research Paper,True,0.2408,1099,6,9.9207,2026-06-24 21:49:53.208280,83.74
AI1099,Spring 2026,Research Paper,False,0.415,2254,10,11.4228,2026-04-11 21:49:53.208729,94.31
AI1100,Fall 2026,Literature Review,True,0.855,1597,5,37.5524,2026-04-15 21:49:53.209075,77.24
AI1101,Fall 2026,Case Study,True,0.4758,2078,6,16.3782,2026-05-28 21:49:53.209515,78.7
AI1102,Fall 2026,Lab Report,False,0.4345,1731,10,20.2745,2026-06-01 21:49:53.209790,64.72
AI1103,Fall 2026,Essay,False,0.6073,1369,8,57.0804,2026-05-28 21:49:53.210041,57.7
AI1104,Fall 2026,Case Study,False,0.495,1728,7,62.4897,2026-03-23 21:49:53.210286,57.74
AI1105,Summer 2026,Research Paper,True,0.432,1841,8,52.3502,2026-05-30 21:49:53.210558,81.76
AI1106,Summer 2026,Research Paper,False,0.4623,1555,7,3.2493,2026-03-31 21:49:53.210818,66.51
AI1107,Fall 2026,Research Paper,False,0.551,1528,13,17.7737,2026-06-24 21:49:53.211116,75.38
AI1108,Fall 2025,Essay,False,0.3786,1551,7,25.558,2026-04-14 21:49:53.211364,82.76
AI1109,Fall 2025,Research Paper,True,0.3047,1202,8,14.5013,2026-05-13 21:49:53.211605,83.31
AI1110,Spring 2026,Case Study,True,0.3803,2141,8,45.5322,2026-06-23 21:49:53.211852,85.3
AI1111,Fall 2026,Literature Review,True,0.5865,2055,4,45.0066,2026-08-04 21:49:53.212109,72.9
AI1112,Fall 2026,Case Study,False,0.5138,1506,6,40.193,2026-09-05 21:49:53.212362,84.07
AI1113,Summer 2026,Research Paper,False,0.3902,1920,7,16.844,2026-05-10 21:49:53.212603,77.89
AI1114,Spring 2026,Research Paper,False,0.2107,1726,9,13.3313,2026-07-05 21:49:53.212845,59.32
AI1115,Summer 2026,Research Paper,True,0.4722,1153,13,17.4817,2026-08-10 21:49:53.213096,79.35
AI1116,Spring 2026,Literature Review,True,0.423,1948,6,31.7442,2026-03-17 21:49:53.213356,78.91
AI1117,Fall 2026,Case Study,False,0.4587,1171,13,35.8061,2026-06-14 21:49:53.214016,81.52
AI1118,Summer 2026,Case Study,False,0.3515,1037,10,63.3393,2026-04-03 21:49:53.214543,80.75
AI1119,Fall 2025,Lab Report,True,0.1277,1876,5,4.1913,2026-05-01 21:49:53.215292,74.96
AI1120,Spring 2026,Lab Report,False,0.2469,1651,9,74.0422,2026-08-12 21:49:53.215834,78.91
AI1121,Fall 2025,Essay,True,0.3409,739,6,69.3765,2026-06-16 21:49:53.216735,86.88
AI1122,Fall 2026,Literature Review,False,0.5531,1380,7,39.2322,2026-07-09 21:49:53.217585,59.72
AI1123,Fall 2026,Case Study,False,0.5101,1894,10,46.1702,2026-06-19 21:49:53.218065,62.45
AI1124,Spring 2026,Literature Review,False,0.4778,1525,5,16.4205,2026-08-25 21:49:53.218616,68.05
AI1125,Fall 2026,Case Study,False,0.3321,1671,1,41.7848,2026-04-30 21:49:53.219405,89.16
AI1126,Spring 2026,Literature Review,True,0.3954,1817,5,7.6353,2026-05-25 21:49:53.219939,79.11
AI1127,Fall 2026,Case Study,False,0.3637,2199,8,17.3228,2026-08-25 21:49:53.220697,59.64
AI1128,Fall 2026,Literature Review,True,0.608,1334,6,46.9891,2026-04-27 21:49:53.221380,80.78
AI1129,Fall 2025,Research Paper,False,0.2502,1562,6,36.6558,2026-05-02 21:49:53.222144,80.25
AI1130,Fall 2025,Lab Report,False,0.0627,1831,5,44.7906,2026-08-31 21:49:53.222546,77.73
AI1131,Fall 2026,Essay,False,0.6033,518,7,58.4515,2026-04-04 21:49:53.222863,66.58
AI1132,Fall 2026,Lab Report,False,0.4169,2275,11,11.7898,2026-03-18 21:49:53.223742,94.44
AI1133,Spring 2026,Lab Report,False,0.0655,1080,6,33.3396,2026-03-21 21:49:53.224263,74.94
AI1134,Summer 2026,Research Paper,False,0.4066,1376,4,37.7752,2026-04-20 21:49:53.224722,68.19
AI1135,Fall 2026,Essay,True,0.6065,1222,11,37.0042,2026-04-18 21:49:53.225187,72.61
AI1136,Summer 2026,Literature Review,True,0.5266,1238,4,8.7456,2026-06-16 21:49:53.225644,74.88
AI1137,Spring 2026,Essay,False,0.2914,1822,13,44.413,2026-04-06 21:49:53.226213,90.93
AI1138,Spring 2026,Essay,False,0.3595,1530,6,24.8108,2026-07-31 21:49:53.226684,87.14
AI1139,Spring 2026,Lab Report,False,0.2061,1455,10,2.1195,2026-04-01 21:49:53.227145,82.36
AI1140,Spring 2026,Essay,False,0.4267,1247,5,44.2318,2026-05-20 21:49:53.227618,95.6
AI1141,Spring 2026,Research Paper,False,0.4771,1402,4,4.8861,2026-03-25 21:49:53.228067,83.75
AI1142,Fall 2026,Lab Report,False,0.5128,1713,7,39.62,2026-04-23 21:49:53.228516,67.5
AI1143,Summer 2026,Essay,False,0.4844,2393,11,57.5033,2026-05-16 21:49:53.228965,73.22
AI1144,Summer 2026,Case Study,True,0.4085,857,11,37.626,2026-05-22 21:49:53.229420,75.98
AI1145,Fall 2026,Lab Report,False,0.451,1211,9,45.7545,2026-03-27 21:49:53.229865,69.18
AI1146,Fall 2025,Lab Report,False,0.0953,1240,6,11.1062,2026-04-18 21:49:53.230840,69.39
AI1147,Spring 2026,Essay,False,0.3236,1239,10,33.6848,2026-03-23 21:49:53.231839,63.62
AI1148,Spring 2026,Research Paper,True,0.2972,1664,9,35.4232,2026-07-04 21:49:53.232351,85.43
AI1149,Summer 2026,Research Paper,True,0.4869,1520,10,45.5384,2026-05-09 21:49:53.232808,73.24
AI1150,Fall 2025,Essay,False,0.3014,1689,14,35.2232,2026-08-03 21:49:53.233283,70.1
AI1151,Fall 2026,Research Paper,False,0.4848,1847,8,47.2419,2026-06-02 21:49:53.233602,63.34
AI1152,Spring 2026,Literature Review,True,0.4625,1298,8,44.2443,2026-08-17 21:49:53.233851,82.1
AI1153,Fall 2026,Essay,False,0.623,1033,4,67.2535,2026-03-13 21:49:53.234453,57.38
AI1154,Summer 2026,Essay,True,0.5797,1447,6,36.9384,2026-08-31 21:49:53.234800,74.46
AI1155,Fall 2026,Lab Report,False,0.4101,1568,6,3.0219,2026-07-24 21:49:53.235074,65.05
AI1156,Fall 2026,Essay,True,0.6642,864,12,41.3921,2026-05-31 21:49:53.235432,86.67
AI1157,Fall 2025,Lab Report,False,0.1117,1648,7,11.7311,2026-06-05 21:49:53.236028,68.88
AI1158,Summer 2026,Case Study,True,0.3903,1339,6,12.8532,2026-06-03 21:49:53.236362,81.08
AI1159,Fall 2026,Research Paper,True,0.5991,1331,9,47.5599,2026-09-01 21:49:53.236649,77.07
AI1160,Fall 2026,Research Paper,True,0.5785,1607,7,38.9317,2026-07-15 21:49:53.236908,74.52
AI1161,Fall 2026,Essay,False,0.6213,1762,7,39.3919,2026-03-26 21:49:53.237263,87.94
AI1162,Fall 2026,Case Study,False,0.4347,1642,11,62.1939,2026-04-24 21:49:53.237695,62.57
AI1163,Spring 2026,Case Study,False,0.2906,974,10,21.8334,2026-06-03 21:49:53.238172,55.9
AI1164,Summer 2026,Lab Report,False,0.3517,1324,7,63.1938,2026-04-17 21:49:53.238619,72.94
AI1165,Fall 2026,Case Study,False,0.3054,1588,10,48.0604,2026-04-26 21:49:53.239070,81.91
AI1166,Summer 2026,Literature Review,True,0.5836,1522,11,31.5042,2026-08-01 21:49:53.239507,67.64
AI1167,Fall 2026,Case Study,False,0.4148,1685,12,13.4888,2026-06-10 21:49:53.239980,63.6
AI1168,Summer 2026,Lab Report,False,0.2707,1898,3,23.5565,2026-08-21 21:49:53.240457,81.25
AI1169,Fall 2026,Literature Review,True,0.6593,1755,5,34.0546,2026-04-30 21:49:53.240922,80.53
AI1170,Fall 2026,Lab Report,False,0.4326,1223,8,24.5784,2026-06-15 21:49:53.241426,89.02
AI1171,Fall 2026,Literature Review,True,0.7308,1679,10,18.5181,2026-06-18 21:49:53.241777,75.28
AI1172,Spring 2026,Literature Review,False,0.4403,1590,7,34.0322,2026-08-27 21:49:53.242041,79.3
AI1173,Fall 2026,Lab Report,False,0.3962,791,7,44.1422,2026-03-31 21:49:53.242291,85.17
AI1174,Fall 2026,Research Paper,True,0.5448,1502,6,21.4833,2026-07-01 21:49:53.242535,85.09
AI1175,Summer 2026,Research Paper,False,0.5326,1453,12,22.9017,2026-08-28 21:49:53.242785,91.16
AI1176,Summer 2026,Case Study,False,0.4521,1263,6,33.2031,2026-08-10 21:49:53.243033,53.26
AI1177,Fall 2026,Lab Report,False,0.3195,1159,5,19.6759,2026-08-18 21:49:53.243303,61.14
AI1178,Fall 2026,Essay,True,0.6419,804,8,47.7857,2026-07-26 21:49:53.243547,76.67
AI1179,Fall 2026,Literature Review,True,0.6767,1919,10,31.9593,2026-06-17 21:49:53.243805,87.49
AI1180,Fall 2025,Lab Report,True,0.1092,1640,4,32.5018,2026-08-02 21:49:53.244137,76.47
AI1181,Spring 2026,Essay,False,0.4568,1393,6,14.6609,2026-03-23 21:49:53.244470,79.31
AI1182,Fall 2026,Literature Review,False,0.6523,1817,11,36.3794,2026-07-30 21:49:53.244718,93.87
AI1183,Fall 2026,Case Study,False,0.4421,2071,7,42.9398,2026-05-30 21:49:53.244973,87.32
AI1184,Spring 2026,Case Study,False,0.24,1613,9,54.0582,2026-06-15 21:49:53.245244,64.94
AI1185,Fall 2026,Case Study,False,0.4926,1891,7,49.4672,2026-05-16 21:49:53.245487,100.0
AI1186,Fall 2025,Lab Report,False,0.1935,1230,9,29.6256,2026-07-28 21:49:53.245729,56.61
AI1187,Fall 2025,Essay,True,0.2443,1359,8,13.3265,2026-04-19 21:49:53.245976,83.33
AI1188,Fall 2026,Literature Review,True,0.7226,1795,7,13.3463,2026-06-21 21:49:53.246232,75.42
AI1189,Spring 2026,Essay,False,0.4316,1662,6,35.7954,2026-04-27 21:49:53.246483,77.04
AI1190,Fall 2026,Research Paper,False,0.4674,1137,10,22.6366,2026-03-27 21:49:53.246727,69.71
AI1191,Spring 2026,Essay,True,0.4089,1480,8,27.7377,2026-03-18 21:49:53.247640,80.47
AI1192,Fall 2026,Lab Report,False,0.3641,1710,4,48.7518,2026-07-10 21:49:53.248184,82.01
AI1193,Summer 2026,Case Study,True,0.3814,1510,6,33.8451,2026-04-13 21:49:53.248937,76.25
AI1194,Fall 2026,Essay,True,0.6129,2050,0,31.398,2026-08-14 21:49:53.249492,82.72
AI1195,Summer 2026,Literature Review,False,0.4576,1380,7,50.6883,2026-03-15 21:49:53.250157,79.43
AI1196,Spring 2026,Lab Report,True,0.2469,1689,4,2.5794,2026-03-24 21:49:53.250690,81.78
AI1197,Fall 2026,Lab Report,True,0.4333,1528,5,33.7119,2026-04-10 21:49:53.252818,81.14
AI1198,Spring 2026,Lab Report,True,0.1421,1525,4,28.7917,2026-05-07 21:49:53.253432,80.47
AI1199,Fall 2026,Case Study,False,0.5047,1399,9,67.3008,2026-03-28 21:49:53.254049,68.5
AI1200,Fall 2026,Literature Review,False,0.6873,1858,7,18.3071,2026-08-31 21:49:53.254537,86.67
AI1201,Fall 2025,Research Paper,False,0.263,1286,6,43.363,2026-06-02 21:49:53.254795,58.11
AI1202,Spring 2026,Case Study,False,0.3691,1563,12,13.5293,2026-08-31 21:49:53.255379,90.63
AI1203,Summer 2026,Research Paper,True,0.4884,1439,4,19.3227,2026-08-21 21:49:53.255999,73.43
AI1204,Fall 2026,Lab Report,True,0.3617,1997,7,29.3373,2026-07-26 21:49:53.256711,79.41
AI1205,Fall 2026,Essay,True,0.5608,1524,4,48.7789,2026-06-17 21:49:53.257334,72.95
AI1206,Fall 2026,Lab Report,True,0.5298,2080,10,50.0231,2026-06-25 21:49:53.258199,75.89
AI1207,Summer 2026,Case Study,False,0.3743,1733,9,37.7685,2026-08-07 21:49:53.258740,78.04
AI1208,Fall 2026,Research Paper,True,0.6137,1164,8,26.7932,2026-07-10 21:49:53.259397,73.53
AI1209,Summer 2026,Lab Report,False,0.3106,1876,8,16.819,2026-06-26 21:49:53.260059,83.05
AI1210,Fall 2025,Literature Review,False,0.3848,1317,8,33.3843,2026-09-07 21:49:53.260330,66.11
AI1211,Spring 2026,Research Paper,False,0.3114,1821,7,1.3005,2026-06-01 21:49:53.260584,82.08
AI1212,Fall 2026,Case Study,False,0.397,1323,9,36.931,2026-05-11 21:49:53.260840,75.28
AI1213,Fall 2026,Essay,True,0.4796,913,7,24.7694,2026-05-01 21:49:53.261098,70.04
AI1214,Fall 2026,Literature Review,False,0.6013,1919,12,34.8383,2026-08-28 21:49:53.261355,83.98
AI1215,Fall 2026,Research Paper,True,0.6282,590,4,39.9666,2026-06-19 21:49:53.261661,73.93
AI1216,Fall 2026,Research Paper,False,0.5845,873,8,26.9277,2026-03-25 21:49:53.261915,62.7
AI1217,Spring 2026,Literature Review,False,0.43,1197,4,32.4779,2026-03-17 21:49:53.262166,64.44
AI1218,Fall 2026,Literature Review,False,0.595,2546,3,47.0163,2026-04-24 21:49:53.262422,69.07
AI1219,Fall 2025,Lab Report,False,0.1498,963,4,35.7788,2026-05-17 21:49:53.262666,57.26
AI1220,Fall 2026,Lab Report,False,0.4469,1597,9,48.9628,2026-05-08 21:49:53.262908,54.16
AI1221,Fall 2026,Research Paper,False,0.5728,1249,8,22.8773,2026-04-13 21:49:53.263779,84.53
AI1222,Fall 2026,Essay,False,0.5842,1233,11,72.8667,2026-07-01 21:49:53.265389,85.29
AI1223,Summer 2026,Essay,True,0.4381,1501,9,15.2124,2026-05-05 21:49:53.266734,81.02
AI1224,Spring 2026,Research Paper,False,0.297,1422,5,11.1375,2026-08-16 21:49:53.267535,61.78
AI1225,Fall 2026,Case Study,True,0.4456,1035,9,4.2178,2026-08-21 21:49:53.268149,70.48
AI1226,Fall 2026,Literature Review,True,0.749,1209,6,4.729,2026-08-04 21:49:53.268637,78.72
AI1227,Summer 2026,Case Study,False,0.2634,963,10,70.7764,2026-05-10 21:49:53.269354,59.21
AI1228,Fall 2025,Lab Report,False,0.1909,1554,8,53.8935,2026-04-24 21:49:53.269900,52.92
AI1229,Spring 2026,Literature Review,False,0.3532,1410,5,15.4704,2026-07-02 21:49:53.270202,88.27
AI1230,Fall 2026,Research Paper,False,0.5609,1835,7,31.2885,2026-06-27 21:49:53.270454,71.48
AI1231,Fall 2026,Lab Report,False,0.4142,683,10,7.9569,2026-06-24 21:49:53.270722,58.02
AI1232,Summer 2026,Research Paper,True,0.4343,764,13,20.3865,2026-05-31 21:49:53.271153,80.16
AI1233,Summer 2026,Literature Review,False,0.5917,1674,3,25.5842,2026-07-23 21:49:53.271557,87.09
AI1234,Fall 2026,Case Study,False,0.4093,1592,8,24.0759,2026-03-12 21:49:53.271917,59.47
AI1235,Spring 2026,Literature Review,False,0.3944,1276,10,21.2457,2026-07-23 21:49:53.273301,87.53
AI1236,Fall 2025,Literature Review,False,0.2893,1746,7,16.2487,2026-07-15 21:49:53.274564,99.91
AI1237,Fall 2025,Research Paper,False,0.3217,1534,12,28.2482,2026-03-16 21:49:53.275478,80.46
AI1238,Fall 2025,Essay,False,0.2584,967,13,21.0636,2026-07-08 21:49:53.275951,72.94
AI1239,Fall 2026,Lab Report,True,0.3602,1509,7,76.4207,2026-07-10 21:49:53.276276,79.53
AI1240,Spring 2026,Literature Review,True,0.4921,1450,6,11.493,2026-07-22 21:49:53.276529,73.66
AI1241,Summer 2026,Research Paper,False,0.4405,1771,11,7.9455,2026-04-10 21:49:53.276791,62.88
AI1242,Summer 2026,Research Paper,True,0.5483,1526,7,26.4357,2026-06-02 21:49:53.277147,73.94
AI1243,Summer 2026,Case Study,False,0.3398,1826,7,8.8814,2026-05-14 21:49:53.277433,90.99
AI1244,Summer 2026,Lab Report,False,0.3568,1655,3,39.1699,2026-06-03 21:49:53.278541,78.3
AI1245,Spring 2026,Literature Review,False,0.4012,1642,8,39.56,2026-07-25 21:49:53.280098,61.92
AI1246,Summer 2026,Essay,True,0.5382,2077,7,48.9071,2026-05-30 21:49:53.282062,70.78
AI1247,Fall 2026,Lab Report,True,0.4439,1965,5,16.5587,2026-07-13 21:49:53.282575,77.09
AI1248,Fall 2026,Essay,True,0.7185,1626,5,6.559,2026-06-30 21:49:53.282962,77.39
AI1249,Summer 2026,Research Paper,False,0.3871,1594,6,8.5685,2026-09-05 21:49:53.283347,86.47
AI1250,Summer 2026,Literature Review,True,0.4928,971,11,12.3256,2026-04-30 21:49:53.283761,75.3
AI1251,Fall 2026,Research Paper,False,0.6021,2333,9,23.3642,2026-06-17 21:49:53.284357,86.6
AI1252,Fall 2025,Literature Review,False,0.3202,1353,7,40.6519,2026-08-10 21:49:53.285143,100.0
AI1253,Summer 2026,Lab Report,False,0.2594,1175,7,29.5867,2026-03-21 21:49:53.286945,76.48
AI1254,Spring 2026,Essay,True,0.4617,1749,9,12.1768,2026-06-16 21:49:53.287552,80.17
AI1255,Fall 2025,Research Paper,False,0.2606,1214,9,38.385,2026-03-14 21:49:53.289066,95.86
AI1256,Spring 2026,Lab Report,False,0.1402,1785,6,31.4096,2026-06-12 21:49:53.289401,89.46
AI1257,Spring 2026,Literature Review,True,0.4689,1706,5,22.6894,2026-07-21 21:49:53.289740,75.75
AI1258,Spring 2026,Essay,False,0.4297,1760,12,64.1641,2026-04-14 21:49:53.290088,79.46
AI1259,Spring 2026,Research Paper,False,0.2907,1623,4,38.223,2026-08-13 21:49:53.290381,76.08
AI1260,Fall 2026,Literature Review,False,0.6876,1144,17,47.8792,2026-04-25 21:49:53.291068,91.39
AI1261,Spring 2026,Research Paper,True,0.3246,912,9,27.3436,2026-05-23 21:49:53.291346,82.07
AI1262,Summer 2026,Literature Review,False,0.6272,1973,8,37.5525,2026-04-01 21:49:53.291596,78.64
AI1263,Spring 2026,Case Study,False,0.2028,1999,8,26.9163,2026-04-21 21:49:53.291840,89.22
AI1264,Fall 2025,Essay,False,0.2488,2011,8,47.8022,2026-07-15 21:49:53.292098,53.81
AI1265,Fall 2025,Lab Report,False,0.1141,1987,12,8.3243,2026-06-21 21:49:53.292786,89.15
AI1266,Fall 2026,Lab Report,False,0.4422,2244,6,19.6693,2026-06-06 21:49:53.293320,72.86
AI1267,Fall 2025,Research Paper,False,0.3026,832,8,12.9921,2026-04-12 21:49:53.293850,92.4
AI1268,Fall 2025,Essay,False,0.2346,1732,4,2.2916,2026-08-27 21:49:53.294214,58.45
AI1269,Spring 2026,Case Study,False,0.1895,1803,8,13.9992,2026-08-27 21:49:53.294685,100.0
AI1270,Fall 2026,Essay,False,0.5787,1553,8,30.9051,2026-08-01 21:49:53.295446,100.0
AI1271,Fall 2026,Case Study,False,0.4248,2238,11,12.4564,2026-06-27 21:49:53.295887,83.01
AI1272,Fall 2025,Research Paper,False,0.1695,1403,13,18.1703,2026-06-09 21:49:53.296196,75.15
AI1273,Fall 2026,Case Study,True,0.4371,810,6,10.9498,2026-06-19 21:49:53.296452,84.93
AI1274,Fall 2026,Essay,True,0.6397,1816,8,33.8947,2026-07-04 21:49:53.296710,78.51
AI1275,Spring 2026,Essay,False,0.346,1325,14,16.8564,2026-03-23 21:49:53.298154,73.98
AI1276,Fall 2026,Literature Review,True,0.6581,1938,9,12.5538,2026-07-16 21:49:53.302304,77.69
AI1277,Summer 2026,Case Study,False,0.3265,1895,7,54.9122,2026-08-09 21:49:53.302862,79.94
AI1278,Spring 2026,Literature Review,True,0.5053,1206,8,7.587,2026-04-07 21:49:53.303441,80.86
AI1279,Fall 2026,Case Study,True,0.4829,805,14,52.7377,2026-05-20 21:49:53.304776,72.29
AI1280,Spring 2026,Case Study,False,0.1988,1839,9,20.1782,2026-05-10 21:49:53.312831,80.95
AI1281,Summer 2026,Case Study,False,0.3375,858,4,10.0101,2026-05-25 21:49:53.315808,90.75
AI1282,Fall 2025,Case Study,False,0.149,1669,11,19.2223,2026-04-02 21:49:53.317888,82.54
AI1283,Spring 2026,Literature Review,True,0.4596,1293,5,8.7019,2026-05-17 21:49:53.318687,86.3
AI1284,Fall 2025,Lab Report,False,0.0224,1014,14,26.3293,2026-06-26 21:49:53.320075,81.7
AI1285,Spring 2026,Literature Review,False,0.3972,1432,9,22.3477,2026-07-08 21:49:53.322516,69.89
AI1286,Fall 2026,Case Study,False,0.4541,1360,11,25.1698,2026-07-26 21:49:53.322876,59.96
AI1287,Summer 2026,Essay,True,0.5703,1431,9,8.4303,2026-04-26 21:49:53.323181,83.89
AI1288,Fall 2026,Essay,False,0.5905,1849,7,21.6475,2026-08-16 21:49:53.323438,95.75
AI1289,Fall 2025,Research Paper,False,0.2588,1942,11,55.9642,2026-05-28 21:49:53.323681,66.96
AI1290,Summer 2026,Essay,False,0.481,1184,6,20.4028,2026-09-03 21:49:53.323923,82.99
AI1291,Summer 2026,Case Study,False,0.3189,1279,11,13.2712,2026-09-04 21:49:53.324178,99.5
AI1292,Fall 2026,Research Paper,False,0.4465,1193,4,35.781,2026-05-11 21:49:53.324424,68.01
AI1293,Fall 2025,Research Paper,False,0.2412,1316,6,33.7443,2026-07-08 21:49:53.324680,81.08
AI1294,Spring 2026,Research Paper,False,0.4149,2173,7,53.15,2026-03-13 21:49:53.324978,74.95
AI1295,Fall 2026,Literature Review,False,0.633,1854,5,29.2651,2026-07-26 21:49:53.325972,92.94
AI1296,Fall 2026,Literature Review,True,0.6021,2004,2,8.8013,2026-03-18 21:49:53.327413,72.96
AI1297,Spring 2026,Case Study,False,0.1808,2424,12,11.7925,2026-04-04 21:49:53.329805,67.77
AI1298,Fall 2026,Research Paper,False,0.6955,1508,6,30.2196,2026-08-04 21:49:53.332217,78.07
AI1299,Fall 2026,Lab Report,False,0.3912,2258,8,9.9433,2026-09-03 21:49:53.332524,62.63
AI1300,Fall 2025,Research Paper,False,0.2726,1910,7,40.9313,2026-06-03 21:49:53.332777,68.08
AI1301,Fall 2025,Literature Review,False,0.3493,1048,8,49.9276,2026-03-25 21:49:53.333510,80.89
AI1302,Fall 2026,Essay,True,0.6205,1786,13,45.7664,2026-06-29 21:49:53.334110,76.76
AI1303,Fall 2026,Literature Review,False,0.6502,2404,10,40.6417,2026-05-17 21:49:53.334590,66.62
AI1304,Fall 2026,Essay,False,0.6915,1379,10,52.6797,2026-08-13 21:49:53.336832,51.13
AI1305,Fall 2026,Literature Review,True,0.6289,1443,6,16.8117,2026-06-23 21:49:53.337381,80.67
AI1306,Fall 2026,Case Study,False,0.474,1618,5,31.4843,2026-07-16 21:49:53.338028,91.07
AI1307,Fall 2026,Case Study,True,0.5058,1221,6,51.809,2026-08-24 21:49:53.338924,76.42
AI1308,Fall 2026,Essay,False,0.5928,1997,7,64.5136,2026-08-06 21:49:53.339469,68.02
AI1309,Fall 2025,Case Study,False,0.1739,853,8,15.9275,2026-08-15 21:49:53.339967,63.94
AI1310,Spring 2026,Research Paper,False,0.416,1431,8,12.7373,2026-06-04 21:49:53.340455,68.96
AI1311,Summer 2026,Research Paper,True,0.4099,1520,12,46.7409,2026-09-07 21:49:53.340938,81.68
AI1312,Fall 2026,Lab Report,False,0.3525,1078,8,39.685,2026-03-14 21:49:53.341448,69.96
AI1313,Fall 2026,Literature Review,True,0.6776,1358,10,18.5773,2026-08-02 21:49:53.342120,77.64
AI1314,Fall 2025,Lab Report,False,0.093,1334,6,27.4207,2026-05-09 21:49:53.343164,97.86
AI1315,Fall 2026,Case Study,False,0.538,1421,8,40.4766,2026-09-05 21:49:53.351310,94.04
AI1316,Summer 2026,Essay,True,0.5339,1418,8,28.6498,2026-08-26 21:49:53.352450,81.54
AI1317,Spring 2026,Research Paper,False,0.3814,2031,5,34.7606,2026-06-02 21:49:53.354765,71.01
AI1318,Fall 2025,Essay,True,0.3023,1873,8,34.8394,2026-08-10 21:49:53.358520,76.61
AI1319,Fall 2025,Case Study,False,0.1551,1805,9,33.5202,2026-06-09 21:49:53.360351,90.72
AI1320,Fall 2026,Lab Report,False,0.3877,1403,12,5.0921,2026-06-02 21:49:53.360852,84.27
AI1321,Fall 2026,Research Paper,False,0.4919,1417,4,30.3935,2026-04-29 21:49:53.367642,84.89
AI1322,Fall 2025,Essay,True,0.2728,1450,10,6.5176,2026-09-01 21:49:53.368592,85.66
AI1323,Spring 2026,Case Study,False,0.1616,1217,9,37.1011,2026-08-19 21:49:53.369387,73.73
AI1324,Spring 2026,Essay,False,0.4265,916,11,4.5258,2026-07-25 21:49:53.371385,75.91
AI1325,Spring 2026,Case Study,False,0.2378,865,10,10.8261,2026-07-29 21:49:53.372116,96.04
AI1326,Fall 2026,Lab Report,False,0.3505,1293,6,40.9835,2026-08-01 21:49:53.372745,60.68
AI1327,Fall 2025,Research Paper,False,0.2522,1725,9,8.2198,2026-08-19 21:49:53.373313,88.05
AI1328,Fall 2026,Essay,False,0.5983,994,6,49.9817,2026-04-28 21:49:53.373584,82.3
AI1329,Summer 2026,Literature Review,True,0.5677,1512,11,80.5217,2026-08-16 21:49:53.373829,70.82
AI1330,Fall 2025,Lab Report,False,0.2553,951,7,19.3408,2026-04-23 21:49:53.374561,61.7
AI1331,Fall 2025,Case Study,False,0.1575,442,6,68.8751,2026-09-04 21:49:53.375052,83.44
AI1332,Spring 2026,Case Study,False,0.2861,1604,9,15.3077,2026-06-08 21:49:53.375801,90.56
AI1333,Spring 2026,Literature Review,False,0.4419,924,5,43.0349,2026-04-18 21:49:53.376346,81.25
AI1334,Summer 2026,Research Paper,False,0.3826,1414,8,13.2611,2026-05-03 21:49:53.378344,98.99
AI1335,Fall 2025,Literature Review,True,0.3449,1474,7,52.2947,2026-07-24 21:49:53.379101,76.75
AI1336,Fall 2025,Lab Report,False,0.149,2307,9,31.2287,2026-04-09 21:49:53.379662,61.66
AI1337,Spring 2026,Literature Review,False,0.5229,1706,11,45.0095,2026-08-16 21:49:53.380723,73.39
AI1338,Summer 2026,Case Study,False,0.3527,1281,8,60.3188,2026-03-31 21:49:53.381266,73.94
AI1339,Summer 2026,Literature Review,True,0.6495,635,12,12.0805,2026-05-28 21:49:53.388257,74.91
AI1340,Fall 2026,Research Paper,True,0.5282,487,7,46.8976,2026-03-16 21:49:53.389094,76.99
AI1341,Fall 2026,Literature Review,False,0.6541,1490,4,50.1066,2026-07-13 21:49:53.392569,90.17
AI1342,Summer 2026,Literature Review,True,0.5791,1539,8,7.0258,2026-06-10 21:49:53.393488,82.11
AI1343,Fall 2025,Case Study,False,0.2534,1103,8,61.6165,2026-06-07 21:49:53.394403,78.98
AI1344,Summer 2026,Literature Review,True,0.6062,936,9,23.7666,2026-08-08 21:49:53.395291,75.1
AI1345,Fall 2026,Lab Report,True,0.3435,2012,9,29.2784,2026-04-14 21:49:53.396425,81.52
AI1346,Summer 2026,Lab Report,False,0.2364,1897,8,5.4158,2026-04-21 21:49:53.421193,74.84
AI1347,Fall 2026,Literature Review,True,0.6402,1514,5,33.5671,2026-03-24 21:49:53.424345,75.35
AI1348,Fall 2026,Literature Review,True,0.6196,1607,14,49.0441,2026-03-31 21:49:53.424896,82.13
AI1349,Summer 2026,Research Paper,True,0.4128,1328,7,31.1333,2026-06-06 21:49:53.427571,72.66
AI1350,Fall 2025,Case Study,False,0.1317,908,8,5.3722,2026-04-15 21:49:53.429547,82.84
AI1351,Fall 2026,Essay,True,0.5835,1306,8,35.2653,2026-06-26 21:49:53.431528,79.24
AI1352,Fall 2026,Literature Review,True,0.6897,1480,9,14.8257,2026-03-23 21:49:53.434949,86.22
AI1353,Summer 2026,Literature Review,True,0.6308,1642,14,17.231,2026-04-09 21:49:53.443701,82.38
AI1354,Fall 2026,Research Paper,True,0.5648,2378,10,11.6402,2026-08-05 21:49:53.445643,82.29
AI1355,Fall 2025,Essay,False,0.3123,1433,8,25.0558,2026-05-06 21:49:53.449715,60.78
AI1356,Summer 2026,Lab Report,False,0.417,1424,8,5.1286,2026-05-07 21:49:53.450783,57.32
AI1357,Fall 2025,Essay,False,0.3682,1540,3,63.9764,2026-08-15 21:49:53.451390,49.61
AI1358,Summer 2026,Essay,True,0.4177,1311,5,23.8698,2026-05-03 21:49:53.460728,80.02
AI1359,Spring 2026,Literature Review,True,0.5488,1265,6,27.5437,2026-08-21 21:49:53.462785,71.83
AI1360,Summer 2026,Essay,True,0.5961,1213,9,30.8705,2026-04-10 21:49:53.463905,75.74
AI1361,Fall 2026,Literature Review,False,0.6882,2117,13,37.6862,2026-05-02 21:49:53.464989,58.04
AI1362,Spring 2026,Research Paper,True,0.3615,1653,6,18.4335,2026-03-26 21:49:53.465521,72.64
AI1363,Summer 2026,Lab Report,False,0.3736,1829,9,21.6034,2026-06-14 21:49:53.466075,73.35
AI1364,Fall 2026,Research Paper,False,0.4934,1810,4,54.0444,2026-05-19 21:49:53.466562,85.47
AI1365,Spring 2026,Research Paper,True,0.321,1662,9,7.0023,2026-05-23 21:49:53.468778,78.53
AI1366,Fall 2025,Lab Report,False,0.1351,1329,8,12.3107,2026-07-08 21:49:53.469638,71.27
AI1367,Fall 2025,Literature Review,False,0.2997,1361,10,31.3987,2026-06-11 21:49:53.470673,88.58
AI1368,Fall 2025,Case Study,False,0.1371,1599,12,9.6208,2026-07-12 21:49:53.471263,79.91
AI1369,Fall 2026,Research Paper,True,0.6028,2019,8,22.2522,2026-06-01 21:49:53.471731,72.92
AI1370,Fall 2026,Lab Report,False,0.437,1576,9,64.3089,2026-07-27 21:49:53.472337,54.79
AI1371,Summer 2026,Literature Review,True,0.5806,2320,5,35.9734,2026-04-06 21:49:53.478386,74.57
AI1372,Summer 2026,Case Study,False,0.3167,1568,10,20.8406,2026-06-27 21:49:53.478898,63.63
AI1373,Fall 2025,Literature Review,False,0.4314,1938,9,28.9164,2026-07-22 21:49:53.479575,65.58
AI1374,Summer 2026,Lab Report,False,0.34,1412,6,43.1857,2026-03-14 21:49:53.482604,85.85
AI1375,Fall 2026,Lab Report,True,0.3601,1277,4,24.4143,2026-08-27 21:49:53.483214,72.57
AI1376,Summer 2026,Essay,True,0.5296,1071,6,66.7236,2026-04-26 21:49:53.483718,81.83
AI1377,Summer 2026,Lab Report,True,0.2632,1475,7,30.5775,2026-03-27 21:49:53.484543,80.59
AI1378,Summer 2026,Essay,True,0.5082,1277,10,52.2533,2026-04-23 21:49:53.485315,82.82
AI1379,Fall 2026,Lab Report,False,0.4085,1745,9,34.8902,2026-06-21 21:49:53.485847,85.84
AI1380,Spring 2026,Literature Review,True,0.4087,1944,5,21.614,2026-08-30 21:49:53.487052,75.34
AI1381,Fall 2026,Literature Review,False,0.5745,1594,6,56.1961,2026-08-18 21:49:53.487608,78.78
AI1382,Fall 2026,Literature Review,False,0.6402,1809,10,19.1892,2026-04-25 21:49:53.488095,67.49
AI1383,Fall 2026,Essay,False,0.6071,1425,4,56.3868,2026-03-28 21:49:53.488529,76.94
AI1384,Fall 2026,Lab Report,False,0.3788,1410,10,62.1832,2026-05-27 21:49:53.488925,50.23
AI1385,Fall 2025,Lab Report,False,0.0764,1734,8,54.7601,2026-08-07 21:49:53.489433,76.23
AI1386,Fall 2026,Lab Report,False,0.4247,1341,6,35.0603,2026-05-26 21:49:53.489907,95.6
AI1387,Spring 2026,Literature Review,True,0.439,1694,8,43.9413,2026-05-25 21:49:53.490443,80.98
AI1388,Spring 2026,Research Paper,False,0.3392,2000,10,53.1107,2026-07-21 21:49:53.491200,90.58
AI1389,Spring 2026,Lab Report,False,0.2016,1651,6,18.5314,2026-04-01 21:49:53.491707,77.23
AI1390,Fall 2026,Essay,False,0.5852,1826,5,23.7012,2026-03-28 21:49:53.492241,69.77
AI1391,Fall 2026,Case Study,False,0.407,1571,11,25.201,2026-06-04 21:49:53.492722,93.1
AI1392,Fall 2026,Case Study,False,0.4828,1533,10,31.434,2026-06-13 21:49:53.493294,80.17
AI1393,Fall 2025,Essay,False,0.2865,1636,9,56.864,2026-08-22 21:49:53.493824,71.2
AI1394,Spring 2026,Lab Report,False,0.1922,1963,4,22.5891,2026-05-25 21:49:53.494348,91.26
AI1395,Summer 2026,Essay,True,0.4558,1708,7,54.9487,2026-05-28 21:49:53.494826,84.45
AI1396,Spring 2026,Lab Report,False,0.1573,1102,14,38.025,2026-08-13 21:49:53.495548,83.53
AI1397,Spring 2026,Case Study,False,0.2616,2067,9,35.771,2026-06-22 21:49:53.496272,63.32
AI1398,Fall 2026,Case Study,False,0.4101,1873,8,46.7872,2026-05-08 21:49:53.499675,58.36
AI1399,Fall 2026,Essay,False,0.5118,1877,9,75.5254,2026-05-28 21:49:53.501427,84.02
AI1400,Summer 2026,Lab Report,False,0.3298,1114,6,40.6239,2026-06-20 21:49:53.501783,54.21
AI1401,Summer 2026,Literature Review,False,0.5301,981,6,60.9396,2026-09-06 21:49:53.502262,86.16
AI1402,Fall 2026,Case Study,True,0.5253,881,10,16.4371,2026-08-24 21:49:53.502727,79.23
AI1403,Fall 2026,Literature Review,True,0.6875,977,7,37.3584,2026-05-10 21:49:53.503197,76.74
AI1404,Summer 2026,Lab Report,False,0.3139,1643,11,49.0792,2026-08-04 21:49:53.504024,79.24
AI1405,Spring 2026,Research Paper,False,0.2788,1623,10,9.0047,2026-08-01 21:49:53.504902,50.64
AI1406,Fall 2026,Research Paper,True,0.5493,1705,6,50.357,2026-05-16 21:49:53.505564,76.26
AI1407,Fall 2025,Lab Report,False,0.1775,1242,5,60.3521,2026-07-19 21:49:53.505869,73.59
AI1408,Spring 2026,Research Paper,True,0.3873,2214,5,21.2046,2026-05-31 21:49:53.506135,85.99
AI1409,Fall 2026,Lab Report,False,0.3912,1641,7,35.7016,2026-05-25 21:49:53.506392,70.96
AI1410,Spring 2026,Case Study,False,0.2682,1518,3,23.801,2026-07-14 21:49:53.506641,77.13
AI1411,Summer 2026,Case Study,False,0.285,1221,5,33.7935,2026-05-11 21:49:53.506888,76.63
AI1412,Spring 2026,Essay,False,0.4263,1103,10,42.599,2026-05-30 21:49:53.507149,76.01
AI1413,Fall 2026,Research Paper,True,0.5691,1695,6,12.0106,2026-07-25 21:49:53.507457,76.94
AI1414,Spring 2026,Case Study,False,0.2706,1829,3,31.7506,2026-04-30 21:49:53.507716,61.87
AI1415,Fall 2026,Literature Review,True,0.6739,1250,8,62.3137,2026-07-09 21:49:53.507966,79.97
AI1416,Summer 2026,Essay,False,0.5195,833,11,65.9642,2026-04-17 21:49:53.508221,74.3
AI1417,Fall 2026,Case Study,False,0.444,1164,8,49.8024,2026-07-14 21:49:53.508546,87.53
AI1418,Spring 2026,Lab Report,False,0.2339,1345,8,30.5141,2026-05-27 21:49:53.509594,81.53
AI1419,Fall 2026,Lab Report,True,0.4287,1640,6,67.6986,2026-05-06 21:49:53.510563,76.52
AI1420,Summer 2026,Essay,True,0.4004,1237,6,65.8035,2026-04-30 21:49:53.511188,78.65
AI1421,Fall 2026,Lab Report,False,0.4508,1294,5,21.9376,2026-06-14 21:49:53.511701,75.16
AI1422,Spring 2026,Case Study,False,0.3458,1859,3,3.311,2026-07-20 21:49:53.512209,75.42
AI1423,Fall 2025,Case Study,False,0.1877,1663,10,33.4382,2026-06-11 21:49:53.513009,43.98
AI1424,Summer 2026,Lab Report,False,0.3555,1435,10,29.5862,2026-05-19 21:49:53.514999,71.43
AI1425,Fall 2026,Case Study,False,0.4916,1923,7,13.1153,2026-07-12 21:49:53.515530,55.81
AI1426,Spring 2026,Lab Report,True,0.163,1216,12,44.2441,2026-03-18 21:49:53.515848,70.73
AI1427,Fall 2025,Research Paper,False,0.2831,1546,9,62.7863,2026-05-11 21:49:53.516403,93.75
AI1428,Summer 2026,Research Paper,True,0.4749,1276,6,44.3838,2026-08-09 21:49:53.517444,82.1
AI1429,Summer 2026,Research Paper,True,0.557,1903,12,33.729,2026-07-15 21:49:53.517860,76.74
AI1430,Spring 2026,Essay,True,0.4538,1390,10,25.4018,2026-04-27 21:49:53.518305,82.44
AI1431,Fall 2026,Case Study,True,0.5016,1920,7,61.5955,2026-08-02 21:49:53.518872,75.34
AI1432,Fall 2026,Lab Report,True,0.4089,1539,5,6.5008,2026-05-05 21:49:53.519472,76.8
AI1433,Summer 2026,Research Paper,False,0.4271,1991,15,34.1474,2026-07-05 21:49:53.519924,73.57
AI1434,Fall 2026,Lab Report,False,0.3912,1311,6,30.5129,2026-07-15 21:49:53.520457,73.72
AI1435,Spring 2026,Case Study,False,0.2599,1314,8,7.2837,2026-07-03 21:49:53.521087,74.39
AI1436,Fall 2025,Case Study,False,0.1039,756,9,27.982,2026-08-06 21:49:53.521616,68.92
AI1437,Fall 2026,Case Study,False,0.3861,2267,12,10.0779,2026-07-09 21:49:53.522113,69.42
AI1438,Spring 2026,Case Study,False,0.2295,1452,4,59.4919,2026-05-12 21:49:53.522553,77.38
AI1439,Fall 2025,Case Study,True,0.1733,1477,7,17.1851,2026-08-12 21:49:53.522918,82.42
AI1440,Fall 2026,Case Study,False,0.5022,1119,9,17.6125,2026-07-29 21:49:53.523636,84.72
AI1441,Fall 2026,Research Paper,True,0.5316,1779,4,50.4421,2026-07-22 21:49:53.524172,71.29
AI1442,Fall 2026,Literature Review,False,0.6064,1749,2,26.3139,2026-08-30 21:49:53.524701,86.13
AI1443,Summer 2026,Case Study,True,0.3839,1919,12,48.0625,2026-08-01 21:49:53.525401,87.89
AI1444,Summer 2026,Literature Review,False,0.4089,1177,10,16.3218,2026-09-02 21:49:53.525906,77.6
AI1445,Fall 2026,Lab Report,False,0.3925,2411,10,31.5735,2026-06-22 21:49:53.526403,59.83
AI1446,Summer 2026,Essay,False,0.4526,945,11,31.1395,2026-08-04 21:49:53.526963,82.31
AI1447,Fall 2025,Essay,False,0.2717,1597,5,41.2628,2026-04-29 21:49:53.527607,78.9
AI1448,Fall 2026,Case Study,False,0.4174,1700,12,34.2793,2026-07-10 21:49:53.528096,86.57
AI1449,Fall 2026,Case Study,True,0.4654,1615,8,34.334,2026-08-09 21:49:53.528823,70.64
AI1450,Fall 2026,Lab Report,True,0.3259,1701,12,18.1957,2026-05-05 21:49:53.529337,79.9
AI1451,Spring 2026,Literature Review,False,0.3929,1067,11,46.9618,2026-05-23 21:49:53.529802,61.67
AI1452,Summer 2026,Literature Review,True,0.5602,1470,8,58.3844,2026-05-18 21:49:53.532220,82.27
AI1453,Summer 2026,Literature Review,True,0.5113,1081,9,31.2663,2026-08-17 21:49:53.533206,76.82
AI1454,Summer 2026,Literature Review,False,0.598,714,9,44.5831,2026-06-24 21:49:53.534654,57.51
AI1455,Summer 2026,Research Paper,False,0.4532,1908,4,56.8058,2026-05-17 21:49:53.535510,100.0
AI1456,Fall 2025,Research Paper,False,0.1952,1311,9,79.281,2026-06-13 21:49:53.535937,67.82
AI1457,Summer 2026,Case Study,False,0.3402,2469,7,63.5034,2026-06-20 21:49:53.536441,67.45
AI1458,Fall 2026,Literature Review,True,0.625,752,13,28.6685,2026-06-19 21:49:53.537192,84.41
AI1459,Spring 2026,Literature Review,True,0.4378,1281,10,44.8882,2026-06-29 21:49:53.537695,80.79
AI1460,Fall 2026,Lab Report,True,0.3728,1040,14,15.8358,2026-03-27 21:49:53.538188,72.36
AI1461,Spring 2026,Essay,False,0.3708,1017,8,40.2082,2026-06-07 21:49:53.538656,59.42
AI1462,Fall 2025,Research Paper,False,0.303,1882,9,35.5397,2026-05-13 21:49:53.539127,83.75
AI1463,Summer 2026,Lab Report,True,0.363,1025,4,31.0441,2026-08-16 21:49:53.539585,76.66
AI1464,Summer 2026,Lab Report,False,0.2771,1664,11,1.822,2026-05-31 21:49:53.540034,79.89
AI1465,Fall 2026,Literature Review,True,0.6578,1171,7,31.1204,2026-08-15 21:49:53.540483,75.99
AI1466,Summer 2026,Lab Report,False,0.3227,1156,9,51.7391,2026-08-02 21:49:53.540950,70.9
AI1467,Fall 2026,Lab Report,False,0.413,2124,8,46.6135,2026-03-26 21:49:53.541451,73.38
AI1468,Fall 2026,Case Study,True,0.4385,1505,12,22.5006,2026-06-14 21:49:53.541916,73.09
AI1469,Spring 2026,Essay,False,0.3236,1207,9,50.1083,2026-07-19 21:49:53.542571,100.0
AI1470,Spring 2026,Case Study,False,0.2415,1869,8,25.8272,2026-04-07 21:49:53.543099,79.94
AI1471,Fall 2026,Case Study,False,0.4703,1043,9,20.7684,2026-07-27 21:49:53.543600,60.59
AI1472,Summer 2026,Research Paper,False,0.4894,1625,10,52.393,2026-06-03 21:49:53.544067,91.97
AI1473,Summer 2026,Essay,True,0.548,792,5,49.7464,2026-05-08 21:49:53.544514,83.56
AI1474,Fall 2025,Research Paper,False,0.2175,1810,13,48.6804,2026-08-29 21:49:53.544969,87.9
AI1475,Summer 2026,Research Paper,False,0.4738,1496,4,42.5374,2026-08-04 21:49:53.545420,84.06
AI1476,Fall 2026,Lab Report,True,0.4061,1876,9,7.6504,2026-07-12 21:49:53.545859,71.89
AI1477,Spring 2026,Research Paper,True,0.3271,1364,9,45.2022,2026-05-08 21:49:53.546360,76.28
AI1478,Spring 2026,Case Study,False,0.329,1861,6,31.2899,2026-06-02 21:49:53.547735,76.44
AI1479,Fall 2026,Literature Review,False,0.6234,1104,6,46.8112,2026-03-28 21:49:53.548295,59.78
AI1480,Summer 2026,Literature Review,False,0.5322,1502,10,33.5206,2026-06-26 21:49:53.548554,64.56
AI1481,Summer 2026,Literature Review,True,0.5641,2202,10,33.1851,2026-04-04 21:49:53.548797,77.39
AI1482,Fall 2026,Case Study,True,0.3926,1101,11,35.5895,2026-07-07 21:49:53.549387,85.95
AI1483,Spring 2026,Case Study,False,0.193,1688,7,41.3128,2026-06-05 21:49:53.549678,65.62
AI1484,Summer 2026,Case Study,False,0.3175,1603,14,12.297,2026-07-25 21:49:53.549926,66.09
AI1485,Fall 2026,Lab Report,False,0.4306,2299,11,22.2634,2026-03-17 21:49:53.550404,59.66
AI1486,Summer 2026,Case Study,False,0.2953,1238,8,49.537,2026-05-16 21:49:53.550675,76.06
AI1487,Fall 2026,Research Paper,True,0.5685,1156,3,43.8921,2026-08-12 21:49:53.551419,75.49
AI1488,Spring 2026,Research Paper,False,0.3365,1470,11,18.1996,2026-04-25 21:49:53.552033,77.76
AI1489,Spring 2026,Essay,True,0.4289,1698,6,75.5843,2026-07-12 21:49:53.552546,79.95
AI1490,Summer 2026,Essay,False,0.4947,1700,9,41.7151,2026-06-10 21:49:53.553025,78.92
AI1491,Fall 2025,Literature Review,True,0.3641,634,6,28.482,2026-07-01 21:49:53.553676,80.62
AI1492,Fall 2026,Literature Review,True,0.6013,2133,9,17.9587,2026-08-21 21:49:53.553977,66.42
AI1493,Spring 2026,Essay,True,0.3985,1372,7,42.2555,2026-05-15 21:49:53.554235,76.61
AI1494,Fall 2026,Case Study,True,0.3993,1764,6,24.0897,2026-07-01 21:49:53.554488,80.71
AI1495,Fall 2026,Research Paper,False,0.525,1838,12,51.3734,2026-05-18 21:49:53.554735,81.57
AI1496,Fall 2026,Case Study,False,0.4631,1282,7,32.2061,2026-04-07 21:49:53.554996,72.4
AI1497,Fall 2025,Literature Review,False,0.4174,1208,13,23.0772,2026-03-31 21:49:53.555253,90.54
AI1498,Spring 2026,Lab Report,False,0.221,1020,4,5.1172,2026-04-23 21:49:53.555494,85.74
AI1499,Fall 2026,Essay,False,0.5059,1369,4,60.5505,2026-03-17 21:49:53.555735,82.13
AI1500,Spring 2026,Lab Report,True,0.2537,1695,7,56.7266,2026-05-16 21:49:53.556062,84.2
AI1501,Fall 2026,Case Study,False,0.4307,1480,5,21.2608,2026-06-09 21:49:53.556455,69.64
AI1502,Summer 2026,Research Paper,True,0.46,1203,14,38.6088,2026-09-04 21:49:53.556703,83.54
AI1503,Fall 2025,Literature Review,False,0.2817,1444,14,60.5743,2026-04-14 21:49:53.556977,63.32
AI1504,Spring 2026,Case Study,True,0.3111,1091,8,39.1347,2026-04-03 21:49:53.557233,79.98
AI1505,Fall 2026,Literature Review,False,0.6469,1629,8,42.0781,2026-05-25 21:49:53.557482,83.72
AI1506,Fall 2025,Research Paper,False,0.1971,913,6,10.9493,2026-05-02 21:49:53.557783,63.89
AI1507,Summer 2026,Essay,True,0.5346,1452,9,36.6782,2026-06-11 21:49:53.558049,75.67
AI1508,Fall 2026,Lab Report,True,0.3597,1613,4,14.7456,2026-07-05 21:49:53.558299,80.93
AI1509,Summer 2026,Essay,True,0.507,2050,9,20.2104,2026-07-17 21:49:53.558569,78.46
AI1510,Summer 2026,Literature Review,False,0.6,940,9,42.6336,2026-03-30 21:49:53.558827,45.62
AI1511,Fall 2026,Lab Report,False,0.3488,1114,10,21.7559,2026-05-29 21:49:53.559228,56.49
AI1512,Summer 2026,Essay,False,0.4837,1667,9,54.2601,2026-05-12 21:49:53.559494,75.62
AI1513,Summer 2026,Research Paper,True,0.4718,1075,3,19.9778,2026-04-23 21:49:53.559735,68.77
AI1514,Fall 2026,Essay,False,0.5231,1258,11,62.2707,2026-04-22 21:49:53.560090,88.52
AI1515,Fall 2026,Research Paper,False,0.5153,932,9,37.5753,2026-03-24 21:49:53.560351,82.64
AI1516,Fall 2025,Lab Report,False,0.0,944,7,74.6904,2026-05-02 21:49:53.560595,87.28
AI1517,Summer 2026,Essay,False,0.5048,2002,8,27.2417,2026-06-29 21:49:53.560838,62.7
AI1518,Fall 2025,Literature Review,False,0.4101,1569,8,24.2052,2026-06-12 21:49:53.561100,73.11
AI1519,Summer 2026,Lab Report,False,0.2185,1203,15,20.9878,2026-08-02 21:49:53.561372,100.0
AI1520,Spring 2026,Essay,False,0.3528,1672,13,57.4442,2026-05-26 21:49:53.561629,82.26
AI1521,Fall 2025,Lab Report,False,0.1393,1109,5,65.9627,2026-07-07 21:49:53.561872,54.93
AI1522,Fall 2025,Lab Report,False,0.0813,1760,4,40.5124,2026-05-24 21:49:53.562125,93.1
AI1523,Summer 2026,Case Study,False,0.3192,1031,3,42.5059,2026-06-26 21:49:53.562373,91.04
AI1524,Summer 2026,Literature Review,True,0.5806,1358,8,6.5641,2026-07-07 21:49:53.562616,90.83
AI1525,Spring 2026,Essay,False,0.4567,1751,8,24.0445,2026-08-04 21:49:53.562864,76.0
AI1526,Fall 2025,Literature Review,True,0.4086,1965,7,36.1584,2026-03-18 21:49:53.563526,78.29
AI1527,Spring 2026,Literature Review,True,0.5023,1620,13,28.0615,2026-07-04 21:49:53.564073,76.7
AI1528,Summer 2026,Case Study,True,0.3405,1293,8,28.3127,2026-06-09 21:49:53.564572,85.73
AI1529,Fall 2025,Essay,False,0.3398,1497,9,32.2785,2026-07-07 21:49:53.564936,65.91
AI1530,Fall 2025,Case Study,False,0.1271,1911,6,12.7135,2026-07-25 21:49:53.565227,81.81
AI1531,Spring 2026,Research Paper,False,0.3054,1589,5,37.848,2026-08-01 21:49:53.565473,64.48
AI1532,Summer 2026,Research Paper,False,0.4531,1470,4,44.3838,2026-07-31 21:49:53.565719,86.29
AI1533,Summer 2026,Research Paper,False,0.5086,1421,3,44.1834,2026-03-19 21:49:53.565966,79.79
AI1534,Fall 2026,Research Paper,False,0.5782,1502,11,10.9989,2026-08-02 21:49:53.566271,64.97
AI1535,Fall 2025,Lab Report,False,0.1588,2263,13,1.2758,2026-06-25 21:49:53.566835,71.04
AI1536,Summer 2026,Research Paper,True,0.475,1399,6,50.1222,2026-08-23 21:49:53.567297,74.52
AI1537,Summer 2026,Essay,False,0.5257,1507,9,28.3071,2026-03-19 21:49:53.567607,100.0
AI1538,Spring 2026,Case Study,True,0.251,1903,12,13.9874,2026-05-19 21:49:53.567862,79.68
AI1539,Fall 2026,Lab Report,True,0.4322,1206,8,58.1446,2026-08-10 21:49:53.568133,84.32
AI1540,Fall 2026,Literature Review,True,0.7264,1891,14,28.4981,2026-04-28 21:49:53.568395,82.86
AI1541,Fall 2026,Case Study,False,0.3592,1642,6,62.0772,2026-07-04 21:49:53.568650,68.68
AI1542,Fall 2025,Essay,False,0.3857,1816,13,17.0686,2026-08-22 21:49:53.568893,75.89
AI1543,Summer 2026,Literature Review,True,0.5578,1409,10,61.5916,2026-03-30 21:49:53.569465,76.35
AI1544,Fall 2025,Lab Report,False,0.1105,1654,4,12.9663,2026-07-05 21:49:53.570005,74.12
AI1545,Fall 2026,Research Paper,True,0.6722,1511,11,85.4362,2026-06-12 21:49:53.570492,75.61
AI1546,Fall 2025,Lab Report,False,0.0716,1164,4,50.6616,2026-06-30 21:49:53.570988,91.15
AI1547,Summer 2026,Case Study,False,0.2691,2222,7,31.9642,2026-06-16 21:49:53.571459,68.63
AI1548,Fall 2025,Essay,False,0.3323,1223,10,32.5891,2026-05-08 21:49:53.571915,77.42
AI1549,Summer 2026,Case Study,False,0.3311,1792,8,11.6062,2026-07-01 21:49:53.572447,65.1
AI1550,Summer 2026,Essay,False,0.4541,1897,12,84.6973,2026-08-13 21:49:53.572982,55.81
AI1551,Fall 2026,Case Study,False,0.4751,1168,5,37.5509,2026-06-25 21:49:53.573446,62.48
AI1552,Summer 2026,Essay,True,0.4647,1670,10,26.9578,2026-07-05 21:49:53.573844,84.18
AI1553,Fall 2025,Literature Review,False,0.2713,1662,5,25.2856,2026-05-12 21:49:53.574174,84.3
AI1554,Spring 2026,Essay,True,0.3669,1154,10,42.1769,2026-05-17 21:49:53.574425,87.07
AI1555,Summer 2026,Lab Report,True,0.2378,2138,4,30.5389,2026-07-09 21:49:53.574674,75.97
AI1556,Fall 2026,Lab Report,True,0.4211,1151,19,32.6545,2026-07-29 21:49:53.574924,72.34
AI1557,Summer 2026,Case Study,True,0.3229,1523,8,30.5177,2026-06-26 21:49:53.575180,71.74
AI1558,Summer 2026,Essay,True,0.424,1577,10,56.2003,2026-06-28 21:49:53.575429,76.39
AI1559,Fall 2026,Research Paper,False,0.5212,2120,9,3.2631,2026-06-24 21:49:53.575700,81.35
AI1560,Fall 2026,Research Paper,True,0.544,1380,6,50.7108,2026-07-18 21:49:53.575943,81.84
AI1561,Fall 2026,Research Paper,True,0.5669,1553,7,54.6011,2026-08-03 21:49:53.576200,75.76
AI1562,Fall 2025,Research Paper,False,0.2416,1110,6,32.439,2026-07-25 21:49:53.576463,74.2
AI1563,Summer 2026,Essay,True,0.5272,1180,9,35.2249,2026-07-03 21:49:53.576706,73.41
AI1564,Fall 2026,Essay,True,0.5858,1833,6,25.1944,2026-06-02 21:49:53.576960,85.11
AI1565,Summer 2026,Literature Review,True,0.5121,1769,6,11.2776,2026-06-20 21:49:53.577212,83.26
AI1566,Fall 2025,Literature Review,False,0.3399,1949,10,16.9867,2026-07-19 21:49:53.577463,89.95
AI1567,Spring 2026,Lab Report,False,0.2117,1273,5,34.0098,2026-06-23 21:49:53.577707,89.77
AI1568,Summer 2026,Case Study,False,0.3598,1680,12,61.0999,2026-05-10 21:49:53.577951,75.52
AI1569,Fall 2026,Lab Report,False,0.4006,1290,9,34.1876,2026-03-28 21:49:53.578212,89.33
AI1570,Fall 2026,Case Study,True,0.4486,1641,5,29.8434,2026-04-25 21:49:53.578466,74.99
AI1571,Spring 2026,Research Paper,False,0.4348,1541,8,16.5424,2026-07-17 21:49:53.578718,82.26
AI1572,Fall 2026,Essay,False,0.6081,1939,6,15.1443,2026-08-24 21:49:53.578965,84.91
AI1573,Fall 2025,Research Paper,False,0.2191,1948,10,15.8675,2026-08-07 21:49:53.579211,71.48
AI1574,Fall 2026,Research Paper,True,0.5422,2265,9,43.8246,2026-09-01 21:49:53.579452,79.97
AI1575,Fall 2026,Research Paper,False,0.5558,1920,10,30.7318,2026-09-06 21:49:53.579698,76.38
AI1576,Fall 2025,Case Study,False,0.2103,1140,9,16.9381,2026-07-13 21:49:53.580171,85.02
AI1577,Spring 2026,Research Paper,True,0.3629,1629,9,21.505,2026-06-13 21:49:53.580529,78.91
AI1578,Fall 2026,Case Study,False,0.5191,2338,15,47.5712,2026-08-02 21:49:53.580799,83.62
AI1579,Fall 2026,Lab Report,False,0.2933,1614,11,15.9998,2026-07-21 21:49:53.581415,84.4
AI1580,Fall 2026,Research Paper,True,0.6193,1686,6,29.9015,2026-08-06 21:49:53.581900,83.96
AI1581,Fall 2025,Essay,True,0.3398,1232,13,19.4823,2026-05-05 21:49:53.582419,89.08
AI1582,Summer 2026,Lab Report,False,0.3279,2046,8,6.4715,2026-04-01 21:49:53.582834,61.27
AI1583,Spring 2026,Case Study,False,0.2284,412,5,27.7689,2026-04-27 21:49:53.583109,82.86
AI1584,Summer 2026,Research Paper,False,0.5051,1441,10,23.1403,2026-07-06 21:49:53.583358,77.98
AI1585,Fall 2026,Literature Review,True,0.6789,1257,3,11.9334,2026-03-25 21:49:53.584025,69.57
AI1586,Summer 2026,Essay,True,0.4689,917,6,27.4688,2026-03-29 21:49:53.584366,71.71
AI1587,Summer 2026,Essay,False,0.5049,1782,8,45.8358,2026-05-27 21:49:53.584624,68.13
AI1588,Spring 2026,Literature Review,True,0.47,1243,6,28.3276,2026-08-20 21:49:53.584895,83.01
AI1589,Spring 2026,Lab Report,False,0.2692,1319,11,24.1015,2026-07-14 21:49:53.585184,63.08
AI1590,Fall 2026,Lab Report,True,0.332,1754,6,65.1189,2026-03-27 21:49:53.585439,83.67
AI1591,Fall 2026,Lab Report,False,0.3868,1345,10,60.9907,2026-06-13 21:49:53.585689,73.86
AI1592,Summer 2026,Essay,True,0.5275,1919,4,55.3265,2026-05-17 21:49:53.585937,76.16
AI1593,Fall 2026,Case Study,True,0.4827,1442,8,70.1179,2026-06-10 21:49:53.586217,72.5
AI1594,Summer 2026,Lab Report,False,0.3809,1025,16,79.2096,2026-07-07 21:49:53.586477,60.98
AI1595,Fall 2025,Lab Report,False,0.0733,1962,8,35.8212,2026-08-25 21:49:53.586729,73.53
AI1596,Fall 2026,Case Study,False,0.48,1474,9,22.4104,2026-04-20 21:49:53.586984,65.89
AI1597,Summer 2026,Research Paper,False,0.4121,2123,6,35.8783,2026-03-13 21:49:53.587240,76.4
AI1598,Summer 2026,Case Study,True,0.2843,1845,6,46.9806,2026-08-30 21:49:53.587538,83.31
AI1599,Fall 2026,Lab Report,False,0.3742,759,9,13.942,2026-06-12 21:49:53.587823,83.14
AI1600,Spring 2026,Case Study,True,0.3099,1438,12,58.231,2026-03-20 21:49:53.588121,82.16
AI1601,Fall 2026,Lab Report,False,0.3797,1469,12,14.473,2026-07-02 21:49:53.588385,74.31
AI1602,Fall 2026,Research Paper,True,0.6334,1741,9,8.6671,2026-06-14 21:49:53.588634,81.56
AI1603,Fall 2026,Literature Review,True,0.7068,1229,10,47.3909,2026-09-07 21:49:53.588917,72.73
AI1604,Summer 2026,Case Study,False,0.3374,798,8,39.2077,2026-04-01 21:49:53.589200,72.3
AI1605,Spring 2026,Case Study,False,0.2477,2178,9,30.2699,2026-03-18 21:49:53.589516,86.05
AI1606,Fall 2025,Lab Report,False,0.1,1160,10,15.604,2026-08-31 21:49:53.589763,59.2
AI1607,Fall 2026,Research Paper,False,0.5795,1049,10,68.6698,2026-06-18 21:49:53.590016,59.54
AI1608,Fall 2026,Essay,False,0.623,2139,9,14.3269,2026-08-19 21:49:53.590286,68.01
AI1609,Summer 2026,Literature Review,False,0.6364,488,4,42.0737,2026-06-10 21:49:53.590535,100.0
AI1610,Spring 2026,Lab Report,True,0.2779,1527,13,47.6783,2026-08-08 21:49:53.590778,81.66
AI1611,Fall 2025,Research Paper,False,0.2766,1427,16,27.5378,2026-08-19 21:49:53.591046,73.95
AI1612,Fall 2026,Research Paper,False,0.5324,1137,14,31.5385,2026-08-06 21:49:53.591316,87.34
AI1613,Spring 2026,Essay,False,0.3985,1610,12,35.9655,2026-05-11 21:49:53.591561,83.98
AI1614,Spring 2026,Essay,True,0.5503,1754,10,23.5181,2026-05-12 21:49:53.591805,73.92
AI1615,Spring 2026,Case Study,False,0.1406,1882,9,33.5771,2026-07-30 21:49:53.592066,75.06
AI1616,Summer 2026,Case Study,True,0.3775,962,2,58.9522,2026-04-16 21:49:53.592323,83.46
AI1617,Fall 2026,Lab Report,True,0.3441,1756,9,41.5877,2026-09-01 21:49:53.592571,82.66
AI1618,Fall 2026,Literature Review,True,0.5092,1273,3,50.735,2026-05-19 21:49:53.592820,67.91
AI1619,Summer 2026,Research Paper,False,0.534,1241,7,10.199,2026-04-18 21:49:53.593078,80.27
AI1620,Spring 2026,Research Paper,False,0.3954,2237,15,52.7148,2026-03-12 21:49:53.593327,61.53
AI1621,Summer 2026,Literature Review,False,0.5303,2334,5,28.1383,2026-04-13 21:49:53.593570,60.78
AI1622,Summer 2026,Case Study,False,0.3794,1694,9,34.1278,2026-07-17 21:49:53.593811,73.12
AI1623,Summer 2026,Case Study,False,0.3109,2216,10,15.7636,2026-09-06 21:49:53.594060,69.12
AI1624,Fall 2026,Literature Review,True,0.6077,1328,6,19.168,2026-08-06 21:49:53.594303,84.08
AI1625,Fall 2026,Literature Review,False,0.6958,1229,7,64.7521,2026-08-05 21:49:53.594551,66.88
AI1626,Fall 2025,Literature Review,False,0.2313,1990,10,16.373,2026-03-16 21:49:53.594792,83.9
AI1627,Fall 2026,Essay,True,0.5783,1503,9,92.5623,2026-04-24 21:49:53.595062,76.3
AI1628,Fall 2026,Case Study,False,0.47,1602,10,48.6061,2026-03-18 21:49:53.595314,66.04
AI1629,Fall 2025,Essay,False,0.3452,1418,5,29.7286,2026-05-11 21:49:53.595557,72.16
AI1630,Summer 2026,Research Paper,True,0.474,802,8,23.0578,2026-05-11 21:49:53.595800,77.53
AI1631,Fall 2025,Literature Review,False,0.3372,1096,10,48.4352,2026-07-06 21:49:53.596056,75.83
AI1632,Fall 2026,Literature Review,False,0.5995,2138,7,54.3813,2026-07-22 21:49:53.596301,92.47
AI1633,Fall 2026,Lab Report,True,0.3617,827,9,20.8949,2026-03-16 21:49:53.596839,72.29
AI1634,Fall 2026,Essay,True,0.6409,1855,4,33.6951,2026-05-30 21:49:53.597948,74.38
AI1635,Fall 2025,Essay,False,0.3003,1052,6,31.1677,2026-07-17 21:49:53.598725,76.49
AI1636,Spring 2026,Case Study,False,0.2383,2051,5,23.421,2026-06-13 21:49:53.599263,46.8
AI1637,Fall 2026,Literature Review,False,0.6427,1387,3,31.6784,2026-04-05 21:49:53.599712,60.17
AI1638,Fall 2026,Essay,True,0.6491,2368,8,16.6264,2026-03-21 21:49:53.600201,84.87
AI1639,Summer 2026,Case Study,False,0.2894,1663,7,17.3718,2026-07-25 21:49:53.600660,100.0
AI1640,Spring 2026,Case Study,False,0.2786,2062,11,37.2684,2026-06-27 21:49:53.601305,80.38
AI1641,Fall 2026,Case Study,True,0.5089,1492,6,17.437,2026-05-16 21:49:53.602237,86.32
AI1642,Fall 2026,Lab Report,True,0.445,635,6,63.6987,2026-08-07 21:49:53.603358,72.47
AI1643,Fall 2026,Essay,False,0.5136,858,11,58.5733,2026-06-14 21:49:53.604015,82.98
AI1644,Summer 2026,Case Study,False,0.3089,1230,9,17.4444,2026-04-20 21:49:53.604822,94.89
AI1645,Spring 2026,Case Study,False,0.2673,1360,13,55.968,2026-07-13 21:49:53.605302,69.3
AI1646,Fall 2026,Essay,True,0.6516,1135,5,34.9055,2026-07-19 21:49:53.605775,74.2
AI1647,Summer 2026,Essay,False,0.4311,1452,10,38.6635,2026-03-13 21:49:53.606275,100.0
AI1648,Spring 2026,Essay,False,0.4572,745,11,16.4548,2026-05-14 21:49:53.606715,80.57
AI1649,Fall 2025,Case Study,False,0.1906,1351,9,66.154,2026-07-30 21:49:53.607169,43.36
AI1650,Fall 2025,Case Study,False,0.1587,1491,15,69.2867,2026-06-01 21:49:53.607607,69.98
AI1651,Summer 2026,Lab Report,False,0.3295,1300,7,48.0745,2026-05-01 21:49:53.608056,59.47
AI1652,Fall 2026,Lab Report,False,0.3725,1690,9,65.6007,2026-06-18 21:49:53.608629,63.04
AI1653,Spring 2026,Case Study,False,0.1691,1671,8,12.7626,2026-08-30 21:49:53.609091,76.26
AI1654,Spring 2026,Essay,True,0.3919,1777,10,45.7966,2026-04-18 21:49:53.609532,71.68
AI1655,Spring 2026,Research Paper,True,0.2697,1546,7,21.3367,2026-08-28 21:49:53.609985,76.62
AI1656,Summer 2026,Research Paper,False,0.4209,1451,1,36.2684,2026-03-16 21:49:53.610438,76.5
AI1657,Fall 2025,Case Study,False,0.075,1347,10,32.3026,2026-05-10 21:49:53.610882,71.72
AI1658,Summer 2026,Lab Report,False,0.2621,988,5,20.7739,2026-05-05 21:49:53.611333,67.6
AI1659,Spring 2026,Literature Review,False,0.4837,860,7,3.6779,2026-05-25 21:49:53.611771,66.02
AI1660,Fall 2026,Research Paper,True,0.5612,1354,8,70.7119,2026-07-27 21:49:53.612205,85.17
AI1661,Fall 2026,Research Paper,True,0.5589,1426,5,60.7534,2026-03-15 21:49:53.612505,79.98
AI1662,Summer 2026,Lab Report,True,0.38,1461,3,37.1781,2026-09-02 21:49:53.612760,72.03
AI1663,Fall 2026,Research Paper,False,0.5203,2502,14,16.9724,2026-06-10 21:49:53.613020,63.75
AI1664,Fall 2025,Lab Report,False,0.0175,2022,8,20.4763,2026-06-19 21:49:53.613968,75.52
AI1665,Fall 2026,Lab Report,False,0.3385,1363,8,32.3497,2026-03-24 21:49:53.614896,78.13
AI1666,Fall 2026,Literature Review,True,0.6892,951,3,31.3349,2026-05-16 21:49:53.615309,83.6
AI1667,Fall 2025,Essay,False,0.2442,1386,12,48.4413,2026-08-11 21:49:53.615571,55.45
AI1668,Fall 2025,Research Paper,True,0.2489,1611,6,15.4031,2026-06-22 21:49:53.615818,84.35
AI1669,Fall 2026,Case Study,True,0.4629,1414,12,18.5731,2026-09-02 21:49:53.616085,80.17
AI1670,Summer 2026,Case Study,False,0.3374,1532,6,54.952,2026-06-09 21:49:53.616402,85.24
AI1671,Fall 2026,Essay,True,0.6529,1658,8,17.4341,2026-05-13 21:49:53.616796,79.84
AI1672,Fall 2026,Research Paper,False,0.6124,1442,5,27.0266,2026-05-04 21:49:53.617610,56.62
AI1673,Fall 2026,Essay,True,0.5921,2278,14,28.6945,2026-04-04 21:49:53.618050,70.76
AI1674,Summer 2026,Lab Report,False,0.2754,1827,6,12.6351,2026-08-03 21:49:53.618424,71.83
AI1675,Fall 2026,Lab Report,False,0.4306,1845,6,80.9133,2026-06-09 21:49:53.619319,78.0
AI1676,Fall 2026,Essay,True,0.5288,464,5,27.3411,2026-04-05 21:49:53.619867,79.34
AI1677,Fall 2026,Literature Review,True,0.6406,1245,14,12.075,2026-08-12 21:49:53.620361,73.91
AI1678,Spring 2026,Research Paper,False,0.3907,1431,7,48.5962,2026-04-10 21:49:53.620833,54.07
AI1679,Summer 2026,Case Study,False,0.3443,1969,5,28.1287,2026-06-19 21:49:53.621313,86.4
AI1680,Fall 2025,Literature Review,False,0.2867,1576,7,11.2714,2026-06-02 21:49:53.621772,81.97
AI1681,Fall 2026,Lab Report,False,0.3628,1314,11,44.6965,2026-07-10 21:49:53.622238,91.07
AI1682,Fall 2025,Lab Report,False,0.064,1285,13,49.2795,2026-05-11 21:49:53.622689,63.12
AI1683,Fall 2026,Research Paper,True,0.5703,1865,5,52.5172,2026-06-24 21:49:53.623168,77.35
AI1684,Summer 2026,Research Paper,True,0.5268,1487,11,60.9843,2026-05-26 21:49:53.623649,73.86
AI1685,Summer 2026,Essay,False,0.4384,1286,8,53.6582,2026-08-15 21:49:53.624230,86.12
AI1686,Fall 2026,Case Study,False,0.3772,982,12,24.6562,2026-06-24 21:49:53.625060,80.17
AI1687,Fall 2026,Case Study,False,0.3851,1555,5,28.6284,2026-04-10 21:49:53.625558,61.96
AI1688,Fall 2025,Lab Report,False,0.218,1460,10,26.4077,2026-09-05 21:49:53.625816,77.2
AI1689,Fall 2026,Research Paper,True,0.5427,1765,12,25.6896,2026-06-08 21:49:53.626083,78.39
AI1690,Fall 2026,Literature Review,True,0.6409,1970,7,31.6333,2026-05-23 21:49:53.626352,77.73
AI1691,Summer 2026,Lab Report,False,0.334,964,6,23.2666,2026-08-05 21:49:53.626604,56.46
AI1692,Fall 2026,Case Study,False,0.4966,1914,4,29.8464,2026-05-28 21:49:53.626847,69.9
AI1693,Spring 2026,Case Study,True,0.2528,1775,8,52.0668,2026-03-26 21:49:53.627119,83.43
AI1694,Spring 2026,Essay,False,0.5221,1512,13,64.3786,2026-05-01 21:49:53.627381,90.84
AI1695,Fall 2026,Case Study,False,0.4478,825,9,42.2165,2026-06-26 21:49:53.627624,85.74
AI1696,Fall 2026,Case Study,False,0.4724,1759,15,13.5213,2026-04-11 21:49:53.627864,79.64
AI1697,Fall 2026,Research Paper,False,0.5212,1121,6,23.5437,2026-09-03 21:49:53.628129,67.89
AI1698,Fall 2025,Research Paper,True,0.175,2017,5,55.9274,2026-07-04 21:49:53.628377,70.62
AI1699,Fall 2026,Research Paper,False,0.5354,1656,12,25.9805,2026-06-07 21:49:53.628624,80.79
AI1700,Fall 2026,Essay,True,0.6015,1453,9,8.9981,2026-06-05 21:49:53.628864,79.3
AI1701,Spring 2026,Essay,False,0.4807,2108,6,27.1559,2026-08-15 21:49:53.629159,76.41
AI1702,Fall 2026,Lab Report,True,0.371,1076,7,17.314,2026-06-18 21:49:53.629406,69.53
AI1703,Fall 2025,Case Study,False,0.1946,1534,14,10.985,2026-07-10 21:49:53.629808,77.66
AI1704,Spring 2026,Research Paper,False,0.3468,1774,11,52.3607,2026-08-17 21:49:53.630537,84.25
AI1705,Summer 2026,Lab Report,False,0.224,710,9,50.5668,2026-05-13 21:49:53.631215,87.51
AI1706,Fall 2026,Lab Report,False,0.4271,2102,9,31.4807,2026-08-01 21:49:53.632120,69.18
AI1707,Fall 2026,Lab Report,True,0.4796,1129,11,61.7012,2026-06-23 21:49:53.632543,75.19
AI1708,Fall 2026,Lab Report,True,0.5205,763,4,16.7198,2026-09-07 21:49:53.632805,77.27
AI1709,Fall 2026,Research Paper,True,0.5982,1481,9,27.6867,2026-06-21 21:49:53.633156,83.66
AI1710,Fall 2026,Literature Review,True,0.5977,2025,6,48.1155,2026-07-15 21:49:53.633657,72.63
AI1711,Fall 2026,Research Paper,False,0.5593,1022,6,33.9036,2026-08-14 21:49:53.634126,74.33
AI1712,Fall 2026,Research Paper,False,0.5049,997,7,24.9603,2026-08-04 21:49:53.634565,73.43
AI1713,Spring 2026,Research Paper,False,0.3778,1488,13,24.6445,2026-08-13 21:49:53.635149,82.54
AI1714,Fall 2026,Case Study,False,0.5477,1387,8,13.9126,2026-08-23 21:49:53.635740,73.46
AI1715,Fall 2026,Case Study,False,0.4405,1971,3,15.0734,2026-04-01 21:49:53.636245,89.05
AI1716,Fall 2026,Lab Report,True,0.3926,1568,14,42.3456,2026-08-05 21:49:53.636721,75.27
AI1717,Spring 2026,Essay,True,0.4005,2082,6,32.1342,2026-03-17 21:49:53.637205,70.7
AI1718,Summer 2026,Research Paper,True,0.493,1428,8,11.0345,2026-06-26 21:49:53.637665,73.75
AI1719,Summer 2026,Literature Review,True,0.6134,1894,11,33.2855,2026-06-18 21:49:53.638136,78.14
AI1720,Spring 2026,Essay,False,0.3491,2167,5,63.2861,2026-06-10 21:49:53.638601,56.44
AI1721,Fall 2026,Lab Report,True,0.3683,2150,6,8.2315,2026-09-03 21:49:53.639090,74.23
AI1722,Fall 2026,Case Study,True,0.4625,1443,12,59.7667,2026-08-21 21:49:53.639573,76.41
AI1723,Spring 2026,Literature Review,False,0.4097,1213,4,52.337,2026-08-13 21:49:53.640052,87.5
AI1724,Fall 2026,Case Study,False,0.5005,1253,5,31.4649,2026-07-18 21:49:53.640448,61.59
AI1725,Fall 2026,Case Study,False,0.4565,1418,8,37.5289,2026-08-25 21:49:53.640735,59.96
AI1726,Fall 2026,Lab Report,False,0.3994,1441,6,6.1076,2026-07-17 21:49:53.640991,63.79
AI1727,Spring 2026,Literature Review,False,0.3783,1614,12,40.0871,2026-08-15 21:49:53.641239,64.86
AI1728,Fall 2026,Research Paper,True,0.5404,2269,10,55.6366,2026-03-30 21:49:53.641484,79.81
AI1729,Fall 2026,Research Paper,True,0.5349,1150,12,57.7266,2026-04-20 21:49:53.641733,80.37
AI1730,Spring 2026,Case Study,True,0.2942,1092,8,19.7397,2026-05-10 21:49:53.641985,75.62
AI1731,Summer 2026,Research Paper,True,0.3352,1800,10,28.6965,2026-09-05 21:49:53.642236,73.92
AI1732,Spring 2026,Case Study,False,0.2379,1466,3,21.712,2026-04-25 21:49:53.642497,54.01
AI1733,Spring 2026,Research Paper,True,0.3968,1239,9,25.6109,2026-08-13 21:49:53.642741,83.68
AI1734,Fall 2025,Research Paper,True,0.1834,1064,8,35.6454,2026-07-14 21:49:53.642995,76.1
AI1735,Spring 2026,Research Paper,True,0.3333,767,6,21.6586,2026-05-05 21:49:53.643245,89.02
AI1736,Fall 2026,Essay,False,0.6259,1879,8,9.9631,2026-04-02 21:49:53.643506,77.89
AI1737,Spring 2026,Literature Review,False,0.425,673,9,67.4328,2026-07-15 21:49:53.643750,61.0
AI1738,Spring 2026,Literature Review,False,0.2941,1812,11,39.4745,2026-06-12 21:49:53.644008,79.74
AI1739,Fall 2026,Lab Report,False,0.3831,2133,7,24.079,2026-07-09 21:49:53.644254,74.32
AI1740,Fall 2026,Research Paper,False,0.6221,2189,5,38.2617,2026-05-14 21:49:53.644496,73.74
AI1741,Fall 2025,Essay,True,0.3144,1376,13,37.0698,2026-07-26 21:49:53.644737,68.4
AI1742,Fall 2025,Research Paper,True,0.3559,2095,9,50.2339,2026-08-17 21:49:53.644988,72.73
AI1743,Spring 2026,Literature Review,True,0.4256,1225,11,7.3171,2026-06-27 21:49:53.645347,84.58
AI1744,Summer 2026,Essay,False,0.5119,1599,7,32.9674,2026-06-07 21:49:53.645760,79.17
AI1745,Summer 2026,Essay,True,0.5153,892,9,40.2953,2026-07-10 21:49:53.646140,79.4
AI1746,Spring 2026,Lab Report,False,0.1723,1768,7,8.7188,2026-04-03 21:49:53.646862,69.27
AI1747,Fall 2026,Essay,False,0.6289,1821,6,34.8741,2026-06-26 21:49:53.647389,84.68
AI1748,Spring 2026,Essay,False,0.4162,1543,10,18.8559,2026-06-05 21:49:53.647757,71.34
AI1749,Fall 2026,Literature Review,False,0.6654,895,7,39.755,2026-08-02 21:49:53.648211,99.65
AI1750,Summer 2026,Literature Review,True,0.5777,1850,12,14.721,2026-03-20 21:49:53.648669,62.82
AI1751,Fall 2025,Lab Report,False,0.0257,1814,6,26.7355,2026-04-23 21:49:53.649123,81.54
AI1752,Spring 2026,Research Paper,False,0.3822,1197,5,30.0699,2026-03-16 21:49:53.649589,64.54
AI1753,Fall 2026,Essay,True,0.6064,1134,7,28.4472,2026-03-23 21:49:53.650018,83.34
AI1754,Fall 2025,Case Study,False,0.0799,1266,13,50.8507,2026-05-02 21:49:53.650359,77.84
AI1755,Summer 2026,Research Paper,False,0.4602,1482,13,53.4277,2026-06-29 21:49:53.650612,61.28
AI1756,Fall 2025,Literature Review,False,0.3903,1365,3,58.6957,2026-03-17 21:49:53.651166,89.92
AI1757,Fall 2026,Lab Report,True,0.3427,1287,6,52.3164,2026-06-04 21:49:53.651845,88.08
AI1758,Fall 2025,Case Study,False,0.1379,1499,8,24.1448,2026-07-06 21:49:53.652370,65.47
AI1759,Spring 2026,Research Paper,True,0.4232,1204,9,43.8751,2026-03-17 21:49:53.652830,81.44
AI1760,Spring 2026,Essay,False,0.3293,1500,8,30.2853,2026-05-15 21:49:53.653531,80.15
AI1761,Summer 2026,Essay,True,0.519,1833,8,21.1327,2026-07-24 21:49:53.653868,74.59
AI1762,Summer 2026,Research Paper,True,0.4625,1470,6,58.581,2026-06-08 21:49:53.654173,77.91
AI1763,Summer 2026,Literature Review,False,0.4913,1821,5,40.2571,2026-03-17 21:49:53.654449,73.05
AI1764,Spring 2026,Literature Review,True,0.3965,1526,8,41.3248,2026-05-17 21:49:53.654712,87.71
AI1765,Spring 2026,Literature Review,True,0.5272,1602,9,54.525,2026-08-22 21:49:53.654987,69.83
AI1766,Spring 2026,Research Paper,False,0.3372,1717,7,30.2065,2026-08-12 21:49:53.655253,68.1
AI1767,Fall 2026,Essay,True,0.7156,1497,6,23.6603,2026-07-22 21:49:53.655502,77.93
AI1768,Summer 2026,Literature Review,False,0.5521,935,6,45.6276,2026-04-20 21:49:53.655754,60.76
AI1769,Summer 2026,Research Paper,True,0.42,1245,7,65.017,2026-05-07 21:49:53.656003,82.12
AI1770,Spring 2026,Lab Report,False,0.2198,1332,10,21.2898,2026-03-14 21:49:53.656261,62.67
AI1771,Spring 2026,Lab Report,False,0.193,950,8,79.5611,2026-08-10 21:49:53.656512,94.9
AI1772,Summer 2026,Case Study,False,0.3218,1006,8,3.512,2026-05-11 21:49:53.656764,68.54
AI1773,Fall 2026,Lab Report,False,0.491,2196,8,27.5208,2026-04-18 21:49:53.657019,71.96
AI1774,Fall 2026,Essay,False,0.5877,1457,5,21.8713,2026-07-01 21:49:53.657268,84.88
AI1775,Spring 2026,Lab Report,False,0.1565,1802,5,45.5875,2026-03-23 21:49:53.657533,84.54
AI1776,Fall 2025,Essay,False,0.2823,1456,9,41.467,2026-04-02 21:49:53.657807,59.9
AI1777,Fall 2026,Research Paper,True,0.5326,660,8,19.123,2026-03-30 21:49:53.658060,86.63
AI1778,Spring 2026,Essay,False,0.3617,2170,13,28.1106,2026-05-28 21:49:53.658308,76.39
AI1779,Spring 2026,Essay,False,0.361,1041,5,24.1018,2026-06-14 21:49:53.658547,82.52
AI1780,Fall 2025,Essay,True,0.3066,935,8,9.6664,2026-04-27 21:49:53.658788,76.35
AI1781,Fall 2026,Research Paper,True,0.5329,1739,6,50.3806,2026-04-09 21:49:53.659040,77.5
AI1782,Fall 2026,Case Study,False,0.4555,1749,8,31.7618,2026-04-13 21:49:53.659287,64.22
AI1783,Fall 2025,Literature Review,True,0.4211,759,10,30.3335,2026-04-20 21:49:53.659548,77.78
AI1784,Summer 2026,Lab Report,True,0.383,1787,7,37.8131,2026-07-12 21:49:53.659804,73.48
AI1785,Fall 2026,Case Study,True,0.4449,1205,13,34.7294,2026-04-05 21:49:53.660064,80.15
AI1786,Fall 2025,Research Paper,False,0.2581,1875,7,14.8765,2026-07-22 21:49:53.660314,73.02
AI1787,Summer 2026,Lab Report,True,0.3087,1770,7,41.4766,2026-05-03 21:49:53.660556,76.5
AI1788,Summer 2026,Lab Report,False,0.317,1041,7,29.5339,2026-06-26 21:49:53.660803,79.6
AI1789,Fall 2026,Research Paper,False,0.484,1655,10,2.1929,2026-06-06 21:49:53.661119,84.9
AI1790,Fall 2026,Research Paper,True,0.6172,1238,9,33.6134,2026-08-24 21:49:53.661496,69.05
AI1791,Spring 2026,Case Study,False,0.2529,944,5,33.1004,2026-07-26 21:49:53.661776,70.74
AI1792,Summer 2026,Research Paper,True,0.4275,954,7,36.0828,2026-04-13 21:49:53.662028,74.46
AI1793,Spring 2026,Case Study,True,0.2724,1381,8,27.8281,2026-06-30 21:49:53.662284,72.41
AI1794,Fall 2026,Lab Report,False,0.3949,1456,7,36.9373,2026-06-09 21:49:53.662534,70.9
AI1795,Fall 2025,Research Paper,True,0.2847,690,5,21.6235,2026-05-02 21:49:53.662776,79.25
AI1796,Summer 2026,Case Study,False,0.3594,1268,8,17.3287,2026-07-06 21:49:53.663032,71.66
AI1797,Summer 2026,Research Paper,True,0.5349,1138,10,41.7938,2026-08-13 21:49:53.663585,74.57
AI1798,Fall 2026,Essay,False,0.6527,1281,9,46.2396,2026-06-10 21:49:53.663910,79.53
AI1799,Fall 2026,Research Paper,True,0.6236,1389,7,55.8813,2026-07-26 21:49:53.664219,74.42
AI1800,Fall 2025,Research Paper,False,0.2896,783,6,31.5248,2026-05-09 21:49:53.664502,90.76
AI1801,Summer 2026,Research Paper,False,0.4177,901,12,13.8525,2026-07-28 21:49:53.664746,57.53
AI1802,Fall 2026,Lab Report,True,0.4354,1681,3,20.3025,2026-04-04 21:49:53.664996,80.12
AI1803,Fall 2026,Research Paper,True,0.515,2067,8,17.7466,2026-06-03 21:49:53.665279,82.55
AI1804,Summer 2026,Case Study,False,0.3515,1473,8,37.6808,2026-06-11 21:49:53.665531,77.98
AI1805,Summer 2026,Lab Report,False,0.3306,1948,10,16.9562,2026-05-16 21:49:53.665777,97.41
AI1806,Fall 2026,Essay,False,0.5649,2093,6,23.409,2026-09-04 21:49:53.666139,81.47
AI1807,Spring 2026,Research Paper,True,0.387,1137,8,33.0964,2026-05-20 21:49:53.666546,78.39
AI1808,Fall 2026,Lab Report,False,0.4563,1303,7,46.383,2026-08-14 21:49:53.667132,84.61
AI1809,Fall 2026,Case Study,False,0.4763,2311,7,38.3193,2026-08-22 21:49:53.667420,85.01
AI1810,Spring 2026,Research Paper,False,0.3592,1694,8,37.468,2026-04-24 21:49:53.667672,83.63
AI1811,Fall 2026,Lab Report,False,0.3773,1450,5,58.621,2026-06-26 21:49:53.668001,62.2
AI1812,Fall 2025,Lab Report,False,0.1051,1004,3,14.1682,2026-07-03 21:49:53.668434,61.78
AI1813,Summer 2026,Literature Review,True,0.5761,977,9,2.1846,2026-07-30 21:49:53.668886,79.15
AI1814,Fall 2026,Literature Review,False,0.6465,931,5,61.3104,2026-03-30 21:49:53.669365,76.56
AI1815,Summer 2026,Research Paper,True,0.505,1874,9,41.4821,2026-03-29 21:49:53.669862,80.53
AI1816,Fall 2025,Case Study,False,0.1722,987,9,69.4866,2026-03-18 21:49:53.670356,71.87
AI1817,Fall 2026,Research Paper,False,0.596,1547,14,23.3027,2026-04-11 21:49:53.670854,60.5
AI1818,Fall 2026,Literature Review,False,0.6431,1355,6,46.4715,2026-04-03 21:49:53.671325,59.94
AI1819,Fall 2026,Case Study,True,0.5213,1356,12,39.0668,2026-05-08 21:49:53.671764,82.21
AI1820,Summer 2026,Research Paper,True,0.4494,1854,7,30.926,2026-05-27 21:49:53.672237,83.46
AI1821,Summer 2026,Lab Report,False,0.3955,1311,12,35.3637,2026-09-02 21:49:53.672710,84.31
AI1822,Fall 2026,Lab Report,True,0.4524,1352,8,44.9039,2026-06-09 21:49:53.673238,78.91
AI1823,Summer 2026,Case Study,False,0.3008,853,8,54.8187,2026-06-21 21:49:53.673705,86.07
AI1824,Spring 2026,Lab Report,False,0.1451,2149,8,53.7216,2026-04-28 21:49:53.674151,64.54
AI1825,Fall 2025,Research Paper,False,0.2848,1830,6,22.6915,2026-05-22 21:49:53.674455,86.96
AI1826,Fall 2026,Case Study,True,0.5141,1603,5,26.4765,2026-06-19 21:49:53.674706,74.86
AI1827,Fall 2026,Research Paper,False,0.6512,1953,7,54.5998,2026-05-09 21:49:53.674962,63.02
AI1828,Spring 2026,Case Study,True,0.2332,1777,7,11.5325,2026-06-26 21:49:53.675222,76.97
AI1829,Fall 2026,Lab Report,True,0.4338,1554,7,15.1125,2026-08-30 21:49:53.675472,75.98
AI1830,Summer 2026,Research Paper,False,0.4315,1363,10,27.79,2026-07-23 21:49:53.675721,73.41
AI1831,Fall 2026,Lab Report,True,0.4523,1721,13,49.1203,2026-08-07 21:49:53.676019,71.5
AI1832,Spring 2026,Case Study,False,0.2447,788,14,31.5734,2026-07-31 21:49:53.676281,66.86
AI1833,Spring 2026,Research Paper,False,0.4124,1577,7,21.3708,2026-07-03 21:49:53.676523,64.81
AI1834,Spring 2026,Research Paper,False,0.4008,1416,6,57.3992,2026-07-22 21:49:53.676769,65.11
AI1835,Fall 2025,Research Paper,True,0.2577,1472,10,42.9577,2026-07-11 21:49:53.677019,79.36
AI1836,Fall 2025,Case Study,False,0.1579,1314,7,15.5435,2026-04-27 21:49:53.677345,75.68
AI1837,Spring 2026,Essay,True,0.4875,1207,10,19.4756,2026-05-08 21:49:53.677641,74.54
AI1838,Fall 2026,Research Paper,False,0.6651,1829,11,23.2904,2026-03-26 21:49:53.677896,72.7
AI1839,Fall 2026,Case Study,False,0.471,1905,8,15.1718,2026-07-23 21:49:53.678152,52.94
AI1840,Spring 2026,Lab Report,True,0.2184,1559,6,51.7988,2026-04-20 21:49:53.678424,73.1
AI1841,Fall 2025,Research Paper,True,0.1546,1556,7,32.9642,2026-03-23 21:49:53.678680,72.24
AI1842,Fall 2026,Essay,True,0.5312,870,6,12.0528,2026-03-26 21:49:53.678942,83.24
AI1843,Spring 2026,Essay,True,0.4655,1901,8,46.8966,2026-03-12 21:49:53.679199,82.96
AI1844,Summer 2026,Lab Report,False,0.2992,1260,8,45.703,2026-08-15 21:49:53.679448,58.47
AI1845,Fall 2026,Case Study,True,0.5428,2097,4,52.4116,2026-06-24 21:49:53.679692,75.86
AI1846,Fall 2026,Literature Review,True,0.7171,943,10,45.7104,2026-05-25 21:49:53.681158,74.42
AI1847,Fall 2026,Case Study,True,0.4842,1329,5,57.0493,2026-06-10 21:49:53.681793,82.69
AI1848,Summer 2026,Essay,True,0.5333,1523,13,26.7788,2026-05-24 21:49:53.682392,76.11
AI1849,Fall 2026,Literature Review,False,0.6579,2258,10,21.8415,2026-08-20 21:49:53.682749,71.46
AI1850,Spring 2026,Lab Report,False,0.1452,1945,3,47.6645,2026-03-27 21:49:53.683712,76.2
AI1851,Summer 2026,Lab Report,False,0.3435,843,8,49.2468,2026-06-19 21:49:53.684253,84.33
AI1852,Summer 2026,Lab Report,True,0.3254,1503,2,20.3063,2026-03-16 21:49:53.684571,80.01
AI1853,Fall 2026,Lab Report,True,0.4345,1615,11,18.0223,2026-06-10 21:49:53.685123,80.45
AI1854,Summer 2026,Lab Report,False,0.2264,1756,5,43.2251,2026-05-23 21:49:53.685802,78.91
AI1855,Fall 2025,Case Study,True,0.1948,1629,10,23.6971,2026-06-26 21:49:53.686319,73.93
AI1856,Fall 2025,Literature Review,False,0.2523,1675,7,12.2903,2026-08-24 21:49:53.686995,75.98
AI1857,Fall 2025,Lab Report,False,0.0172,2072,7,35.4827,2026-03-14 21:49:53.687600,93.64
AI1858,Fall 2025,Research Paper,False,0.2994,1404,9,42.9917,2026-05-15 21:49:53.688106,66.15
AI1859,Spring 2026,Essay,False,0.3362,2016,7,28.5706,2026-05-11 21:49:53.688614,61.87
AI1860,Fall 2026,Lab Report,False,0.3659,1970,4,41.404,2026-08-11 21:49:53.689466,57.64
AI1861,Spring 2026,Lab Report,False,0.2513,849,9,35.4299,2026-05-10 21:49:53.689976,46.09
AI1862,Summer 2026,Research Paper,False,0.484,1602,12,17.7297,2026-07-06 21:49:53.690443,72.64
AI1863,Spring 2026,Literature Review,False,0.3992,2308,5,20.234,2026-07-15 21:49:53.690762,68.11
AI1864,Fall 2026,Research Paper,False,0.5729,976,6,16.343,2026-07-28 21:49:53.691085,76.39
AI1865,Fall 2026,Lab Report,True,0.3948,883,10,35.3699,2026-03-15 21:49:53.691368,82.9
AI1866,Fall 2026,Essay,True,0.5782,2014,7,15.1794,2026-07-29 21:49:53.691621,80.07
AI1867,Fall 2026,Case Study,False,0.4107,1597,15,29.3993,2026-06-13 21:49:53.691876,60.64
AI1868,Fall 2026,Lab Report,True,0.4089,1351,5,23.6667,2026-05-14 21:49:53.692127,73.99
AI1869,Fall 2025,Essay,False,0.3173,1752,7,49.9707,2026-08-19 21:49:53.692377,71.18
AI1870,Summer 2026,Research Paper,True,0.4652,1702,6,38.2507,2026-08-04 21:49:53.692624,77.79
AI1871,Fall 2025,Literature Review,False,0.275,723,6,9.6596,2026-06-03 21:49:53.692872,57.36
AI1872,Summer 2026,Case Study,False,0.3774,1042,3,27.6445,2026-07-01 21:49:53.693137,77.72
AI1873,Fall 2026,Lab Report,False,0.424,1506,6,29.124,2026-05-04 21:49:53.693483,77.59
AI1874,Fall 2026,Lab Report,False,0.3978,904,8,18.2636,2026-06-04 21:49:53.693770,90.79
AI1875,Summer 2026,Essay,False,0.479,961,8,52.1604,2026-08-30 21:49:53.694032,68.58
AI1876,Summer 2026,Literature Review,False,0.5708,1284,7,78.2188,2026-08-19 21:49:53.694278,78.19
AI1877,Fall 2026,Lab Report,False,0.3754,1378,7,34.1351,2026-08-31 21:49:53.694521,74.19
AI1878,Fall 2025,Essay,False,0.2717,2060,7,8.3403,2026-06-19 21:49:53.694765,82.7
AI1879,Fall 2025,Research Paper,False,0.1487,935,7,63.7156,2026-06-16 21:49:53.695014,77.26
AI1880,Spring 2026,Essay,True,0.4232,1476,10,7.7992,2026-08-30 21:49:53.695259,76.89
AI1881,Summer 2026,Lab Report,False,0.3107,1037,10,20.6421,2026-05-20 21:49:53.695536,73.46
AI1882,Summer 2026,Literature Review,True,0.5586,1560,7,48.9185,2026-06-11 21:49:53.695781,73.31
AI1883,Fall 2026,Case Study,True,0.5366,1220,11,30.1917,2026-04-22 21:49:53.696036,78.47
AI1884,Summer 2026,Lab Report,False,0.2941,1088,8,24.9467,2026-03-26 21:49:53.696287,87.91
AI1885,Fall 2026,Research Paper,False,0.5558,1735,8,24.0006,2026-03-27 21:49:53.697221,60.5
AI1886,Fall 2026,Essay,False,0.567,1883,7,14.9626,2026-06-30 21:49:53.698315,84.79
AI1887,Fall 2026,Essay,False,0.6149,1046,6,59.7283,2026-06-11 21:49:53.698882,55.9
AI1888,Fall 2026,Essay,False,0.6158,1012,13,18.1775,2026-03-24 21:49:53.699408,63.63
AI1889,Fall 2026,Research Paper,True,0.558,1604,7,38.8315,2026-07-17 21:49:53.700208,76.64
AI1890,Spring 2026,Lab Report,False,0.2212,1037,7,13.4682,2026-05-23 21:49:53.700774,78.56
AI1891,Spring 2026,Research Paper,False,0.3611,1536,9,11.1614,2026-03-18 21:49:53.702143,67.48
AI1892,Fall 2026,Literature Review,False,0.7318,1618,7,3.7768,2026-08-22 21:49:53.702825,66.75
AI1893,Fall 2025,Lab Report,False,0.1729,1113,11,51.6837,2026-09-07 21:49:53.703893,79.71
AI1894,Spring 2026,Case Study,False,0.2055,1386,6,7.2489,2026-06-15 21:49:53.704566,80.7
AI1895,Summer 2026,Research Paper,False,0.3357,1649,7,17.0455,2026-06-02 21:49:53.705030,57.74
AI1896,Fall 2026,Case Study,False,0.4958,1120,8,16.8326,2026-03-30 21:49:53.705471,65.65
AI1897,Fall 2025,Essay,False,0.2627,1218,11,19.3056,2026-06-18 21:49:53.705903,66.77
AI1898,Summer 2026,Case Study,False,0.3598,1427,9,45.0568,2026-08-29 21:49:53.706464,73.86
AI1899,Fall 2025,Lab Report,False,0.1036,882,5,2.2331,2026-08-08 21:49:53.706727,69.58
AI1900,Fall 2026,Essay,True,0.6237,785,10,33.8345,2026-06-07 21:49:53.707010,78.67
AI1901,Fall 2025,Research Paper,True,0.307,1142,4,60.9173,2026-06-03 21:49:53.707265,78.74
AI1902,Fall 2025,Essay,False,0.3237,1787,10,50.8936,2026-08-30 21:49:53.707526,64.34
AI1903,Fall 2025,Literature Review,True,0.3074,1740,12,19.4804,2026-05-14 21:49:53.707770,73.98
AI1904,Fall 2026,Literature Review,False,0.7401,1559,7,15.7574,2026-07-14 21:49:53.708023,72.55
AI1905,Fall 2026,Case Study,False,0.4877,1179,11,15.9755,2026-07-23 21:49:53.708288,94.99
AI1906,Fall 2026,Essay,True,0.6578,2323,4,17.2603,2026-08-25 21:49:53.708551,78.14
AI1907,Spring 2026,Lab Report,False,0.1705,1408,10,41.7907,2026-05-15 21:49:53.708800,61.72
AI1908,Fall 2025,Essay,False,0.3665,1093,6,44.7557,2026-04-25 21:49:53.709047,75.29
AI1909,Summer 2026,Lab Report,False,0.2977,895,8,61.5514,2026-07-21 21:49:53.709293,53.82
AI1910,Fall 2026,Research Paper,True,0.5651,1351,9,11.8856,2026-06-23 21:49:53.709532,76.75
AI1911,Summer 2026,Research Paper,False,0.3561,1618,7,51.5739,2026-09-04 21:49:53.709778,83.65
AI1912,Fall 2026,Lab Report,False,0.4184,1522,13,45.8922,2026-08-03 21:49:53.710023,81.93
AI1913,Summer 2026,Research Paper,False,0.4974,1098,6,19.2136,2026-04-04 21:49:53.710305,78.63
AI1914,Fall 2026,Research Paper,False,0.5383,1290,14,15.6832,2026-06-02 21:49:53.710565,59.57
AI1915,Summer 2026,Essay,True,0.4498,1734,10,44.6672,2026-06-22 21:49:53.710808,74.94
AI1916,Fall 2026,Lab Report,True,0.3573,1702,4,63.4388,2026-07-24 21:49:53.711066,77.09
AI1917,Fall 2026,Case Study,False,0.4177,1470,4,38.4865,2026-07-16 21:49:53.711342,86.53
AI1918,Fall 2026,Lab Report,True,0.2712,1483,5,11.4093,2026-07-21 21:49:53.711590,74.16
AI1919,Fall 2026,Essay,True,0.618,1600,12,43.6182,2026-05-01 21:49:53.711846,71.02
AI1920,Summer 2026,Essay,True,0.5611,1349,14,60.0918,2026-07-28 21:49:53.712113,80.53
AI1921,Fall 2026,Research Paper,True,0.5553,1667,9,58.9267,2026-08-31 21:49:53.712377,79.87
AI1922,Summer 2026,Essay,True,0.5173,1535,10,23.8689,2026-06-08 21:49:53.712627,79.81
AI1923,Fall 2026,Literature Review,True,0.6266,1189,7,24.4264,2026-07-01 21:49:53.712880,77.86
AI1924,Fall 2026,Literature Review,False,0.6427,799,5,27.1792,2026-07-01 21:49:53.713344,75.19
AI1925,Summer 2026,Case Study,False,0.3777,1420,6,44.9209,2026-03-17 21:49:53.713716,68.44
AI1926,Summer 2026,Essay,True,0.5221,1816,11,44.826,2026-04-30 21:49:53.713990,84.07
AI1927,Fall 2026,Research Paper,True,0.6324,1380,7,27.0479,2026-03-26 21:49:53.714280,77.26
AI1928,Spring 2026,Lab Report,True,0.2151,1111,8,25.6269,2026-05-25 21:49:53.714560,77.73
AI1929,Fall 2026,Case Study,True,0.4647,1630,6,19.5967,2026-07-20 21:49:53.714812,78.64
AI1930,Summer 2026,Essay,True,0.4598,1200,10,44.9918,2026-04-27 21:49:53.715069,79.2
AI1931,Summer 2026,Lab Report,False,0.2846,773,6,32.0754,2026-05-29 21:49:53.715320,75.63
AI1932,Fall 2026,Research Paper,False,0.4328,1220,9,13.7132,2026-06-22 21:49:53.715563,62.8
AI1933,Summer 2026,Case Study,False,0.2909,1982,5,63.9286,2026-08-23 21:49:53.715805,56.43
AI1934,Spring 2026,Literature Review,False,0.564,1667,8,22.0083,2026-07-22 21:49:53.716053,95.18
AI1935,Spring 2026,Lab Report,False,0.1611,1269,4,45.2873,2026-05-27 21:49:53.716480,70.97
AI1936,Fall 2025,Literature Review,False,0.3844,1128,8,44.2963,2026-05-23 21:49:53.717089,59.43
AI1937,Spring 2026,Research Paper,False,0.3013,1931,13,10.8106,2026-05-15 21:49:53.717676,64.95
AI1938,Fall 2026,Essay,True,0.6705,1268,8,29.2713,2026-08-12 21:49:53.718145,76.85
AI1939,Fall 2026,Literature Review,True,0.5945,1140,4,21.8531,2026-03-12 21:49:53.718621,76.63
AI1940,Spring 2026,Literature Review,True,0.4925,1251,6,61.7579,2026-06-16 21:49:53.718924,75.37
AI1941,Spring 2026,Lab Report,False,0.2684,1407,7,28.4184,2026-04-16 21:49:53.719197,68.77
AI1942,Fall 2026,Research Paper,False,0.544,824,10,46.5303,2026-04-15 21:49:53.719473,79.27
AI1943,Fall 2025,Literature Review,True,0.2985,1570,9,53.3538,2026-05-02 21:49:53.719727,73.37
AI1944,Summer 2026,Essay,True,0.506,1459,6,32.2309,2026-05-01 21:49:53.719981,79.71
AI1945,Summer 2026,Research Paper,False,0.5005,1690,3,48.3615,2026-08-28 21:49:53.720247,81.35
AI1946,Spring 2026,Research Paper,True,0.328,1729,5,4.6686,2026-03-21 21:49:53.720495,69.95
AI1947,Fall 2026,Essay,True,0.5883,896,8,43.7397,2026-08-07 21:49:53.720750,86.75
AI1948,Spring 2026,Case Study,True,0.3229,1235,7,14.4631,2026-06-20 21:49:53.721058,88.98
AI1949,Summer 2026,Research Paper,True,0.459,1382,4,24.4439,2026-06-28 21:49:53.721331,80.37
AI1950,Fall 2026,Case Study,False,0.4405,2127,1,27.9693,2026-05-22 21:49:53.721583,57.54
AI1951,Fall 2025,Essay,False,0.2902,1109,7,20.8539,2026-05-11 21:49:53.721846,100.0
AI1952,Fall 2026,Literature Review,False,0.5194,1961,9,16.0307,2026-06-02 21:49:53.722138,62.89
AI1953,Spring 2026,Case Study,False,0.3186,1891,10,40.6635,2026-06-07 21:49:53.722388,79.9
AI1954,Spring 2026,Essay,False,0.4058,1544,12,38.1213,2026-03-19 21:49:53.722660,65.52
AI1955,Summer 2026,Literature Review,True,0.6301,1821,9,10.9792,2026-05-19 21:49:53.722916,75.91
AI1956,Fall 2025,Case Study,False,0.1061,1229,4,23.9641,2026-07-02 21:49:53.723173,62.04
AI1957,Fall 2026,Literature Review,True,0.6499,2405,5,40.9461,2026-04-04 21:49:53.723417,81.05
AI1958,Summer 2026,Research Paper,False,0.3248,1392,7,30.8247,2026-05-11 21:49:53.723667,77.8
AI1959,Fall 2026,Lab Report,True,0.4481,1454,6,44.4101,2026-07-17 21:49:53.723935,74.56
AI1960,Fall 2025,Case Study,True,0.2936,886,8,52.7123,2026-07-06 21:49:53.724191,77.37
AI1961,Fall 2025,Essay,True,0.335,1164,9,44.8488,2026-04-14 21:49:53.724439,76.88
AI1962,Summer 2026,Essay,True,0.5428,1267,10,5.4247,2026-09-05 21:49:53.724686,77.09
AI1963,Spring 2026,Case Study,True,0.1747,1501,3,42.084,2026-08-20 21:49:53.724933,81.39
AI1964,Fall 2026,Lab Report,False,0.3566,1533,3,11.8838,2026-08-11 21:49:53.725224,73.2
AI1965,Spring 2026,Literature Review,False,0.4867,1414,7,15.2256,2026-07-22 21:49:53.725555,81.52
AI1966,Summer 2026,Essay,True,0.4829,1503,11,57.902,2026-06-15 21:49:53.725802,80.27
AI1967,Fall 2026,Research Paper,False,0.568,2094,8,51.1652,2026-06-30 21:49:53.726084,62.72
AI1968,Fall 2025,Literature Review,False,0.3369,1587,7,19.8017,2026-07-06 21:49:53.726330,73.07
AI1969,Fall 2026,Literature Review,False,0.6492,689,7,31.8172,2026-07-20 21:49:53.726571,74.33
AI1970,Spring 2026,Case Study,False,0.2297,1363,8,56.3872,2026-08-15 21:49:53.726814,75.43
AI1971,Fall 2026,Case Study,False,0.4057,1757,12,42.3975,2026-07-01 21:49:53.727062,74.02
AI1972,Summer 2026,Lab Report,False,0.2885,1816,6,36.3058,2026-09-07 21:49:53.727306,63.74
AI1973,Summer 2026,Essay,False,0.5828,429,8,9.1238,2026-08-18 21:49:53.727551,66.9
AI1974,Summer 2026,Essay,True,0.5088,1010,6,7.3595,2026-04-23 21:49:53.727792,79.96
AI1975,Spring 2026,Research Paper,False,0.4056,1509,5,30.1899,2026-04-25 21:49:53.728044,83.23
AI1976,Spring 2026,Lab Report,True,0.2427,2554,5,28.9219,2026-05-23 21:49:53.728287,84.45
AI1977,Spring 2026,Literature Review,True,0.4174,1388,11,19.1334,2026-05-14 21:49:53.728534,79.8
AI1978,Spring 2026,Essay,False,0.4318,1316,9,14.6758,2026-07-01 21:49:53.728795,78.72
AI1979,Summer 2026,Case Study,False,0.2991,1019,6,13.895,2026-09-06 21:49:53.729045,40.13
AI1980,Fall 2026,Case Study,False,0.4964,2236,11,47.4326,2026-09-05 21:49:53.729292,83.09
AI1981,Summer 2026,Research Paper,True,0.5205,1670,7,28.3804,2026-08-20 21:49:53.729535,78.17
AI1982,Fall 2026,Lab Report,False,0.3829,1285,5,48.8975,2026-07-17 21:49:53.730209,58.29
AI1983,Spring 2026,Essay,False,0.5405,1738,7,17.691,2026-05-09 21:49:53.730722,71.36
AI1984,Summer 2026,Essay,False,0.509,1391,3,43.6028,2026-07-11 21:49:53.731230,55.46
AI1985,Summer 2026,Case Study,True,0.3772,2395,10,47.6628,2026-08-05 21:49:53.731604,82.67
AI1986,Fall 2026,Lab Report,True,0.4201,800,9,25.199,2026-03-26 21:49:53.731893,72.39
AI1987,Summer 2026,Lab Report,True,0.4154,939,7,32.9531,2026-04-28 21:49:53.732299,78.39
AI1988,Fall 2026,Case Study,True,0.4987,1837,9,14.1087,2026-06-30 21:49:53.732721,70.8
AI1989,Fall 2026,Research Paper,False,0.5703,1950,8,46.3995,2026-03-22 21:49:53.733333,99.3
AI1990,Fall 2025,Case Study,False,0.1572,1496,13,59.7946,2026-07-15 21:49:53.733669,68.57
AI1991,Fall 2026,Lab Report,True,0.4685,1297,8,51.6333,2026-03-26 21:49:53.733938,83.48
AI1992,Summer 2026,Lab Report,False,0.2003,1752,6,27.325,2026-07-23 21:49:53.734202,53.21
AI1993,Fall 2025,Case Study,False,0.0457,1262,6,26.4763,2026-05-15 21:49:53.734479,84.25
AI1994,Fall 2026,Research Paper,False,0.5904,1001,7,29.3985,2026-05-17 21:49:53.734733,61.99
AI1995,Fall 2026,Research Paper,True,0.6316,1613,13,45.839,2026-05-30 21:49:53.734989,80.3
AI1996,Fall 2025,Lab Report,False,0.0,1697,5,60.3133,2026-08-31 21:49:53.735250,92.08
AI1997,Fall 2025,Literature Review,True,0.4333,1466,6,13.2551,2026-08-21 21:49:53.735495,73.25
AI1998,Fall 2026,Literature Review,False,0.6529,1555,14,30.0611,2026-08-22 21:49:53.735764,79.47
AI1999,Fall 2026,Essay,True,0.602,439,3,17.9838,2026-07-10 21:49:53.736021,77.61
AI2000,Fall 2026,Essay,True,0.5345,2161,10,2.8927,2026-07-29 21:49:53.736276,65.45
AI2001,Summer 2026,Research Paper,False,0.4126,1546,5,33.9083,2026-08-31 21:49:53.736522,73.27
AI2002,Fall 2026,Essay,False,0.658,2107,6,23.4602,2026-04-05 21:49:53.736812,75.93
AI2003,Fall 2026,Literature Review,True,0.706,1239,7,60.956,2026-03-25 21:49:53.737089,77.68
AI2004,Fall 2026,Case Study,False,0.4596,1343,11,48.0496,2026-06-05 21:49:53.737368,85.11
AI2005,Fall 2026,Research Paper,True,0.5829,1173,10,9.1529,2026-04-08 21:49:53.737626,77.3
AI2006,Spring 2026,Lab Report,False,0.1774,1247,3,38.5593,2026-07-11 21:49:53.737872,100.0
AI2007,Summer 2026,Essay,False,0.4574,1910,3,50.3571,2026-06-02 21:49:53.738122,91.18
AI2008,Spring 2026,Lab Report,False,0.1723,1445,6,33.8072,2026-08-08 21:49:53.738373,50.29
AI2009,Fall 2026,Essay,True,0.5151,1556,10,24.7332,2026-05-05 21:49:53.738621,77.62
AI2010,Fall 2025,Lab Report,False,0.0431,1915,7,20.3036,2026-05-07 21:49:53.738902,73.5
AI2011,Fall 2026,Essay,True,0.6916,1720,10,27.227,2026-04-12 21:49:53.739168,73.98
AI2012,Summer 2026,Research Paper,True,0.4705,2440,4,25.7701,2026-07-22 21:49:53.739422,84.22
AI2013,Fall 2026,Literature Review,True,0.6899,1338,12,26.1291,2026-07-09 21:49:53.739698,86.74
AI2014,Fall 2026,Essay,True,0.6165,1687,12,51.3987,2026-08-28 21:49:53.739992,71.34
AI2015,Summer 2026,Lab Report,True,0.4284,1530,6,29.7444,2026-06-16 21:49:53.740274,76.12
AI2016,Fall 2026,Research Paper,True,0.58,1489,8,36.5617,2026-07-24 21:49:53.740541,75.59
AI2017,Spring 2026,Research Paper,True,0.3464,1694,13,26.8363,2026-05-12 21:49:53.740832,87.02
AI2018,Fall 2025,Research Paper,False,0.216,1664,13,48.9795,2026-04-21 21:49:53.741098,57.36
AI2019,Fall 2026,Literature Review,True,0.7535,1422,7,27.542,2026-04-25 21:49:53.741379,71.49
AI2020,Fall 2025,Lab Report,False,0.1172,1982,9,13.4283,2026-08-02 21:49:53.741634,77.99
AI2021,Fall 2026,Research Paper,False,0.498,1670,5,4.2358,2026-05-01 21:49:53.741876,68.7
AI2022,Summer 2026,Lab Report,False,0.3422,2049,10,6.9674,2026-04-24 21:49:53.742126,66.9
AI2023,Fall 2025,Research Paper,True,0.2372,1717,13,61.8301,2026-04-04 21:49:53.742370,67.65
AI2024,Fall 2025,Case Study,True,0.1507,1807,10,35.0682,2026-04-05 21:49:53.742619,78.42
AI2025,Spring 2026,Essay,False,0.3897,1835,8,55.5098,2026-07-23 21:49:53.742867,83.41
AI2026,Summer 2026,Case Study,False,0.3782,1226,6,18.8065,2026-07-05 21:49:53.743128,72.26
AI2027,Fall 2026,Case Study,False,0.4341,1583,7,38.5148,2026-06-25 21:49:53.743422,71.43
AI2028,Fall 2026,Essay,False,0.5315,1476,8,26.0386,2026-08-25 21:49:53.743669,64.47
AI2029,Summer 2026,Literature Review,True,0.6252,1341,15,63.7419,2026-04-05 21:49:53.743914,80.4
AI2030,Fall 2026,Lab Report,True,0.3839,1915,4,64.8136,2026-03-14 21:49:53.744203,75.69
AI2031,Fall 2026,Literature Review,True,0.7102,1920,6,55.5607,2026-06-19 21:49:53.744459,80.57
AI2032,Fall 2026,Lab Report,False,0.3525,2044,8,23.7082,2026-06-20 21:49:53.744708,71.93
AI2033,Spring 2026,Literature Review,False,0.3156,1912,4,45.5024,2026-07-11 21:49:53.744954,84.9
AI2034,Fall 2026,Lab Report,False,0.3871,2171,7,42.7996,2026-03-15 21:49:53.745207,65.86
AI2035,Fall 2026,Lab Report,False,0.3682,1175,11,35.9243,2026-08-06 21:49:53.745450,63.25
AI2036,Summer 2026,Essay,True,0.5001,2061,13,24.2637,2026-04-05 21:49:53.745701,79.8
AI2037,Fall 2026,Essay,False,0.6438,1279,11,20.9034,2026-05-04 21:49:53.745974,75.06
AI2038,Summer 2026,Lab Report,False,0.4179,1283,10,6.1686,2026-04-23 21:49:53.746245,82.74
AI2039,Fall 2025,Case Study,False,0.1539,1685,8,19.4043,2026-07-09 21:49:53.746842,63.94
AI2040,Fall 2026,Case Study,False,0.4241,1292,3,23.3522,2026-05-26 21:49:53.747356,71.62
AI2041,Fall 2026,Literature Review,True,0.6506,1828,6,39.8135,2026-07-29 21:49:53.747730,80.93
AI2042,Fall 2026,Literature Review,True,0.6142,899,8,30.1698,2026-04-17 21:49:53.748544,78.31
AI2043,Spring 2026,Lab Report,False,0.1891,1623,10,30.0491,2026-08-27 21:49:53.749109,99.25
AI2044,Spring 2026,Research Paper,False,0.3334,1482,8,43.1252,2026-04-01 21:49:53.749949,79.56
AI2045,Fall 2025,Research Paper,True,0.2409,1504,13,30.3209,2026-07-11 21:49:53.750480,80.84
AI2046,Spring 2026,Research Paper,False,0.3763,1022,12,27.5805,2026-07-02 21:49:53.751184,71.42
AI2047,Summer 2026,Essay,True,0.4704,1615,8,4.3448,2026-08-22 21:49:53.751685,73.68
AI2048,Spring 2026,Lab Report,True,0.2337,1982,4,53.9153,2026-04-22 21:49:53.752028,79.12
AI2049,Spring 2026,Literature Review,False,0.4337,970,11,59.7904,2026-08-24 21:49:53.752287,74.47
AI2050,Summer 2026,Case Study,False,0.3086,1826,5,22.327,2026-03-24 21:49:53.752538,65.06
AI2051,Fall 2026,Essay,False,0.681,1332,9,76.997,2026-05-06 21:49:53.752786,60.0
AI2052,Fall 2025,Literature Review,True,0.2865,1178,10,22.2976,2026-07-03 21:49:53.753037,75.89
AI2053,Summer 2026,Research Paper,False,0.5344,1407,8,45.274,2026-03-31 21:49:53.753702,68.44
AI2054,Fall 2026,Literature Review,False,0.6875,932,8,29.9829,2026-06-25 21:49:53.754032,77.24
AI2055,Fall 2026,Essay,False,0.6068,1440,8,29.5584,2026-06-26 21:49:53.754282,94.42
AI2056,Fall 2025,Essay,False,0.3006,1607,4,43.2805,2026-05-01 21:49:53.754553,64.7
AI2057,Spring 2026,Literature Review,False,0.4834,1163,7,31.9882,2026-04-30 21:49:53.754797,86.39
AI2058,Summer 2026,Research Paper,False,0.5049,1803,7,24.9311,2026-05-13 21:49:53.755045,77.42
AI2059,Spring 2026,Case Study,False,0.3196,1196,7,39.548,2026-03-14 21:49:53.755289,83.08
AI2060,Fall 2026,Essay,False,0.6439,1203,7,30.3998,2026-06-24 21:49:53.755534,65.75
AI2061,Fall 2026,Essay,False,0.6291,1454,10,52.855,2026-05-27 21:49:53.755784,54.99
AI2062,Summer 2026,Essay,False,0.4476,1813,9,13.3104,2026-06-21 21:49:53.756035,75.56
AI2063,Fall 2026,Lab Report,False,0.352,1727,7,25.7979,2026-07-09 21:49:53.756281,67.24
AI2064,Fall 2026,Lab Report,True,0.5199,1752,7,8.171,2026-07-26 21:49:53.756528,74.58
AI2065,Summer 2026,Research Paper,False,0.4121,1588,7,39.4182,2026-05-13 21:49:53.756792,81.26
AI2066,Summer 2026,Lab Report,True,0.3059,1792,7,24.0728,2026-09-01 21:49:53.757229,87.57
AI2067,Summer 2026,Literature Review,False,0.5465,1583,7,12.1977,2026-08-14 21:49:53.757819,86.36
AI2068,Summer 2026,Case Study,False,0.2509,921,8,41.1476,2026-05-19 21:49:53.758457,73.93
AI2069,Fall 2025,Research Paper,False,0.2813,2603,8,43.1803,2026-06-18 21:49:53.758895,82.56
AI2070,Fall 2026,Lab Report,False,0.3104,1534,12,60.0853,2026-06-15 21:49:53.759423,97.05
AI2071,Spring 2026,Literature Review,True,0.4736,1652,11,27.6814,2026-06-17 21:49:53.759941,79.07
AI2072,Spring 2026,Lab Report,False,0.315,1670,8,66.9877,2026-08-26 21:49:53.760475,86.33
AI2073,Spring 2026,Case Study,False,0.3112,1300,8,34.7399,2026-03-17 21:49:53.760968,73.65
AI2074,Fall 2025,Lab Report,False,0.0886,1015,7,11.0723,2026-07-10 21:49:53.761423,65.01
AI2075,Spring 2026,Literature Review,False,0.5064,356,10,27.3221,2026-07-30 21:49:53.761813,82.55
AI2076,Fall 2026,Research Paper,False,0.5496,2091,11,34.6986,2026-04-24 21:49:53.762176,81.75
AI2077,Fall 2026,Lab Report,False,0.426,1475,9,50.2705,2026-08-27 21:49:53.762488,94.73
AI2078,Fall 2026,Lab Report,True,0.3838,2059,11,16.484,2026-03-31 21:49:53.762788,87.76
AI2079,Spring 2026,Essay,True,0.4313,1492,11,9.7439,2026-08-06 21:49:53.763698,76.37
AI2080,Fall 2026,Case Study,True,0.4641,1351,7,40.4843,2026-08-10 21:49:53.764814,87.42
AI2081,Summer 2026,Lab Report,False,0.2397,1439,7,20.2224,2026-07-29 21:49:53.765229,60.78
AI2082,Fall 2026,Case Study,False,0.5223,1185,10,38.9526,2026-07-19 21:49:53.765485,81.14
AI2083,Fall 2025,Essay,True,0.3349,1831,12,19.7666,2026-09-01 21:49:53.765773,81.46
AI2084,Fall 2025,Research Paper,False,0.2096,1861,7,36.8446,2026-09-05 21:49:53.766264,72.24
AI2085,Spring 2026,Research Paper,False,0.3544,1631,7,36.4798,2026-07-11 21:49:53.767154,76.17
AI2086,Fall 2026,Literature Review,True,0.6365,1725,11,43.9544,2026-05-09 21:49:53.767572,73.16
AI2087,Fall 2026,Research Paper,True,0.5853,1490,5,57.2428,2026-05-26 21:49:53.767916,89.4
AI2088,Summer 2026,Essay,True,0.5818,1204,8,3.06,2026-07-27 21:49:53.768906,77.27
AI2089,Fall 2026,Lab Report,False,0.297,1779,5,50.8465,2026-05-10 21:49:53.769461,85.78
AI2090,Summer 2026,Research Paper,True,0.4209,1070,6,24.6909,2026-06-08 21:49:53.770043,88.34
AI2091,Summer 2026,Essay,True,0.555,2049,7,60.5116,2026-09-05 21:49:53.770540,66.03
AI2092,Spring 2026,Lab Report,True,0.23,2117,9,13.3971,2026-06-15 21:49:53.771042,69.14
AI2093,Summer 2026,Research Paper,True,0.427,1518,7,11.461,2026-07-05 21:49:53.771528,76.75
AI2094,Fall 2026,Research Paper,False,0.5937,1344,6,27.0857,2026-03-16 21:49:53.772328,68.52
AI2095,Fall 2026,Lab Report,True,0.3983,1839,6,18.0475,2026-08-24 21:49:53.773162,82.1
AI2096,Fall 2025,Literature Review,True,0.3481,1549,4,62.5008,2026-08-13 21:49:53.773782,70.8
AI2097,Spring 2026,Research Paper,False,0.3183,1606,11,41.9688,2026-04-04 21:49:53.774288,89.3
AI2098,Fall 2026,Lab Report,True,0.408,1882,0,17.4373,2026-03-26 21:49:53.774738,74.25
AI2099,Fall 2026,Literature Review,False,0.7217,1634,6,50.1836,2026-06-09 21:49:53.775374,73.14
AI2100,Fall 2026,Literature Review,True,0.7111,1902,6,52.6224,2026-06-30 21:49:53.775744,75.81
AI2101,Fall 2026,Essay,True,0.6091,1435,11,52.9303,2026-03-29 21:49:53.776009,83.33
AI2102,Spring 2026,Case Study,False,0.2583,2174,17,4.3407,2026-07-18 21:49:53.776267,86.43
AI2103,Fall 2026,Lab Report,True,0.3823,1796,9,34.3063,2026-06-05 21:49:53.776511,77.67
AI2104,Spring 2026,Essay,False,0.3808,1934,11,3.3651,2026-06-29 21:49:53.776790,71.41
AI2105,Fall 2026,Literature Review,False,0.6908,1087,13,33.7188,2026-06-26 21:49:53.777044,74.81
AI2106,Fall 2026,Research Paper,False,0.5869,1579,5,54.716,2026-07-03 21:49:53.777289,48.41
AI2107,Fall 2026,Research Paper,True,0.5993,1213,9,11.3881,2026-09-07 21:49:53.777531,72.23
AI2108,Summer 2026,Case Study,False,0.2664,1264,8,52.0213,2026-07-22 21:49:53.777777,77.04
AI2109,Summer 2026,Literature Review,True,0.6261,1676,6,11.2076,2026-03-26 21:49:53.778025,81.94
AI2110,Fall 2025,Essay,False,0.2928,1180,10,46.4747,2026-07-22 21:49:53.778274,100.0
AI2111,Fall 2025,Case Study,False,0.1104,2283,9,58.027,2026-05-19 21:49:53.778515,64.31
AI2112,Fall 2026,Literature Review,False,0.6256,1561,8,9.2985,2026-04-30 21:49:53.778757,46.02
AI2113,Fall 2026,Research Paper,True,0.5412,1385,12,9.134,2026-05-27 21:49:53.779003,66.59
AI2114,Fall 2026,Essay,True,0.6129,1242,4,28.4119,2026-06-12 21:49:53.779254,80.07
AI2115,Summer 2026,Essay,False,0.5682,1953,8,28.002,2026-05-19 21:49:53.779521,86.85
AI2116,Fall 2026,Lab Report,False,0.394,1659,11,30.704,2026-06-19 21:49:53.780303,75.71
AI2117,Fall 2026,Essay,False,0.5952,1113,3,10.6415,2026-06-07 21:49:53.781491,71.4
AI2118,Fall 2026,Literature Review,True,0.5677,1676,6,22.3756,2026-05-30 21:49:53.781882,85.4
AI2119,Fall 2026,Essay,False,0.5617,1272,6,18.7438,2026-07-02 21:49:53.782164,95.86
AI2120,Fall 2025,Case Study,False,0.0736,1598,13,41.6757,2026-07-03 21:49:53.782468,76.38
AI2121,Fall 2026,Essay,True,0.571,1256,6,5.7841,2026-03-22 21:49:53.782898,73.93
AI2122,Fall 2026,Case Study,True,0.4943,1207,6,59.7798,2026-05-12 21:49:53.783817,71.02
AI2123,Fall 2026,Literature Review,False,0.7139,1715,3,55.5216,2026-07-16 21:49:53.784366,58.61
AI2124,Fall 2026,Research Paper,False,0.6059,1286,12,46.3219,2026-07-31 21:49:53.785086,64.67
AI2125,Fall 2026,Lab Report,False,0.3887,1193,5,10.9915,2026-05-15 21:49:53.785600,83.92
AI2126,Spring 2026,Case Study,False,0.2389,1345,5,1.3961,2026-05-11 21:49:53.786083,84.84
AI2127,Summer 2026,Case Study,True,0.3363,1519,7,30.3685,2026-04-23 21:49:53.786552,81.1
AI2128,Fall 2026,Literature Review,True,0.6856,1604,5,27.21,2026-06-02 21:49:53.787037,82.92
AI2129,Fall 2025,Case Study,True,0.193,1370,8,38.1233,2026-07-25 21:49:53.787512,86.43
AI2130,Spring 2026,Case Study,False,0.194,1857,7,48.5923,2026-06-20 21:49:53.787985,87.19
AI2131,Fall 2026,Lab Report,False,0.3652,873,7,28.1228,2026-05-19 21:49:53.788435,71.17
AI2132,Fall 2026,Essay,True,0.6751,1699,10,80.467,2026-05-30 21:49:53.788875,81.22
AI2133,Fall 2026,Case Study,False,0.3832,1515,6,37.894,2026-09-01 21:49:53.789686,78.95
AI2134,Spring 2026,Research Paper,True,0.3801,1655,10,53.6444,2026-07-25 21:49:53.790259,72.11
AI2135,Fall 2026,Case Study,True,0.4122,1182,10,37.1144,2026-03-26 21:49:53.790994,91.06
AI2136,Fall 2026,Literature Review,True,0.6332,1085,5,58.1202,2026-08-12 21:49:53.791352,80.07
AI2137,Spring 2026,Essay,True,0.388,1753,10,29.9247,2026-04-24 21:49:53.791642,81.76
AI2138,Summer 2026,Research Paper,False,0.4403,951,6,47.1411,2026-03-17 21:49:53.791986,72.77
AI2139,Fall 2026,Literature Review,True,0.6937,2092,6,12.2216,2026-03-28 21:49:53.792319,79.37
AI2140,Spring 2026,Research Paper,False,0.3646,1617,6,62.3997,2026-03-20 21:49:53.792658,73.38
AI2141,Spring 2026,Essay,True,0.4053,2030,9,44.6617,2026-07-16 21:49:53.792908,77.6
AI2142,Fall 2026,Lab Report,True,0.3841,1467,7,48.9615,2026-05-15 21:49:53.793169,75.4
AI2143,Summer 2026,Research Paper,True,0.4622,1236,11,39.062,2026-05-19 21:49:53.793417,67.99
AI2144,Spring 2026,Literature Review,True,0.4355,1415,11,46.0928,2026-08-12 21:49:53.793690,76.6
AI2145,Fall 2026,Literature Review,True,0.6633,1950,10,35.1604,2026-06-30 21:49:53.793943,78.24
AI2146,Spring 2026,Research Paper,False,0.3075,1414,7,42.1115,2026-08-17 21:49:53.794205,67.47
AI2147,Summer 2026,Case Study,True,0.4084,1825,8,10.4792,2026-06-23 21:49:53.794450,76.82
AI2148,Fall 2026,Lab Report,True,0.4481,1420,9,36.7426,2026-05-21 21:49:53.794700,69.72
AI2149,Spring 2026,Literature Review,True,0.4607,1533,4,44.9235,2026-07-01 21:49:53.794951,79.6
AI2150,Fall 2026,Literature Review,True,0.675,1201,7,27.8851,2026-06-05 21:49:53.795200,76.02
AI2151,Summer 2026,Literature Review,False,0.5293,2082,6,61.9331,2026-03-14 21:49:53.795449,75.41
AI2152,Fall 2026,Lab Report,True,0.2864,1037,11,49.3088,2026-05-11 21:49:53.795689,71.39
AI2153,Fall 2026,Essay,True,0.6187,1462,16,77.9894,2026-04-04 21:49:53.795934,70.7
AI2154,Summer 2026,Literature Review,True,0.6264,1649,9,50.8623,2026-04-11 21:49:53.796265,77.22
AI2155,Summer 2026,Essay,True,0.4753,942,5,30.7686,2026-07-12 21:49:53.796801,76.78
AI2156,Fall 2026,Essay,False,0.6914,2066,7,66.022,2026-07-15 21:49:53.797139,70.93
AI2157,Fall 2026,Literature Review,True,0.6719,1492,7,47.5305,2026-07-16 21:49:53.797430,83.98
AI2158,Fall 2026,Research Paper,False,0.5516,2336,16,78.7188,2026-07-20 21:49:53.797821,70.8
AI2159,Spring 2026,Lab Report,False,0.202,2086,12,35.44,2026-06-26 21:49:53.798078,64.56
AI2160,Spring 2026,Lab Report,False,0.2622,1045,6,51.5612,2026-03-28 21:49:53.798321,43.83
AI2161,Fall 2025,Lab Report,True,0.1073,1153,7,22.0069,2026-06-04 21:49:53.798561,80.36
AI2162,Fall 2025,Research Paper,True,0.2139,1555,3,33.576,2026-05-24 21:49:53.798810,82.39
AI2163,Spring 2026,Essay,True,0.4704,1677,16,58.3394,2026-05-23 21:49:53.799061,81.35
AI2164,Fall 2026,Essay,False,0.5268,1798,11,70.394,2026-07-20 21:49:53.799330,60.33
AI2165,Summer 2026,Case Study,False,0.4137,1899,5,54.7162,2026-06-07 21:49:53.799635,81.56
AI2166,Spring 2026,Lab Report,True,0.2659,1512,4,23.0409,2026-07-13 21:49:53.800059,85.28
AI2167,Spring 2026,Case Study,True,0.3518,1247,10,41.1076,2026-08-17 21:49:53.800527,75.56
AI2168,Fall 2026,Essay,False,0.5996,1798,11,22.6779,2026-07-11 21:49:53.801203,85.22
AI2169,Fall 2026,Essay,False,0.5464,1936,10,55.4669,2026-05-09 21:49:53.801868,71.82
AI2170,Spring 2026,Lab Report,True,0.1927,1728,7,30.639,2026-09-02 21:49:53.802385,90.53
AI2171,Fall 2026,Case Study,False,0.5851,1438,8,32.1634,2026-05-28 21:49:53.802862,80.34
AI2172,Fall 2026,Essay,True,0.6359,1593,10,65.2988,2026-05-17 21:49:53.803306,66.74
AI2173,Summer 2026,Essay,False,0.5149,1342,7,13.464,2026-05-01 21:49:53.804083,87.91
AI2174,Spring 2026,Lab Report,False,0.254,2458,5,48.6524,2026-04-04 21:49:53.804606,91.32
AI2175,Summer 2026,Essay,False,0.5542,1572,17,58.458,2026-08-14 21:49:53.805206,90.49
AI2176,Spring 2026,Case Study,True,0.2589,2178,7,26.1175,2026-04-16 21:49:53.805640,74.79
AI2177,Spring 2026,Research Paper,True,0.3732,869,8,32.1175,2026-06-20 21:49:53.805899,69.42
AI2178,Fall 2026,Literature Review,False,0.537,1683,4,46.9017,2026-04-27 21:49:53.806160,80.46
AI2179,Fall 2026,Essay,True,0.6473,1162,10,25.2651,2026-07-20 21:49:53.806407,68.77
AI2180,Summer 2026,Case Study,False,0.3539,1476,6,21.8204,2026-04-17 21:49:53.806663,70.63
AI2181,Fall 2025,Literature Review,False,0.363,1558,12,21.0294,2026-05-17 21:49:53.806917,73.97
AI2182,Spring 2026,Essay,True,0.3892,1259,10,30.9041,2026-03-21 21:49:53.807180,81.26
AI2183,Spring 2026,Essay,False,0.4371,1383,9,58.8202,2026-07-19 21:49:53.807438,90.08
AI2184,Summer 2026,Research Paper,True,0.4124,2282,6,43.9806,2026-08-25 21:49:53.807683,79.43
AI2185,Fall 2025,Research Paper,False,0.1509,1874,10,58.8172,2026-04-17 21:49:53.807935,71.6
AI2186,Fall 2026,Research Paper,True,0.5634,1826,8,6.5606,2026-05-02 21:49:53.808221,74.84
AI2187,Spring 2026,Essay,False,0.4514,743,5,43.7785,2026-04-13 21:49:53.808470,85.83
AI2188,Fall 2026,Essay,True,0.6489,1351,5,8.049,2026-07-22 21:49:53.808709,82.24
AI2189,Spring 2026,Literature Review,True,0.4336,1252,4,28.7019,2026-08-27 21:49:53.808960,73.42
AI2190,Fall 2026,Essay,True,0.4827,1753,7,48.5867,2026-05-19 21:49:53.809209,66.84
AI2191,Fall 2026,Essay,False,0.5419,1604,8,4.8235,2026-05-09 21:49:53.809456,76.78
AI2192,Spring 2026,Literature Review,True,0.4935,1593,8,18.2498,2026-08-12 21:49:53.809694,83.9
AI2193,Fall 2026,Essay,False,0.63,1204,7,11.3271,2026-03-30 21:49:53.809976,78.06
AI2194,Summer 2026,Essay,False,0.5869,1539,10,8.6799,2026-07-01 21:49:53.810273,67.01
AI2195,Summer 2026,Lab Report,False,0.3555,1454,5,33.3538,2026-04-09 21:49:53.810541,61.48
AI2196,Fall 2026,Research Paper,False,0.4971,2108,8,47.3339,2026-09-03 21:49:53.810787,86.17
AI2197,Fall 2026,Essay,False,0.6697,345,4,20.551,2026-08-31 21:49:53.811096,89.57
AI2198,Fall 2025,Literature Review,False,0.3231,1585,9,50.2029,2026-08-03 21:49:53.811351,71.95
AI2199,Fall 2026,Lab Report,True,0.4049,1003,9,34.7502,2026-05-03 21:49:53.811593,73.9
AI2200,Fall 2026,Research Paper,False,0.5523,1527,4,67.8586,2026-05-30 21:49:53.811859,81.86
AI2201,Fall 2025,Essay,True,0.2721,1293,9,38.7524,2026-05-11 21:49:53.812119,81.16
AI2202,Summer 2026,Literature Review,False,0.5027,1295,7,67.0153,2026-07-03 21:49:53.812371,81.93
AI2203,Summer 2026,Lab Report,False,0.17,1555,6,41.7594,2026-05-17 21:49:53.812612,86.12
AI2204,Fall 2026,Research Paper,True,0.5287,502,6,56.0324,2026-09-03 21:49:53.812855,75.66
AI2205,Summer 2026,Case Study,False,0.3302,1325,10,28.8351,2026-04-01 21:49:53.813457,81.86
AI2206,Spring 2026,Literature Review,False,0.4096,1685,4,29.3756,2026-09-05 21:49:53.813776,73.15
AI2207,Fall 2025,Essay,False,0.2888,1308,8,22.4572,2026-05-13 21:49:53.814075,81.49
AI2208,Spring 2026,Case Study,False,0.2053,1482,8,56.288,2026-09-07 21:49:53.814385,72.66
AI2209,Fall 2026,Research Paper,False,0.5093,2213,8,52.3343,2026-06-23 21:49:53.814635,82.6
AI2210,Fall 2026,Research Paper,True,0.6154,1563,9,54.6911,2026-06-04 21:49:53.814877,74.05
AI2211,Summer 2026,Case Study,False,0.3889,1137,6,31.7618,2026-07-10 21:49:53.815136,67.01
AI2212,Spring 2026,Case Study,False,0.2453,1966,7,70.3383,2026-07-19 21:49:53.815395,100.0
AI2213,Summer 2026,Lab Report,True,0.212,823,10,58.593,2026-08-07 21:49:53.815645,79.83
AI2214,Fall 2026,Literature Review,True,0.62,1479,7,68.25,2026-04-06 21:49:53.816022,73.0
AI2215,Fall 2026,Research Paper,True,0.5851,2376,9,18.9891,2026-06-04 21:49:53.816457,70.65
AI2216,Summer 2026,Essay,True,0.5095,2057,10,41.4688,2026-08-04 21:49:53.817018,74.85
AI2217,Fall 2026,Essay,False,0.6212,1723,10,24.0216,2026-07-15 21:49:53.817295,74.69
AI2218,Summer 2026,Lab Report,True,0.3222,1829,8,25.8865,2026-03-30 21:49:53.817544,84.91
AI2219,Summer 2026,Lab Report,False,0.2651,1188,8,16.8159,2026-07-04 21:49:53.817891,51.77
AI2220,Summer 2026,Lab Report,False,0.3152,2197,5,25.3725,2026-05-31 21:49:53.818342,61.07
AI2221,Fall 2025,Essay,False,0.2979,1593,6,34.4144,2026-06-12 21:49:53.818793,83.53
AI2222,Fall 2026,Literature Review,True,0.7039,1555,9,41.6983,2026-05-03 21:49:53.819258,81.35
AI2223,Fall 2025,Case Study,True,0.1842,110,8,27.4703,2026-09-07 21:49:53.819764,80.68
AI2224,Summer 2026,Essay,False,0.5174,1816,10,26.4137,2026-05-08 21:49:53.820256,61.44
AI2225,Fall 2025,Research Paper,False,0.2525,1301,12,14.3591,2026-07-27 21:49:53.820712,76.49
AI2226,Summer 2026,Research Paper,False,0.4307,1590,9,52.023,2026-05-23 21:49:53.821542,80.3
AI2227,Fall 2026,Case Study,False,0.4325,1491,4,21.7495,2026-06-11 21:49:53.821989,71.22
AI2228,Fall 2025,Case Study,False,0.1329,1386,9,19.8787,2026-07-13 21:49:53.822316,78.4
AI2229,Spring 2026,Lab Report,False,0.1994,1334,13,40.361,2026-07-23 21:49:53.822573,92.45
AI2230,Summer 2026,Literature Review,True,0.5831,1817,12,10.3631,2026-09-05 21:49:53.822825,73.03
AI2231,Fall 2026,Research Paper,True,0.6161,1074,11,40.8034,2026-03-14 21:49:53.823089,78.24
AI2232,Summer 2026,Case Study,False,0.4465,1394,4,16.7879,2026-04-06 21:49:53.823384,83.72
AI2233,Fall 2025,Essay,False,0.2653,1625,7,21.9666,2026-05-03 21:49:53.823627,67.06
AI2234,Fall 2025,Essay,True,0.327,798,4,62.2054,2026-04-12 21:49:53.823888,75.36
AI2235,Fall 2026,Research Paper,False,0.4874,1631,6,49.5365,2026-09-07 21:49:53.824169,67.24
AI2236,Summer 2026,Essay,False,0.5253,1735,13,36.9137,2026-08-18 21:49:53.824410,82.01
AI2237,Fall 2025,Essay,False,0.2634,1433,7,47.9187,2026-08-07 21:49:53.824652,63.72
AI2238,Summer 2026,Lab Report,False,0.281,882,10,59.5408,2026-04-18 21:49:53.824894,100.0
AI2239,Fall 2026,Research Paper,True,0.585,1627,13,37.2046,2026-07-15 21:49:53.825147,82.82
AI2240,Spring 2026,Case Study,False,0.1555,1358,4,13.3338,2026-05-18 21:49:53.825397,84.0
AI2241,Spring 2026,Research Paper,False,0.3205,1926,8,12.7023,2026-04-21 21:49:53.825637,72.06
AI2242,Spring 2026,Lab Report,True,0.1701,2401,9,35.0719,2026-06-28 21:49:53.825902,76.02
AI2243,Summer 2026,Case Study,True,0.2807,1532,10,41.9513,2026-05-14 21:49:53.826213,74.57
AI2244,Summer 2026,Case Study,False,0.3654,1474,5,24.3328,2026-05-24 21:49:53.826462,79.53
AI2245,Summer 2026,Lab Report,True,0.3244,1193,5,17.4963,2026-09-06 21:49:53.826705,75.42
AI2246,Fall 2026,Essay,False,0.494,1255,9,18.0922,2026-07-28 21:49:53.826955,81.86
AI2247,Fall 2025,Case Study,False,0.224,1066,12,18.3538,2026-07-26 21:49:53.827202,73.29
AI2248,Fall 2026,Research Paper,False,0.5311,1949,5,38.0003,2026-03-12 21:49:53.827461,67.71
AI2249,Fall 2025,Lab Report,False,0.0261,1838,4,28.0799,2026-04-20 21:49:53.827704,59.08
AI2250,Fall 2025,Research Paper,False,0.2246,588,10,45.3614,2026-08-21 21:49:53.827948,64.84
AI2251,Summer 2026,Literature Review,False,0.5946,2239,10,64.8575,2026-03-20 21:49:53.828208,78.69
AI2252,Summer 2026,Literature Review,False,0.4652,1046,10,5.3096,2026-04-16 21:49:53.828452,84.04
AI2253,Fall 2026,Essay,True,0.5444,1242,8,74.5232,2026-08-02 21:49:53.828695,71.76
AI2254,Spring 2026,Essay,False,0.4473,1273,6,49.9191,2026-06-05 21:49:53.828944,66.6
AI2255,Fall 2025,Lab Report,True,0.1022,2449,10,15.7739,2026-08-24 21:49:53.829195,80.05
AI2256,Fall 2026,Case Study,False,0.4964,1706,4,5.7879,2026-04-03 21:49:53.829444,70.67
AI2257,Summer 2026,Research Paper,True,0.428,1230,13,5.3117,2026-08-23 21:49:53.830095,77.78
AI2258,Summer 2026,Research Paper,True,0.4611,899,7,39.9327,2026-07-10 21:49:53.830594,73.72
AI2259,Summer 2026,Essay,False,0.4594,2000,7,33.2481,2026-06-10 21:49:53.831273,92.61
AI2260,Fall 2026,Lab Report,False,0.3862,1315,5,36.376,2026-08-30 21:49:53.831569,83.33
AI2261,Fall 2026,Lab Report,False,0.3329,1985,7,15.9326,2026-05-04 21:49:53.831810,96.15
AI2262,Fall 2026,Literature Review,True,0.698,2171,10,27.3547,2026-07-31 21:49:53.832059,73.2
AI2263,Fall 2026,Lab Report,True,0.4025,1882,2,41.2003,2026-05-06 21:49:53.832308,75.36
AI2264,Fall 2025,Research Paper,True,0.2978,1052,5,32.9906,2026-04-09 21:49:53.832558,82.98
AI2265,Spring 2026,Essay,False,0.4441,1483,6,51.821,2026-05-14 21:49:53.832808,69.45
AI2266,Fall 2026,Case Study,False,0.3802,1416,12,8.0938,2026-06-29 21:49:53.833055,84.61
AI2267,Summer 2026,Lab Report,False,0.3129,2052,10,40.6185,2026-07-09 21:49:53.833374,80.5
AI2268,Fall 2026,Essay,True,0.4776,1224,5,24.2796,2026-07-18 21:49:53.833777,81.17
AI2269,Fall 2026,Case Study,False,0.3808,1528,4,20.3833,2026-08-17 21:49:53.834597,79.69
AI2270,Spring 2026,Lab Report,False,0.2702,1508,6,21.2245,2026-04-27 21:49:53.835321,65.35
AI2271,Fall 2026,Lab Report,False,0.2676,1113,8,10.4989,2026-09-01 21:49:53.835832,88.09
AI2272,Spring 2026,Lab Report,False,0.1446,654,5,25.4932,2026-07-17 21:49:53.836302,88.31
AI2273,Spring 2026,Essay,False,0.3758,1467,10,25.8684,2026-07-23 21:49:53.837278,72.27
AI2274,Fall 2025,Research Paper,False,0.3088,1831,8,47.4864,2026-03-13 21:49:53.837860,65.61
AI2275,Fall 2026,Literature Review,True,0.6394,1396,6,43.7669,2026-08-18 21:49:53.838353,79.91
AI2276,Spring 2026,Literature Review,False,0.5094,1047,14,19.0721,2026-05-19 21:49:53.838833,75.1
AI2277,Summer 2026,Essay,True,0.514,1885,7,50.8959,2026-08-18 21:49:53.839308,73.77
AI2278,Fall 2026,Literature Review,True,0.5832,1282,7,60.0703,2026-05-04 21:49:53.839770,82.68
AI2279,Summer 2026,Case Study,False,0.3796,1635,6,32.8595,2026-04-14 21:49:53.840571,55.13
AI2280,Summer 2026,Lab Report,False,0.2549,1891,8,27.5458,2026-08-13 21:49:53.841123,80.2
AI2281,Spring 2026,Essay,True,0.4209,1155,7,46.3339,2026-08-11 21:49:53.841788,71.34
AI2282,Fall 2026,Lab Report,True,0.3761,1438,7,49.1446,2026-07-07 21:49:53.842133,76.84
AI2283,Summer 2026,Lab Report,False,0.3503,1471,8,64.0719,2026-06-29 21:49:53.842385,67.25
AI2284,Fall 2026,Essay,True,0.534,2142,6,45.6754,2026-04-02 21:49:53.842626,70.92
AI2285,Fall 2026,Case Study,True,0.4803,1454,10,41.3787,2026-04-11 21:49:53.842902,76.5
AI2286,Fall 2026,Lab Report,False,0.4158,1166,11,70.5892,2026-08-05 21:49:53.843180,86.41
AI2287,Summer 2026,Lab Report,False,0.2882,1405,8,44.6446,2026-06-07 21:49:53.843451,67.57
AI2288,Fall 2026,Essay,True,0.6132,1568,6,29.2626,2026-03-31 21:49:53.843711,77.93
AI2289,Fall 2026,Essay,True,0.5815,1606,4,43.3127,2026-07-26 21:49:53.843969,73.53
AI2290,Fall 2026,Lab Report,True,0.4437,1615,4,7.5725,2026-07-09 21:49:53.844233,74.23
AI2291,Fall 2026,Case Study,False,0.471,1239,14,45.3286,2026-07-09 21:49:53.844482,82.92
AI2292,Spring 2026,Literature Review,False,0.5323,2158,6,59.3307,2026-05-12 21:49:53.844724,88.94
AI2293,Fall 2026,Literature Review,False,0.6861,1230,6,6.4497,2026-04-20 21:49:53.844973,71.49
AI2294,Summer 2026,Essay,False,0.4957,1937,4,45.8019,2026-08-16 21:49:53.845217,90.44
AI2295,Fall 2026,Lab Report,False,0.3376,1734,11,55.32,2026-07-06 21:49:53.845459,75.9
AI2296,Spring 2026,Research Paper,False,0.3301,1954,9,33.7806,2026-04-21 21:49:53.845700,72.29
AI2297,Fall 2026,Essay,False,0.6284,1909,7,15.4837,2026-03-31 21:49:53.845942,74.33
AI2298,Summer 2026,Essay,True,0.5915,1239,9,45.8709,2026-08-28 21:49:53.846190,79.49
AI2299,Fall 2026,Research Paper,True,0.5192,1080,8,32.1714,2026-07-14 21:49:53.847576,69.03
AI2300,Fall 2026,Essay,True,0.5407,1772,5,13.6296,2026-04-02 21:49:53.848316,79.54
AI2301,Summer 2026,Lab Report,True,0.2942,1310,4,11.9502,2026-05-04 21:49:53.848600,77.71
AI2302,Fall 2026,Literature Review,False,0.5786,1748,7,11.7091,2026-09-07 21:49:53.848864,68.77
AI2303,Fall 2025,Literature Review,False,0.2864,1612,11,14.2181,2026-06-29 21:49:53.849300,73.16
AI2304,Fall 2026,Literature Review,True,0.6863,1391,5,37.1708,2026-03-23 21:49:53.850073,81.93
AI2305,Summer 2026,Case Study,False,0.4022,1246,10,37.366,2026-05-27 21:49:53.850764,62.94
AI2306,Summer 2026,Literature Review,True,0.6465,1606,11,24.8655,2026-08-11 21:49:53.851663,74.9
AI2307,Fall 2026,Case Study,False,0.3953,1606,11,8.8011,2026-05-22 21:49:53.852150,71.81
AI2308,Fall 2026,Lab Report,True,0.3948,1285,9,32.8446,2026-04-04 21:49:53.852671,83.4
AI2309,Summer 2026,Essay,True,0.6316,1111,4,11.5192,2026-07-23 21:49:53.853747,83.18
AI2310,Summer 2026,Case Study,True,0.2559,1320,9,26.6076,2026-07-01 21:49:53.854454,72.56
AI2311,Spring 2026,Case Study,False,0.1901,1393,11,34.5496,2026-07-01 21:49:53.854862,71.25
AI2312,Summer 2026,Essay,False,0.465,1708,11,64.0912,2026-03-14 21:49:53.855146,56.31
AI2313,Fall 2026,Lab Report,True,0.2905,1230,6,29.5,2026-06-10 21:49:53.855402,74.47
AI2314,Summer 2026,Lab Report,False,0.2959,1421,11,28.8246,2026-07-16 21:49:53.855652,74.67
AI2315,Spring 2026,Literature Review,True,0.4509,1922,6,46.6434,2026-06-26 21:49:53.856093,78.24
AI2316,Fall 2026,Literature Review,True,0.6732,2299,9,41.5524,2026-08-21 21:49:53.856443,78.51
AI2317,Fall 2025,Research Paper,False,0.3131,989,11,32.0159,2026-05-23 21:49:53.856720,66.97
AI2318,Spring 2026,Case Study,True,0.2355,748,8,38.4694,2026-06-01 21:49:53.857017,77.97
AI2319,Fall 2026,Literature Review,False,0.6383,968,6,39.1781,2026-08-22 21:49:53.857273,72.63
AI2320,Spring 2026,Literature Review,False,0.5032,2037,5,55.1511,2026-04-28 21:49:53.857516,72.8
AI2321,Fall 2026,Lab Report,False,0.3961,1478,6,2.4603,2026-04-23 21:49:53.857760,65.0
AI2322,Fall 2026,Research Paper,True,0.572,1104,7,47.5907,2026-05-21 21:49:53.858011,79.65
AI2323,Fall 2026,Research Paper,True,0.5564,1902,10,39.2878,2026-03-21 21:49:53.858263,80.76
AI2324,Summer 2026,Literature Review,False,0.5091,1166,4,23.9686,2026-07-10 21:49:53.858513,71.72
AI2325,Fall 2026,Lab Report,True,0.4767,1576,7,55.7073,2026-08-21 21:49:53.858768,78.03
AI2326,Fall 2026,Essay,True,0.6929,1123,3,11.3782,2026-03-24 21:49:53.859023,75.65
AI2327,Fall 2026,Research Paper,True,0.6136,1250,8,62.5908,2026-06-12 21:49:53.859283,78.29
AI2328,Fall 2026,Lab Report,False,0.3772,1343,2,22.903,2026-04-08 21:49:53.859530,69.11
AI2329,Fall 2026,Literature Review,False,0.606,1932,8,71.5208,2026-07-29 21:49:53.859783,82.65
AI2330,Spring 2026,Literature Review,False,0.502,1744,2,53.6275,2026-08-27 21:49:53.860031,69.43
AI2331,Spring 2026,Research Paper,False,0.4171,1889,7,37.6562,2026-04-24 21:49:53.860274,85.85
AI2332,Fall 2026,Research Paper,False,0.5517,2125,3,16.749,2026-08-19 21:49:53.860515,81.83
AI2333,Spring 2026,Research Paper,False,0.3536,1865,13,43.6183,2026-04-14 21:49:53.860756,67.01
AI2334,Fall 2026,Research Paper,False,0.5906,1277,4,27.1706,2026-03-15 21:49:53.861001,91.9
AI2335,Fall 2026,Essay,True,0.5373,1193,6,38.2959,2026-07-29 21:49:53.861243,76.77
AI2336,Fall 2026,Lab Report,False,0.3757,1181,10,13.1596,2026-06-19 21:49:53.861501,70.75
AI2337,Spring 2026,Case Study,False,0.264,1420,10,52.9655,2026-07-05 21:49:53.861746,73.49
AI2338,Summer 2026,Case Study,False,0.3892,1354,7,11.6579,2026-05-01 21:49:53.861993,61.87
AI2339,Summer 2026,Essay,True,0.457,1939,5,18.4344,2026-04-26 21:49:53.862235,83.69
AI2340,Summer 2026,Research Paper,False,0.5116,892,8,36.7562,2026-07-22 21:49:53.862482,73.48
AI2341,Fall 2026,Case Study,True,0.4958,1674,7,39.8857,2026-09-01 21:49:53.862734,79.16
AI2342,Spring 2026,Literature Review,True,0.4345,1792,14,27.2967,2026-04-10 21:49:53.863509,69.53
AI2343,Spring 2026,Case Study,False,0.2715,1649,14,31.771,2026-07-15 21:49:53.864254,74.58
AI2344,Summer 2026,Case Study,False,0.2543,2485,8,51.4534,2026-06-28 21:49:53.864737,62.38
AI2345,Fall 2026,Literature Review,True,0.674,1535,9,31.8327,2026-08-03 21:49:53.865208,82.15
AI2346,Fall 2026,Lab Report,False,0.4565,1025,5,52.1281,2026-06-25 21:49:53.865660,84.26
AI2347,Spring 2026,Essay,True,0.3887,1277,7,31.3983,2026-05-02 21:49:53.865937,79.08
AI2348,Fall 2026,Essay,True,0.6005,1522,9,37.9793,2026-08-17 21:49:53.866204,81.1
AI2349,Fall 2026,Essay,True,0.4918,1371,13,30.8715,2026-07-25 21:49:53.866878,82.62
AI2350,Spring 2026,Lab Report,False,0.2194,1383,7,68.6501,2026-08-31 21:49:53.867254,86.7
AI2351,Summer 2026,Lab Report,False,0.3283,1947,7,56.1442,2026-06-30 21:49:53.867590,90.74
AI2352,Summer 2026,Essay,True,0.5346,1699,4,31.5151,2026-07-06 21:49:53.868031,79.8
AI2353,Fall 2026,Case Study,False,0.4194,1802,6,19.356,2026-04-01 21:49:53.868684,80.69
AI2354,Fall 2026,Essay,False,0.5394,1243,9,50.7141,2026-04-23 21:49:53.868967,86.59
AI2355,Spring 2026,Case Study,True,0.3061,1363,8,22.3317,2026-03-21 21:49:53.869225,77.45
AI2356,Summer 2026,Literature Review,False,0.5959,1240,10,13.4812,2026-03-19 21:49:53.869480,67.14
AI2357,Fall 2026,Literature Review,False,0.6907,1803,9,67.125,2026-05-12 21:49:53.869729,61.07
AI2358,Summer 2026,Essay,True,0.5335,801,11,52.6179,2026-09-05 21:49:53.869984,74.01
AI2359,Fall 2026,Essay,False,0.5457,1896,14,14.4747,2026-04-05 21:49:53.870237,54.52
AI2360,Fall 2025,Essay,False,0.3119,1277,12,29.0419,2026-05-28 21:49:53.870481,77.71
AI2361,Fall 2025,Literature Review,True,0.4068,1554,7,25.7744,2026-06-20 21:49:53.870726,76.65
AI2362,Spring 2026,Lab Report,True,0.1638,1969,9,49.2894,2026-07-31 21:49:53.871028,72.04
AI2363,Summer 2026,Essay,False,0.4877,1992,10,25.7725,2026-04-17 21:49:53.871299,79.38
AI2364,Summer 2026,Essay,False,0.5142,2013,10,11.3871,2026-04-05 21:49:53.871550,73.24
AI2365,Fall 2025,Literature Review,True,0.2787,1037,8,52.5077,2026-08-16 21:49:53.871797,80.92
AI2366,Fall 2026,Essay,True,0.6662,1937,3,58.8155,2026-07-12 21:49:53.872057,70.81
AI2367,Fall 2025,Research Paper,False,0.2318,1247,7,33.7618,2026-05-29 21:49:53.872326,54.46
AI2368,Fall 2026,Research Paper,True,0.578,1250,5,50.2126,2026-08-31 21:49:53.872647,75.83
AI2369,Spring 2026,Lab Report,True,0.1892,1657,6,21.9457,2026-08-14 21:49:53.872918,77.05
AI2370,Summer 2026,Literature Review,False,0.5751,1889,10,28.1645,2026-06-11 21:49:53.873205,74.69
AI2371,Fall 2026,Lab Report,False,0.3476,1354,10,42.2649,2026-04-08 21:49:53.873449,74.94
AI2372,Fall 2026,Case Study,True,0.4446,1681,5,44.3996,2026-04-19 21:49:53.873690,78.91
AI2373,Summer 2026,Case Study,False,0.3611,1949,2,48.7427,2026-06-30 21:49:53.873939,92.32
AI2374,Fall 2026,Research Paper,False,0.5797,1514,6,58.1736,2026-08-09 21:49:53.874188,69.27
AI2375,Spring 2026,Literature Review,False,0.4875,1577,12,16.8962,2026-05-02 21:49:53.874440,80.33
AI2376,Spring 2026,Research Paper,False,0.3104,1533,7,51.2758,2026-04-02 21:49:53.874687,68.67
AI2377,Fall 2026,Research Paper,True,0.5591,734,13,31.6194,2026-05-09 21:49:53.874929,79.09
AI2378,Fall 2025,Research Paper,False,0.2553,1824,7,41.6368,2026-06-15 21:49:53.875184,91.73
AI2379,Summer 2026,Essay,False,0.4498,1217,8,52.0939,2026-06-23 21:49:53.875438,68.28
AI2380,Fall 2026,Research Paper,True,0.5389,1610,9,36.7422,2026-03-22 21:49:53.875680,79.44
AI2381,Fall 2025,Lab Report,False,0.0658,1392,9,38.7491,2026-05-07 21:49:53.875929,68.42
AI2382,Spring 2026,Literature Review,False,0.4131,967,3,44.2982,2026-07-14 21:49:53.876179,79.49
AI2383,Fall 2026,Essay,False,0.685,2202,6,18.4088,2026-07-12 21:49:53.876419,72.7
AI2384,Spring 2026,Lab Report,False,0.0485,1021,8,27.8102,2026-08-27 21:49:53.876661,59.91
AI2385,Fall 2026,Research Paper,False,0.5367,1412,14,48.5603,2026-07-02 21:49:53.876904,85.05
AI2386,Fall 2026,Essay,True,0.5077,1310,9,22.9943,2026-07-30 21:49:53.877153,70.64
AI2387,Fall 2025,Research Paper,True,0.2772,1442,9,33.0185,2026-06-09 21:49:53.877402,70.3
AI2388,Summer 2026,Essay,False,0.445,1474,5,50.3185,2026-03-23 21:49:53.877662,68.04
AI2389,Fall 2026,Research Paper,True,0.5688,1368,6,73.3372,2026-05-04 21:49:53.877905,75.04
AI2390,Spring 2026,Essay,True,0.4036,1394,10,31.6373,2026-06-27 21:49:53.878157,73.98
AI2391,Summer 2026,Literature Review,False,0.5839,1254,7,11.4116,2026-05-04 21:49:53.878405,71.04
AI2392,Summer 2026,Literature Review,False,0.5819,854,9,8.3459,2026-07-26 21:49:53.878648,94.5
AI2393,Summer 2026,Essay,True,0.5432,1795,6,17.3075,2026-08-18 21:49:53.878888,80.15
AI2394,Fall 2025,Case Study,False,0.1187,1309,8,30.4392,2026-08-07 21:49:53.879144,82.8
AI2395,Fall 2025,Lab Report,False,0.1236,2217,9,0.9837,2026-05-27 21:49:53.879388,86.03
AI2396,Summer 2026,Case Study,True,0.3105,1580,9,28.605,2026-04-23 21:49:53.879847,77.55
AI2397,Fall 2025,Research Paper,True,0.2119,1804,9,29.5855,2026-04-05 21:49:53.880249,84.01
AI2398,Spring 2026,Lab Report,False,0.1379,1267,10,7.6346,2026-07-03 21:49:53.880502,66.04
AI2399,Fall 2026,Lab Report,False,0.3138,1932,4,27.7177,2026-08-11 21:49:53.880883,85.68
AI2400,Spring 2026,Literature Review,True,0.5284,1580,9,28.8513,2026-07-07 21:49:53.881187,80.72
AI2401,Fall 2026,Research Paper,False,0.6338,1224,4,20.6225,2026-06-23 21:49:53.881448,84.74
AI2402,Fall 2026,Case Study,False,0.4567,1636,7,21.3927,2026-07-04 21:49:53.881691,71.41
AI2403,Fall 2026,Case Study,False,0.4834,1718,9,28.1045,2026-05-27 21:49:53.881932,62.91
AI2404,Fall 2026,Lab Report,True,0.4347,1941,5,17.7333,2026-08-23 21:49:53.882180,82.13
AI2405,Summer 2026,Literature Review,True,0.4876,970,7,7.8656,2026-07-09 21:49:53.882427,77.41
AI2406,Fall 2026,Case Study,True,0.4292,1288,15,20.2659,2026-05-15 21:49:53.882700,79.27
AI2407,Summer 2026,Research Paper,False,0.4151,756,7,28.8793,2026-04-16 21:49:53.883169,57.71
AI2408,Fall 2026,Essay,False,0.7011,1624,11,16.8144,2026-04-05 21:49:53.883629,63.55
AI2409,Fall 2026,Lab Report,False,0.3716,1728,8,28.1634,2026-06-18 21:49:53.884534,80.04
AI2410,Fall 2025,Case Study,False,0.0933,889,4,9.8698,2026-09-04 21:49:53.885330,87.7
AI2411,Fall 2025,Essay,True,0.2725,1500,14,34.8251,2026-08-18 21:49:53.885822,72.11
AI2412,Spring 2026,Literature Review,True,0.4038,911,4,47.0223,2026-03-29 21:49:53.886415,80.96
AI2413,Fall 2025,Literature Review,True,0.3274,1221,9,52.373,2026-04-02 21:49:53.887077,75.22
AI2414,Fall 2026,Essay,True,0.5301,974,5,8.4658,2026-05-06 21:49:53.887350,70.93
AI2415,Summer 2026,Essay,True,0.4979,1190,9,29.1672,2026-07-16 21:49:53.887610,75.73
AI2416,Spring 2026,Case Study,False,0.2981,1907,10,56.0637,2026-07-29 21:49:53.887865,88.21
AI2417,Fall 2026,Essay,True,0.513,1871,7,43.5334,2026-03-25 21:49:53.888123,75.68
AI2418,Fall 2026,Research Paper,True,0.5495,1334,8,25.4221,2026-04-09 21:49:53.888377,73.89
AI2419,Summer 2026,Essay,True,0.4695,1323,5,10.9255,2026-05-17 21:49:53.888630,72.61
AI2420,Fall 2025,Case Study,False,0.1221,1408,12,13.0344,2026-07-09 21:49:53.888882,61.72
AI2421,Fall 2025,Lab Report,False,0.1129,1897,7,38.9216,2026-07-05 21:49:53.889132,71.8
AI2422,Spring 2026,Essay,False,0.3891,1868,7,12.6516,2026-08-02 21:49:53.889375,85.57
AI2423,Spring 2026,Case Study,False,0.3203,1393,5,24.4849,2026-09-07 21:49:53.889623,67.63
AI2424,Fall 2025,Lab Report,False,0.1372,1198,8,46.294,2026-05-11 21:49:53.889870,89.43
AI2425,Summer 2026,Lab Report,False,0.3027,1502,10,50.8239,2026-08-14 21:49:53.890124,66.66
AI2426,Spring 2026,Literature Review,True,0.4251,1900,3,43.0768,2026-08-08 21:49:53.890379,85.57
AI2427,Fall 2025,Essay,True,0.3116,1353,10,15.3085,2026-03-25 21:49:53.890664,81.76
AI2428,Fall 2026,Research Paper,True,0.5487,878,4,39.0336,2026-06-25 21:49:53.890931,83.36
AI2429,Fall 2025,Research Paper,False,0.2956,1023,10,1.6825,2026-06-15 21:49:53.891200,75.7
AI2430,Summer 2026,Lab Report,True,0.2566,1271,6,42.3356,2026-09-01 21:49:53.891440,79.58
AI2431,Fall 2026,Essay,False,0.5863,1690,11,13.1008,2026-08-30 21:49:53.891685,64.77
AI2432,Fall 2026,Research Paper,False,0.5407,1659,7,44.1968,2026-08-06 21:49:53.891925,93.08
AI2433,Fall 2026,Lab Report,False,0.3116,1258,11,30.4348,2026-05-26 21:49:53.892172,80.69
AI2434,Fall 2026,Research Paper,False,0.5271,1621,6,34.6527,2026-07-26 21:49:53.892412,78.92
AI2435,Summer 2026,Research Paper,False,0.4221,1800,6,35.5289,2026-05-06 21:49:53.892653,61.29
AI2436,Fall 2026,Essay,False,0.4756,1564,9,36.9629,2026-05-16 21:49:53.892893,60.92
AI2437,Spring 2026,Essay,True,0.4348,883,11,18.7376,2026-03-15 21:49:53.893187,72.01
AI2438,Fall 2026,Literature Review,False,0.614,1722,7,29.9255,2026-05-14 21:49:53.893445,81.04
AI2439,Fall 2026,Essay,False,0.6408,1851,10,6.842,2026-04-28 21:49:53.893686,62.87
AI2440,Fall 2026,Literature Review,True,0.6572,1856,8,20.1103,2026-04-06 21:49:53.893959,82.6
AI2441,Fall 2026,Research Paper,False,0.488,1203,5,11.1249,2026-05-14 21:49:53.894210,73.09
AI2442,Spring 2026,Essay,False,0.2977,1851,10,30.9277,2026-04-30 21:49:53.894451,100.0
AI2443,Summer 2026,Lab Report,False,0.1863,2083,9,14.1376,2026-06-26 21:49:53.894692,84.17
AI2444,Fall 2026,Case Study,False,0.4485,1592,9,14.3486,2026-08-02 21:49:53.894934,77.34
AI2445,Fall 2026,Essay,False,0.5342,1734,3,53.6135,2026-06-25 21:49:53.895183,63.05
AI2446,Summer 2026,Literature Review,True,0.5928,2047,7,39.9428,2026-06-09 21:49:53.895437,80.52
AI2447,Summer 2026,Literature Review,False,0.6004,1659,9,11.5749,2026-04-14 21:49:53.895685,88.43
AI2448,Fall 2025,Literature Review,False,0.3432,1591,11,4.4572,2026-04-08 21:49:53.895929,70.09
AI2449,Spring 2026,Essay,False,0.4157,1788,5,43.7312,2026-06-01 21:49:53.896351,78.04
AI2450,Spring 2026,Case Study,False,0.2516,1366,5,80.031,2026-05-18 21:49:53.896807,100.0
AI2451,Fall 2026,Lab Report,False,0.3476,1464,13,14.5218,2026-05-06 21:49:53.897101,78.61
AI2452,Fall 2026,Lab Report,False,0.4329,1732,4,61.9227,2026-06-22 21:49:53.897431,94.35
AI2453,Summer 2026,Case Study,True,0.3336,1852,10,21.446,2026-03-20 21:49:53.897699,68.95
AI2454,Fall 2026,Lab Report,False,0.5,1490,7,3.6634,2026-06-23 21:49:53.897952,84.89
AI2455,Summer 2026,Lab Report,True,0.3415,1319,10,28.9776,2026-06-06 21:49:53.898218,82.96
AI2456,Spring 2026,Lab Report,False,0.1535,1712,9,16.7946,2026-03-21 21:49:53.898467,69.89
AI2457,Fall 2026,Lab Report,False,0.3767,989,9,39.2134,2026-06-28 21:49:53.898708,69.97
AI2458,Fall 2026,Case Study,True,0.4426,1505,12,3.8351,2026-06-15 21:49:53.899005,81.58
AI2459,Summer 2026,Literature Review,True,0.5489,1498,7,17.5053,2026-07-31 21:49:53.899417,78.3
AI2460,Fall 2026,Essay,True,0.5648,981,8,82.368,2026-05-06 21:49:53.899998,73.18
AI2461,Summer 2026,Lab Report,False,0.3355,1869,11,26.9857,2026-07-01 21:49:53.900453,69.17
AI2462,Summer 2026,Lab Report,False,0.3669,1826,5,51.6311,2026-07-07 21:49:53.900818,56.45
AI2463,Spring 2026,Literature Review,True,0.3931,1480,14,46.2343,2026-04-04 21:49:53.901263,78.8
AI2464,Summer 2026,Essay,False,0.5121,1845,9,13.1378,2026-06-24 21:49:53.901716,71.5
AI2465,Fall 2026,Literature Review,True,0.6333,1644,17,30.6243,2026-08-12 21:49:53.902180,76.41
AI2466,Fall 2026,Lab Report,True,0.5304,1773,9,34.164,2026-07-31 21:49:53.902686,79.67
AI2467,Spring 2026,Case Study,False,0.2839,2211,7,4.362,2026-05-14 21:49:53.903171,87.86
AI2468,Spring 2026,Research Paper,True,0.3656,1797,8,15.8613,2026-09-05 21:49:53.903637,83.22
AI2469,Spring 2026,Case Study,False,0.3096,803,14,30.7869,2026-08-09 21:49:53.904121,70.75
AI2470,Spring 2026,Research Paper,False,0.2805,937,12,55.4259,2026-07-09 21:49:53.904562,81.71
AI2471,Fall 2026,Case Study,False,0.4463,1722,5,22.9253,2026-08-11 21:49:53.905062,71.45
AI2472,Fall 2026,Essay,False,0.7061,1776,6,10.1725,2026-09-07 21:49:53.905528,66.87
AI2473,Fall 2026,Literature Review,False,0.6126,921,6,11.2767,2026-06-08 21:49:53.906002,60.87
AI2474,Spring 2026,Case Study,False,0.1706,943,4,45.9514,2026-05-20 21:49:53.906468,78.55
AI2475,Spring 2026,Lab Report,False,0.1989,1451,6,64.7936,2026-06-19 21:49:53.906922,73.38
AI2476,Fall 2026,Research Paper,True,0.5494,1651,12,25.2337,2026-08-25 21:49:53.907336,73.17
AI2477,Summer 2026,Case Study,False,0.3314,815,9,20.489,2026-04-25 21:49:53.907667,94.5
AI2478,Fall 2025,Lab Report,False,0.1478,1126,7,5.1855,2026-04-27 21:49:53.907923,68.55
AI2479,Summer 2026,Lab Report,False,0.3601,1731,10,13.1682,2026-06-03 21:49:53.908176,82.4
AI2480,Spring 2026,Case Study,False,0.2747,1071,10,44.6744,2026-04-07 21:49:53.908421,78.91
AI2481,Fall 2026,Essay,True,0.62,1317,8,37.0965,2026-05-16 21:49:53.908671,75.19
AI2482,Fall 2025,Case Study,False,0.0691,1532,8,58.1389,2026-08-29 21:49:53.908924,49.8
AI2483,Fall 2025,Literature Review,True,0.2861,1270,6,26.6112,2026-03-27 21:49:53.909175,80.65
AI2484,Fall 2026,Case Study,False,0.5252,658,12,30.0101,2026-09-01 21:49:53.909429,58.73
AI2485,Summer 2026,Essay,False,0.5526,1201,11,21.9639,2026-06-16 21:49:53.909684,56.01
AI2486,Spring 2026,Lab Report,True,0.3001,974,4,49.5213,2026-04-25 21:49:53.909929,76.38
AI2487,Fall 2026,Literature Review,True,0.6935,1682,8,39.406,2026-06-10 21:49:53.910186,74.64
AI2488,Spring 2026,Literature Review,False,0.4229,1467,8,14.0137,2026-04-07 21:49:53.910434,71.13
AI2489,Summer 2026,Lab Report,False,0.2911,1455,5,30.5316,2026-08-06 21:49:53.910674,96.01
AI2490,Summer 2026,Literature Review,False,0.5151,1101,6,45.6475,2026-08-26 21:49:53.910916,44.46
AI2491,Fall 2026,Case Study,True,0.4801,1390,4,15.9397,2026-04-21 21:49:53.911165,80.69
AI2492,Fall 2026,Case Study,True,0.3809,993,4,17.534,2026-05-14 21:49:53.911415,84.72
AI2493,Fall 2025,Essay,False,0.3034,1936,4,42.7405,2026-07-15 21:49:53.911661,76.41
AI2494,Summer 2026,Research Paper,False,0.3599,1553,9,47.223,2026-08-05 21:49:53.911903,60.74
AI2495,Spring 2026,Essay,True,0.3803,1558,12,80.4825,2026-05-19 21:49:53.912152,73.18
AI2496,Fall 2026,Essay,True,0.5946,1332,6,42.4647,2026-03-14 21:49:53.912401,75.52
AI2497,Fall 2025,Case Study,False,0.1254,1301,4,23.9068,2026-04-21 21:49:53.912662,84.39
AI2498,Fall 2026,Research Paper,False,0.4659,1125,10,44.3556,2026-09-02 21:49:53.913096,96.79
AI2499,Fall 2026,Literature Review,True,0.6102,1349,5,3.7236,2026-05-13 21:49:53.913499,83.67
AI2500,Summer 2026,Lab Report,False,0.3682,2144,6,6.4455,2026-03-27 21:49:53.913776,57.96
AI2501,Summer 2026,Case Study,False,0.4007,798,6,21.9479,2026-06-20 21:49:53.914118,70.37
AI2502,Fall 2026,Essay,True,0.6529,1546,9,40.6526,2026-07-24 21:49:53.914385,87.91
AI2503,Fall 2026,Essay,False,0.5294,849,5,30.7984,2026-05-30 21:49:53.914647,88.38
AI2504,Fall 2026,Lab Report,True,0.4006,1813,5,6.5498,2026-04-16 21:49:53.914893,77.83
AI2505,Spring 2026,Research Paper,True,0.3168,1274,5,32.0129,2026-07-06 21:49:53.915160,71.83
AI2506,Fall 2026,Lab Report,False,0.3314,1251,11,16.8975,2026-07-23 21:49:53.915409,59.4
AI2507,Fall 2026,Research Paper,False,0.6573,988,7,38.0049,2026-05-28 21:49:53.915743,96.5
AI2508,Fall 2026,Case Study,False,0.4833,1719,5,44.3847,2026-08-15 21:49:53.918806,94.41
AI2509,Spring 2026,Case Study,False,0.2824,1454,7,42.4382,2026-07-04 21:49:53.919723,60.29
AI2510,Fall 2026,Research Paper,False,0.5842,1196,11,38.9547,2026-08-27 21:49:53.920517,58.54
AI2511,Fall 2025,Research Paper,False,0.1931,1451,3,62.5269,2026-08-03 21:49:53.921243,81.8
AI2512,Summer 2026,Research Paper,True,0.4865,1987,6,31.6123,2026-04-05 21:49:53.922155,79.18
AI2513,Summer 2026,Lab Report,False,0.2918,867,6,24.8681,2026-07-26 21:49:53.922780,77.6
AI2514,Spring 2026,Lab Report,False,0.2634,1576,9,11.8972,2026-06-02 21:49:53.923632,93.55
AI2515,Fall 2026,Case Study,True,0.3965,1382,13,11.751,2026-07-26 21:49:53.924130,68.4
AI2516,Fall 2026,Essay,False,0.6159,1577,13,42.8411,2026-06-16 21:49:53.924588,70.12
AI2517,Fall 2025,Research Paper,False,0.2712,1681,16,34.7664,2026-03-28 21:49:53.925043,61.95
AI2518,Fall 2025,Essay,False,0.2535,1675,4,20.8681,2026-08-23 21:49:53.925495,86.56
AI2519,Fall 2026,Lab Report,False,0.4464,1802,8,13.2358,2026-08-16 21:49:53.925937,83.05
AI2520,Summer 2026,Literature Review,False,0.4788,987,12,7.872,2026-05-18 21:49:53.926394,68.57
AI2521,Summer 2026,Case Study,True,0.3284,860,7,19.3666,2026-07-17 21:49:53.926828,74.95
AI2522,Fall 2026,Research Paper,True,0.521,1200,12,46.2878,2026-08-06 21:49:53.927287,79.46
AI2523,Spring 2026,Research Paper,False,0.3492,2007,10,8.8539,2026-05-31 21:49:53.927728,73.5
AI2524,Fall 2026,Lab Report,True,0.3947,1385,4,22.831,2026-05-29 21:49:53.928216,83.33
AI2525,Fall 2025,Essay,False,0.3503,1693,10,38.8225,2026-05-16 21:49:53.928663,84.94
AI2526,Fall 2026,Lab Report,False,0.3631,1604,7,43.2464,2026-06-09 21:49:53.929144,81.64
AI2527,Fall 2026,Essay,True,0.5218,1004,9,47.0494,2026-06-12 21:49:53.929793,91.27
AI2528,Fall 2026,Research Paper,True,0.5171,1750,8,28.8271,2026-07-31 21:49:53.930473,63.55
AI2529,Fall 2026,Case Study,True,0.3787,1517,5,15.0094,2026-07-19 21:49:53.931708,75.08
AI2530,Fall 2026,Case Study,True,0.4129,1577,4,29.649,2026-03-27 21:49:53.932244,67.15
AI2531,Summer 2026,Lab Report,True,0.2798,1117,11,6.2484,2026-08-17 21:49:53.932729,78.57
AI2532,Fall 2026,Case Study,True,0.4511,1419,11,56.1726,2026-05-21 21:49:53.933374,79.06
AI2533,Spring 2026,Lab Report,True,0.1997,1258,4,46.2002,2026-04-08 21:49:53.933986,66.87
AI2534,Summer 2026,Lab Report,False,0.3777,1867,5,18.9618,2026-08-04 21:49:53.934725,76.67
AI2535,Fall 2026,Research Paper,False,0.6137,709,9,46.687,2026-07-17 21:49:53.935289,91.27
AI2536,Fall 2025,Case Study,False,0.123,714,10,33.9611,2026-04-10 21:49:53.935562,57.91
AI2537,Fall 2026,Case Study,False,0.3857,1222,8,61.9942,2026-05-07 21:49:53.935811,57.3
AI2538,Summer 2026,Research Paper,False,0.3683,1630,10,38.8451,2026-08-01 21:49:53.936068,50.33
AI2539,Summer 2026,Literature Review,False,0.5719,847,9,55.5211,2026-06-22 21:49:53.936319,64.47
AI2540,Fall 2026,Lab Report,True,0.4779,808,11,15.362,2026-05-20 21:49:53.936820,73.37
AI2541,Fall 2026,Literature Review,True,0.5919,1430,8,47.6646,2026-08-24 21:49:53.937272,85.1
AI2542,Summer 2026,Lab Report,False,0.3019,1488,10,43.5751,2026-05-31 21:49:53.937542,60.1
AI2543,Summer 2026,Case Study,True,0.4024,576,7,25.5948,2026-08-20 21:49:53.937789,77.88
AI2544,Fall 2026,Case Study,True,0.4525,1074,5,26.6129,2026-07-14 21:49:53.938085,77.47
AI2545,Summer 2026,Essay,True,0.5165,1736,7,40.4224,2026-05-29 21:49:53.938377,70.23
AI2546,Fall 2025,Literature Review,False,0.3821,2784,8,10.175,2026-06-12 21:49:53.938641,82.68
AI2547,Fall 2026,Case Study,False,0.3731,1694,5,21.0063,2026-05-09 21:49:53.938887,100.0
AI2548,Spring 2026,Case Study,True,0.2249,1791,10,41.2305,2026-06-09 21:49:53.939144,75.99
AI2549,Fall 2025,Essay,True,0.3463,1719,6,27.3509,2026-08-25 21:49:53.939399,77.84
AI2550,Summer 2026,Research Paper,False,0.438,1510,8,41.9663,2026-08-20 21:49:53.939653,100.0
AI2551,Summer 2026,Literature Review,True,0.4251,1862,9,22.6405,2026-08-27 21:49:53.939904,76.12
AI2552,Spring 2026,Case Study,True,0.2435,1377,7,14.2446,2026-05-06 21:49:53.940168,80.82
AI2553,Fall 2025,Lab Report,False,0.1415,2449,5,22.1779,2026-05-15 21:49:53.940424,71.47
AI2554,Fall 2026,Literature Review,True,0.7135,1166,9,21.0491,2026-08-05 21:49:53.940689,72.28
AI2555,Fall 2026,Essay,True,0.6265,950,15,19.2242,2026-05-08 21:49:53.940971,80.03
AI2556,Summer 2026,Case Study,False,0.3124,602,11,27.688,2026-07-11 21:49:53.941241,80.24
AI2557,Summer 2026,Research Paper,True,0.5455,1806,2,24.1917,2026-03-31 21:49:53.941483,79.73
AI2558,Spring 2026,Literature Review,True,0.4226,1827,9,22.3546,2026-06-08 21:49:53.941730,74.83
AI2559,Spring 2026,Essay,False,0.3686,1458,3,36.1185,2026-06-23 21:49:53.941980,76.02
AI2560,Fall 2025,Literature Review,True,0.3962,1567,8,15.3677,2026-08-06 21:49:53.942224,78.5
AI2561,Spring 2026,Lab Report,False,0.2242,1394,10,30.829,2026-04-06 21:49:53.942480,50.52
AI2562,Summer 2026,Lab Report,True,0.3711,1757,5,7.7665,2026-04-19 21:49:53.942720,81.93
AI2563,Summer 2026,Essay,False,0.5627,1276,6,24.4859,2026-03-26 21:49:53.943018,73.42
AI2564,Spring 2026,Essay,False,0.3886,1990,10,39.9328,2026-08-28 21:49:53.943317,85.3
AI2565,Summer 2026,Lab Report,True,0.3542,1974,10,35.584,2026-05-12 21:49:53.943559,80.7
AI2566,Summer 2026,Literature Review,False,0.4972,1763,9,37.3492,2026-07-08 21:49:53.943807,73.23
AI2567,Fall 2025,Essay,True,0.3174,2395,10,32.8614,2026-07-28 21:49:53.944056,78.17
AI2568,Summer 2026,Case Study,False,0.3257,1312,6,17.6911,2026-05-06 21:49:53.944307,54.01
AI2569,Fall 2026,Research Paper,False,0.5413,1775,5,35.3737,2026-07-26 21:49:53.944549,63.4
AI2570,Fall 2026,Research Paper,True,0.598,1995,14,56.7782,2026-05-09 21:49:53.944792,76.25
AI2571,Spring 2026,Case Study,False,0.262,1475,1,34.5464,2026-08-21 21:49:53.945045,78.94
AI2572,Spring 2026,Case Study,False,0.317,1046,7,6.6005,2026-07-19 21:49:53.945291,94.76
AI2573,Summer 2026,Essay,True,0.5128,1295,5,32.416,2026-03-27 21:49:53.945530,78.8
AI2574,Fall 2026,Essay,True,0.5815,1399,8,61.4677,2026-04-10 21:49:53.945775,73.83
AI2575,Fall 2026,Essay,False,0.5802,1116,6,21.7247,2026-07-05 21:49:53.946075,72.46
AI2576,Fall 2026,Literature Review,True,0.6069,2146,10,47.007,2026-06-30 21:49:53.946613,79.89
AI2577,Spring 2026,Research Paper,True,0.3701,1712,7,18.7082,2026-07-04 21:49:53.946924,83.45
AI2578,Summer 2026,Essay,True,0.5404,1941,10,27.4126,2026-07-20 21:49:53.947785,78.91
AI2579,Fall 2026,Case Study,False,0.3864,803,8,6.5131,2026-08-26 21:49:53.948305,53.13
AI2580,Summer 2026,Lab Report,False,0.2442,1315,11,55.3739,2026-08-28 21:49:53.948581,78.65
AI2581,Summer 2026,Essay,True,0.5787,2157,6,50.0205,2026-06-08 21:49:53.948828,75.97
AI2582,Fall 2026,Essay,False,0.6121,1097,3,31.4301,2026-05-05 21:49:53.949228,100.0
AI2583,Fall 2025,Literature Review,True,0.3242,1382,11,50.7985,2026-08-14 21:49:53.949706,73.89
AI2584,Fall 2026,Research Paper,True,0.5245,1396,12,34.3414,2026-05-12 21:49:53.950435,86.06
AI2585,Fall 2026,Case Study,False,0.366,1576,5,38.6065,2026-08-08 21:49:53.950902,83.1
AI2586,Spring 2026,Literature Review,False,0.426,1070,6,51.2611,2026-03-12 21:49:53.951351,36.0
AI2587,Fall 2026,Literature Review,True,0.6343,1536,8,23.9921,2026-07-11 21:49:53.951767,76.84
AI2588,Fall 2026,Literature Review,True,0.6283,937,8,22.6295,2026-07-07 21:49:53.952184,80.14
AI2589,Fall 2026,Literature Review,False,0.663,1698,13,23.0829,2026-03-17 21:49:53.952462,76.57
AI2590,Fall 2026,Research Paper,False,0.5715,1775,6,31.6012,2026-06-02 21:49:53.952734,79.08
AI2591,Fall 2025,Case Study,False,0.1501,2049,9,49.0503,2026-03-17 21:49:53.952995,76.27
AI2592,Fall 2025,Research Paper,False,0.2429,1720,12,58.494,2026-04-23 21:49:53.953243,87.38
AI2593,Fall 2026,Research Paper,False,0.5553,1462,5,48.3199,2026-04-15 21:49:53.953485,83.43
AI2594,Spring 2026,Lab Report,False,0.2237,1604,9,37.6594,2026-04-16 21:49:53.953749,58.67
AI2595,Fall 2026,Literature Review,True,0.5727,1617,8,36.6353,2026-08-15 21:49:53.954004,84.33
AI2596,Fall 2025,Literature Review,False,0.3074,1864,8,19.0999,2026-05-14 21:49:53.954261,70.61
AI2597,Fall 2026,Literature Review,True,0.5998,1384,11,58.256,2026-04-14 21:49:53.954510,78.16
AI2598,Fall 2026,Case Study,False,0.4345,1718,15,8.7275,2026-05-12 21:49:53.954763,83.16
AI2599,Fall 2026,Research Paper,True,0.5019,1284,11,11.1609,2026-03-16 21:49:53.955010,73.99
AI2600,Fall 2026,Literature Review,True,0.596,1586,6,58.9056,2026-04-27 21:49:53.955277,80.46
AI2601,Fall 2025,Case Study,False,0.1369,948,9,31.9204,2026-04-07 21:49:53.955541,72.12
AI2602,Spring 2026,Research Paper,True,0.3625,1707,7,53.8933,2026-05-09 21:49:53.955823,79.89
AI2603,Spring 2026,Research Paper,False,0.3021,806,3,67.7479,2026-05-24 21:49:53.956110,67.49
AI2604,Summer 2026,Literature Review,True,0.5117,1558,8,45.8772,2026-06-30 21:49:53.956355,76.85
AI2605,Spring 2026,Literature Review,True,0.4735,1748,9,19.2431,2026-05-28 21:49:53.956622,83.43
AI2606,Fall 2026,Case Study,False,0.451,1530,7,65.0162,2026-08-05 21:49:53.956878,74.31
AI2607,Summer 2026,Case Study,False,0.374,1849,4,49.1654,2026-03-12 21:49:53.957128,50.67
AI2608,Spring 2026,Lab Report,False,0.209,1327,14,9.9634,2026-05-28 21:49:53.957370,90.43
AI2609,Summer 2026,Literature Review,False,0.521,1644,6,9.6878,2026-05-17 21:49:53.957613,75.82
AI2610,Fall 2025,Essay,False,0.2955,2091,11,44.6797,2026-08-25 21:49:53.957854,73.09
AI2611,Fall 2025,Essay,True,0.2718,1705,4,63.2725,2026-09-03 21:49:53.958102,77.87
AI2612,Fall 2025,Literature Review,True,0.327,1589,12,23.448,2026-06-05 21:49:53.958349,80.34
AI2613,Spring 2026,Literature Review,False,0.3822,1314,8,44.2479,2026-04-04 21:49:53.958597,73.92
AI2614,Fall 2026,Research Paper,True,0.5483,1199,6,50.3444,2026-08-10 21:49:53.958837,77.66
AI2615,Fall 2026,Research Paper,False,0.5143,1454,3,53.5365,2026-06-19 21:49:53.959090,70.47
AI2616,Fall 2026,Literature Review,False,0.6536,1844,12,10.896,2026-07-27 21:49:53.959335,85.99
AI2617,Fall 2026,Research Paper,True,0.5454,1590,8,33.9526,2026-07-07 21:49:53.959577,82.58
AI2618,Summer 2026,Research Paper,True,0.3399,1543,6,20.0019,2026-07-09 21:49:53.959825,77.8
AI2619,Summer 2026,Research Paper,True,0.4651,2114,7,30.7324,2026-08-19 21:49:53.960081,82.87
AI2620,Spring 2026,Case Study,False,0.2307,1981,8,9.0137,2026-08-08 21:49:53.960329,76.11
AI2621,Fall 2025,Research Paper,False,0.1836,1954,8,21.8511,2026-04-14 21:49:53.960571,65.42
AI2622,Fall 2026,Lab Report,True,0.4571,1198,5,32.8412,2026-04-04 21:49:53.960823,80.39
AI2623,Fall 2025,Literature Review,False,0.4022,2197,7,27.3485,2026-08-20 21:49:53.961143,71.32
AI2624,Fall 2026,Essay,False,0.6422,1579,9,41.34,2026-05-28 21:49:53.961393,87.94
AI2625,Fall 2026,Lab Report,True,0.36,1078,6,43.3366,2026-08-30 21:49:53.961654,78.41
AI2626,Summer 2026,Lab Report,False,0.2411,2026,8,53.7633,2026-08-17 21:49:53.961905,100.0
AI2627,Spring 2026,Essay,False,0.3691,1542,8,49.9446,2026-03-16 21:49:53.962154,61.95
AI2628,Fall 2026,Research Paper,True,0.5676,1585,9,11.3494,2026-06-09 21:49:53.962395,74.73
AI2629,Fall 2026,Essay,True,0.5762,902,10,35.7709,2026-04-09 21:49:53.962643,72.42
AI2630,Fall 2025,Research Paper,False,0.2536,1449,5,26.0609,2026-05-22 21:49:53.963333,62.12
AI2631,Summer 2026,Lab Report,False,0.2596,2196,4,5.5113,2026-07-28 21:49:53.963762,74.52
AI2632,Summer 2026,Literature Review,False,0.6708,1606,7,23.566,2026-08-14 21:49:53.964211,72.66
AI2633,Fall 2026,Lab Report,True,0.3712,1843,6,19.4972,2026-07-15 21:49:53.964544,80.04
AI2634,Summer 2026,Research Paper,True,0.4451,1237,7,39.1676,2026-08-03 21:49:53.964795,68.9
AI2635,Spring 2026,Case Study,True,0.2444,1801,11,31.2067,2026-06-10 21:49:53.965247,76.04
AI2636,Fall 2025,Literature Review,False,0.349,1474,9,17.5244,2026-05-03 21:49:53.965698,62.46
AI2637,Spring 2026,Literature Review,False,0.4597,1033,13,58.8005,2026-04-18 21:49:53.965950,70.94
AI2638,Spring 2026,Lab Report,False,0.1426,2160,7,25.9641,2026-03-18 21:49:53.966212,68.12
AI2639,Spring 2026,Essay,True,0.3708,1557,4,17.8263,2026-08-26 21:49:53.966457,70.63
AI2640,Fall 2025,Literature Review,True,0.4417,1112,7,44.5629,2026-07-11 21:49:53.966709,83.8
AI2641,Spring 2026,Essay,True,0.4277,1102,11,58.7669,2026-07-11 21:49:53.966996,67.97
AI2642,Fall 2025,Research Paper,False,0.2487,1893,16,23.5849,2026-05-10 21:49:53.967262,79.93
AI2643,Fall 2026,Essay,False,0.5597,1741,7,17.8385,2026-07-26 21:49:53.967504,63.34
AI2644,Fall 2026,Literature Review,False,0.6642,584,7,51.9658,2026-05-05 21:49:53.967747,83.32
AI2645,Spring 2026,Lab Report,False,0.3076,2072,14,44.2633,2026-03-14 21:49:53.967997,75.0
AI2646,Fall 2025,Lab Report,False,0.1891,1645,4,36.3839,2026-06-27 21:49:53.968241,78.53
AI2647,Fall 2025,Literature Review,True,0.4019,1775,6,29.5052,2026-06-21 21:49:53.968484,83.47
AI2648,Summer 2026,Literature Review,False,0.5397,1220,10,31.5369,2026-04-17 21:49:53.968731,68.16
AI2649,Fall 2025,Literature Review,False,0.346,740,10,41.6949,2026-09-01 21:49:53.968980,74.28
AI2650,Fall 2026,Research Paper,False,0.5482,1252,11,14.0653,2026-06-09 21:49:53.969230,74.56
AI2651,Fall 2025,Research Paper,False,0.269,1755,13,20.6867,2026-04-16 21:49:53.969472,84.38
AI2652,Fall 2026,Lab Report,False,0.4103,951,5,28.3768,2026-03-30 21:49:53.969713,74.64
AI2653,Fall 2026,Literature Review,False,0.6393,1701,8,25.4384,2026-06-19 21:49:53.969980,74.26
AI2654,Fall 2026,Literature Review,True,0.6397,1277,7,32.5301,2026-05-02 21:49:53.970237,78.69
AI2655,Fall 2026,Case Study,True,0.3998,1763,8,18.136,2026-05-12 21:49:53.970487,85.94
AI2656,Fall 2026,Case Study,False,0.3231,1380,8,37.5617,2026-06-20 21:49:53.970745,81.23
AI2657,Summer 2026,Essay,True,0.5098,1449,9,71.4421,2026-06-20 21:49:53.970995,90.62
AI2658,Fall 2025,Literature Review,False,0.3106,1147,14,33.4508,2026-04-19 21:49:53.971249,76.51
AI2659,Fall 2026,Literature Review,True,0.736,1698,8,67.4784,2026-07-09 21:49:53.971491,83.59
AI2660,Summer 2026,Essay,False,0.5879,2048,10,58.6073,2026-07-29 21:49:53.971736,67.88
AI2661,Fall 2026,Literature Review,True,0.6487,1481,9,29.9756,2026-07-18 21:49:53.971999,79.28
AI2662,Fall 2025,Literature Review,False,0.392,2129,10,34.1501,2026-06-21 21:49:53.972250,73.12
AI2663,Fall 2026,Research Paper,False,0.5983,1540,15,3.5306,2026-05-14 21:49:53.972490,79.73
AI2664,Summer 2026,Essay,True,0.4843,1151,11,36.3173,2026-04-26 21:49:53.972729,86.51
AI2665,Fall 2026,Lab Report,False,0.3912,1497,6,60.5008,2026-03-16 21:49:53.972980,63.72
AI2666,Fall 2025,Case Study,False,0.1696,1961,6,21.0649,2026-03-30 21:49:53.973228,68.56
AI2667,Fall 2026,Case Study,False,0.4543,1656,10,27.6743,2026-04-18 21:49:53.973499,55.98
AI2668,Fall 2026,Case Study,False,0.4066,1439,7,13.4503,2026-07-27 21:49:53.973742,65.07
AI2669,Summer 2026,Lab Report,False,0.3236,1239,10,49.1933,2026-06-02 21:49:53.973989,75.49
AI2670,Summer 2026,Lab Report,False,0.2859,1509,9,56.0726,2026-04-10 21:49:53.974234,90.5
AI2671,Fall 2026,Literature Review,True,0.6868,1377,15,35.4318,2026-09-07 21:49:53.974478,87.82
AI2672,Fall 2026,Case Study,False,0.4533,1745,10,12.9768,2026-09-01 21:49:53.974724,76.53
AI2673,Fall 2026,Essay,False,0.6069,1953,6,27.9761,2026-04-21 21:49:53.974969,71.82
AI2674,Spring 2026,Case Study,False,0.2157,1201,11,70.0092,2026-07-31 21:49:53.975253,86.41
AI2675,Spring 2026,Essay,False,0.362,1445,8,44.3251,2026-03-30 21:49:53.975507,94.91
AI2676,Spring 2026,Essay,False,0.3554,1165,11,23.3661,2026-05-30 21:49:53.975747,78.7
AI2677,Fall 2026,Lab Report,False,0.4307,2052,5,52.0526,2026-08-01 21:49:53.976036,100.0
AI2678,Fall 2025,Case Study,False,0.1354,2266,9,13.2076,2026-07-14 21:49:53.976301,77.89
AI2679,Spring 2026,Essay,True,0.4257,2020,17,20.4169,2026-06-04 21:49:53.976543,76.69
AI2680,Spring 2026,Lab Report,False,0.1459,1296,2,27.4856,2026-09-01 21:49:53.976827,74.17
AI2681,Summer 2026,Literature Review,False,0.537,1882,7,26.5449,2026-05-17 21:49:53.977099,71.46
AI2682,Fall 2025,Literature Review,True,0.4182,1652,10,50.7545,2026-05-05 21:49:53.977354,73.28
AI2683,Fall 2025,Case Study,True,0.1752,1613,6,14.9047,2026-07-02 21:49:53.977620,77.04
AI2684,Fall 2026,Research Paper,True,0.6166,1742,7,22.9908,2026-05-19 21:49:53.977871,78.88
AI2685,Spring 2026,Case Study,False,0.1737,996,11,11.5624,2026-06-12 21:49:53.978123,70.95
AI2686,Spring 2026,Research Paper,False,0.268,1575,4,12.8824,2026-05-12 21:49:53.978367,69.2
AI2687,Fall 2026,Research Paper,False,0.5123,1092,9,20.0511,2026-05-23 21:49:53.978612,93.1
AI2688,Fall 2025,Literature Review,False,0.4026,1151,7,14.9623,2026-05-04 21:49:53.978853,69.48
AI2689,Spring 2026,Research Paper,False,0.3785,1551,6,16.2484,2026-08-15 21:49:53.979331,90.17
AI2690,Fall 2025,Lab Report,True,0.0493,1660,7,51.2625,2026-03-20 21:49:53.980327,84.78
AI2691,Summer 2026,Lab Report,True,0.3124,1676,6,11.3616,2026-07-03 21:49:53.980830,74.73
AI2692,Summer 2026,Research Paper,True,0.4817,2126,8,73.5067,2026-05-27 21:49:53.981333,77.17
AI2693,Spring 2026,Case Study,True,0.2202,879,8,50.5983,2026-08-14 21:49:53.981859,81.93
AI2694,Fall 2025,Lab Report,False,0.0973,1849,6,41.9335,2026-06-09 21:49:53.982390,61.18
AI2695,Fall 2026,Literature Review,True,0.6292,1534,7,22.3798,2026-07-10 21:49:53.983211,79.58
AI2696,Summer 2026,Case Study,True,0.4015,1711,12,51.4031,2026-09-05 21:49:53.984176,73.0
AI2697,Fall 2026,Lab Report,True,0.2912,1487,8,75.6179,2026-08-19 21:49:53.985089,83.44
AI2698,Fall 2025,Research Paper,False,0.2552,1764,11,7.38,2026-06-11 21:49:53.985776,60.69
AI2699,Fall 2025,Research Paper,True,0.2727,935,7,54.6274,2026-04-16 21:49:53.986614,82.19
AI2700,Summer 2026,Lab Report,False,0.3404,1400,8,60.2676,2026-06-21 21:49:53.987329,75.91
AI2701,Spring 2026,Essay,False,0.4025,658,10,51.9991,2026-06-01 21:49:53.987842,76.18
AI2702,Summer 2026,Research Paper,True,0.5428,918,10,28.5571,2026-05-29 21:49:53.988322,75.82
AI2703,Fall 2026,Essay,True,0.536,1542,10,40.5167,2026-05-09 21:49:53.988769,72.8
AI2704,Spring 2026,Essay,True,0.2802,1321,7,28.0251,2026-05-18 21:49:53.989414,82.42
AI2705,Fall 2025,Lab Report,False,0.1078,1138,11,35.0881,2026-09-03 21:49:53.989897,69.85
AI2706,Spring 2026,Essay,False,0.3862,968,13,21.0599,2026-04-01 21:49:53.990387,76.65
AI2707,Fall 2026,Essay,False,0.558,2511,13,34.6727,2026-03-18 21:49:53.990914,88.54
AI2708,Fall 2026,Case Study,True,0.3819,931,11,38.0689,2026-09-01 21:49:53.991429,76.19
AI2709,Summer 2026,Essay,False,0.4439,1916,10,60.5675,2026-06-06 21:49:53.992127,70.36
AI2710,Summer 2026,Essay,False,0.5071,1298,6,71.3962,2026-08-21 21:49:53.992618,70.48
AI2711,Spring 2026,Research Paper,False,0.2585,1295,12,43.8556,2026-08-12 21:49:53.993049,61.79
AI2712,Fall 2026,Lab Report,True,0.2899,1087,7,3.5491,2026-06-07 21:49:53.993345,74.21
AI2713,Spring 2026,Essay,False,0.4249,1448,9,22.9772,2026-03-19 21:49:53.993599,89.14
AI2714,Fall 2025,Research Paper,False,0.2795,358,8,6.8173,2026-08-05 21:49:53.993846,71.35
AI2715,Fall 2026,Lab Report,False,0.3529,1716,12,54.9451,2026-05-08 21:49:53.994128,67.23
AI2716,Fall 2025,Lab Report,False,0.0741,1727,8,14.3226,2026-06-22 21:49:53.994373,95.55
AI2717,Spring 2026,Literature Review,False,0.4021,1614,10,4.4219,2026-05-27 21:49:53.994632,81.86
AI2718,Summer 2026,Case Study,False,0.3292,1755,6,40.1683,2026-08-20 21:49:53.994881,67.42
AI2719,Fall 2025,Case Study,False,0.1228,1578,10,15.1279,2026-03-26 21:49:53.995176,89.03
AI2720,Fall 2026,Essay,True,0.5767,1600,10,35.3851,2026-08-17 21:49:53.995551,78.43
AI2721,Fall 2025,Research Paper,False,0.2759,1284,7,19.6863,2026-04-14 21:49:53.995940,89.49
AI2722,Fall 2026,Research Paper,False,0.5325,1261,4,18.5856,2026-06-24 21:49:53.998229,91.5
AI2723,Summer 2026,Literature Review,True,0.588,1847,9,40.6112,2026-07-01 21:49:53.998885,86.17
AI2724,Spring 2026,Lab Report,False,0.1885,1385,8,46.2982,2026-08-02 21:49:53.999455,77.91
AI2725,Summer 2026,Case Study,True,0.3886,1799,2,24.4574,2026-07-26 21:49:53.999913,76.72
AI2726,Summer 2026,Literature Review,False,0.517,1423,11,80.174,2026-08-21 21:49:54.000388,72.8
AI2727,Fall 2026,Essay,False,0.6076,1231,13,54.1114,2026-06-11 21:49:54.000714,100.0
AI2728,Spring 2026,Case Study,False,0.2485,1044,13,2.1948,2026-05-04 21:49:54.001075,67.51
AI2729,Summer 2026,Research Paper,False,0.4653,1226,8,43.4745,2026-03-30 21:49:54.001415,54.61
AI2730,Summer 2026,Literature Review,True,0.5498,1782,9,10.9537,2026-08-27 21:49:54.001730,78.86
AI2731,Summer 2026,Research Paper,False,0.4485,1103,4,11.3432,2026-03-22 21:49:54.002107,64.71
AI2732,Fall 2026,Essay,True,0.599,1797,4,36.9719,2026-08-30 21:49:54.002530,72.34
AI2733,Fall 2026,Case Study,False,0.4367,1372,8,12.7883,2026-07-25 21:49:54.003033,100.0
AI2734,Fall 2025,Lab Report,False,0.0905,654,9,19.3954,2026-05-12 21:49:54.003512,98.79
AI2735,Fall 2026,Essay,False,0.5375,1759,4,55.98,2026-09-06 21:49:54.003976,61.58
AI2736,Summer 2026,Essay,True,0.434,1690,6,12.7776,2026-07-13 21:49:54.004442,71.51
AI2737,Fall 2025,Lab Report,False,0.0818,2389,8,43.7713,2026-03-13 21:49:54.004902,69.35
AI2738,Fall 2026,Case Study,True,0.5059,1314,7,29.485,2026-08-31 21:49:54.005399,77.57
AI2739,Fall 2025,Case Study,False,0.2066,1936,8,12.6108,2026-05-10 21:49:54.005880,57.48
AI2740,Fall 2026,Research Paper,False,0.5509,2083,17,70.7177,2026-06-28 21:49:54.006406,81.78
AI2741,Fall 2025,Case Study,False,0.1751,1042,6,23.6168,2026-06-11 21:49:54.006856,78.62
AI2742,Summer 2026,Essay,False,0.5646,1274,6,19.5372,2026-08-15 21:49:54.007351,70.92
AI2743,Fall 2025,Literature Review,False,0.2578,1738,10,60.9625,2026-05-05 21:49:54.007801,71.52
AI2744,Summer 2026,Essay,True,0.4847,1758,5,19.1749,2026-06-13 21:49:54.008283,69.74
AI2745,Summer 2026,Case Study,False,0.2443,960,11,4.2305,2026-05-06 21:49:54.008768,83.64
AI2746,Summer 2026,Research Paper,True,0.5647,1806,5,43.2169,2026-07-31 21:49:54.009276,81.38
AI2747,Spring 2026,Research Paper,True,0.3797,1346,5,36.6544,2026-08-18 21:49:54.009733,78.08
AI2748,Fall 2026,Research Paper,True,0.5866,1554,5,22.7537,2026-08-10 21:49:54.010221,82.62
AI2749,Fall 2026,Essay,True,0.6638,1843,9,29.9215,2026-08-06 21:49:54.010672,74.61
AI2750,Summer 2026,Case Study,False,0.3855,757,10,37.4759,2026-06-13 21:49:54.011441,83.76
AI2751,Spring 2026,Research Paper,True,0.4192,1787,7,71.92,2026-03-24 21:49:54.011906,77.4
AI2752,Summer 2026,Lab Report,False,0.2368,1676,12,1.0189,2026-07-12 21:49:54.012240,77.37
AI2753,Summer 2026,Research Paper,False,0.413,911,10,26.878,2026-03-14 21:49:54.012489,66.83
AI2754,Summer 2026,Research Paper,True,0.437,1021,9,11.515,2026-03-25 21:49:54.013253,78.22
AI2755,Spring 2026,Lab Report,False,0.1995,1581,9,42.6578,2026-06-18 21:49:54.014072,86.07
AI2756,Fall 2026,Essay,True,0.5761,1073,9,4.885,2026-06-20 21:49:54.014373,70.66
AI2757,Fall 2026,Lab Report,False,0.3067,756,4,17.9646,2026-04-24 21:49:54.014645,72.61
AI2758,Spring 2026,Literature Review,True,0.4354,1572,9,16.0591,2026-04-27 21:49:54.014939,82.1
AI2759,Summer 2026,Lab Report,True,0.2617,1511,10,41.9018,2026-06-01 21:49:54.015232,84.18
AI2760,Spring 2026,Essay,False,0.3365,1857,5,71.3361,2026-07-28 21:49:54.015482,66.77
AI2761,Fall 2026,Lab Report,False,0.3679,1852,9,11.7894,2026-08-13 21:49:54.015723,90.67
AI2762,Fall 2026,Case Study,True,0.5151,732,7,16.2898,2026-04-29 21:49:54.016104,77.05
AI2763,Summer 2026,Research Paper,True,0.4513,1497,7,26.502,2026-07-13 21:49:54.016567,80.76
AI2764,Fall 2026,Literature Review,True,0.7256,1327,7,16.6938,2026-04-10 21:49:54.017116,78.9
AI2765,Summer 2026,Case Study,True,0.4069,2550,11,26.6586,2026-05-15 21:49:54.017866,85.74
AI2766,Summer 2026,Lab Report,False,0.2617,667,7,22.8126,2026-03-25 21:49:54.018609,59.11
AI2767,Fall 2025,Research Paper,False,0.2948,2081,5,9.8733,2026-05-11 21:49:54.019119,79.14
AI2768,Fall 2026,Literature Review,True,0.618,1619,6,33.5751,2026-03-22 21:49:54.019597,80.12
AI2769,Spring 2026,Lab Report,True,0.2065,858,10,40.1924,2026-08-21 21:49:54.020210,73.19
AI2770,Fall 2026,Case Study,True,0.471,1650,13,31.2216,2026-07-31 21:49:54.020692,75.28
AI2771,Fall 2026,Literature Review,True,0.6192,2028,7,15.8325,2026-05-18 21:49:54.021216,72.8
AI2772,Fall 2026,Essay,False,0.5855,1454,9,11.9644,2026-05-06 21:49:54.021698,83.05
AI2773,Spring 2026,Research Paper,True,0.313,1081,8,29.1811,2026-04-17 21:49:54.022178,85.08
AI2774,Fall 2025,Essay,False,0.3054,1750,5,34.7587,2026-04-30 21:49:54.022648,56.72
AI2775,Spring 2026,Lab Report,False,0.1212,1228,11,31.1882,2026-08-14 21:49:54.023107,77.49
AI2776,Summer 2026,Research Paper,True,0.467,1384,3,5.1488,2026-05-28 21:49:54.023618,78.45
AI2777,Summer 2026,Literature Review,False,0.6309,1780,16,42.124,2026-06-18 21:49:54.024115,85.18
AI2778,Fall 2025,Literature Review,False,0.3565,1766,10,18.6478,2026-05-10 21:49:54.024642,63.31
AI2779,Fall 2025,Essay,True,0.3721,2154,6,39.0602,2026-05-03 21:49:54.025134,83.59
AI2780,Fall 2025,Lab Report,False,0.0815,952,9,17.2796,2026-05-29 21:49:54.025595,68.75
AI2781,Spring 2026,Case Study,False,0.2699,1818,7,28.3401,2026-07-31 21:49:54.026022,83.54
AI2782,Summer 2026,Essay,False,0.4375,1243,10,19.5648,2026-03-17 21:49:54.026294,76.76
AI2783,Spring 2026,Case Study,False,0.3093,1488,4,20.3921,2026-05-05 21:49:54.026543,67.69
AI2784,Spring 2026,Lab Report,True,0.1435,1829,10,37.9604,2026-06-12 21:49:54.026788,69.54
AI2785,Fall 2026,Research Paper,True,0.4902,1740,12,57.3841,2026-04-26 21:49:54.027253,80.07
AI2786,Fall 2026,Essay,False,0.581,1244,8,74.2945,2026-03-23 21:49:54.027727,44.5
AI2787,Spring 2026,Research Paper,False,0.3998,1553,6,45.5246,2026-05-30 21:49:54.028000,83.94
AI2788,Fall 2026,Essay,False,0.5919,1560,10,30.3638,2026-07-25 21:49:54.028251,72.8
AI2789,Summer 2026,Lab Report,False,0.2565,1175,9,17.2876,2026-05-24 21:49:54.028497,73.23
AI2790,Fall 2026,Case Study,True,0.4678,1795,8,76.7297,2026-07-21 21:49:54.028740,86.33
AI2791,Summer 2026,Essay,True,0.6241,1637,11,5.5463,2026-08-27 21:49:54.029008,78.41
AI2792,Fall 2025,Case Study,False,0.1628,961,6,20.5697,2026-05-08 21:49:54.029638,65.82
AI2793,Summer 2026,Literature Review,True,0.5505,1234,6,37.5073,2026-07-13 21:49:54.030356,82.37
AI2794,Fall 2026,Lab Report,False,0.3283,952,7,34.3127,2026-05-10 21:49:54.030837,60.22
AI2795,Summer 2026,Essay,False,0.5251,802,13,54.9687,2026-08-11 21:49:54.031718,80.72
AI2796,Spring 2026,Case Study,False,0.3094,1556,8,5.0744,2026-05-07 21:49:54.032104,80.1
AI2797,Fall 2026,Literature Review,False,0.7093,1055,10,19.8569,2026-08-21 21:49:54.032389,65.83
AI2798,Spring 2026,Research Paper,False,0.389,1613,8,5.7873,2026-07-23 21:49:54.032632,67.15
AI2799,Summer 2026,Essay,True,0.4314,1127,10,56.3842,2026-07-09 21:49:54.032874,82.29
AI2800,Fall 2025,Essay,False,0.212,1159,8,49.4369,2026-07-23 21:49:54.033158,88.25
AI2801,Fall 2026,Case Study,True,0.5019,1078,6,29.6782,2026-08-30 21:49:54.033410,83.68
AI2802,Fall 2026,Essay,True,0.6115,1635,8,50.8096,2026-07-13 21:49:54.033658,76.71
AI2803,Spring 2026,Case Study,False,0.2122,1343,8,15.9089,2026-05-07 21:49:54.033906,88.94
AI2804,Summer 2026,Lab Report,True,0.2545,1089,1,27.8678,2026-06-04 21:49:54.034158,75.72
AI2805,Fall 2026,Lab Report,False,0.3753,2149,15,17.3214,2026-06-22 21:49:54.034405,74.96
AI2806,Summer 2026,Lab Report,True,0.2214,1323,8,17.1309,2026-03-21 21:49:54.034646,76.13
AI2807,Summer 2026,Lab Report,False,0.3146,1157,6,12.4457,2026-04-12 21:49:54.034909,61.61
AI2808,Fall 2026,Essay,False,0.5911,1052,8,18.4697,2026-03-25 21:49:54.035175,43.84
AI2809,Fall 2026,Literature Review,False,0.6189,2377,6,20.2194,2026-03-25 21:49:54.035431,80.8
AI2810,Fall 2026,Lab Report,False,0.3977,2248,5,54.4586,2026-06-04 21:49:54.035676,84.95
AI2811,Fall 2025,Literature Review,False,0.3383,1473,2,24.4563,2026-04-06 21:49:54.035919,99.01
AI2812,Fall 2026,Case Study,False,0.3967,1391,9,29.7819,2026-05-08 21:49:54.036232,65.19
AI2813,Fall 2026,Lab Report,False,0.4071,1479,10,35.6139,2026-07-06 21:49:54.036477,90.74
AI2814,Fall 2026,Research Paper,False,0.422,1457,8,30.9862,2026-04-17 21:49:54.036719,93.42
AI2815,Summer 2026,Research Paper,False,0.5107,2003,13,46.6933,2026-08-11 21:49:54.036975,76.88
AI2816,Fall 2026,Case Study,False,0.5154,1761,4,26.0448,2026-06-16 21:49:54.037229,57.85
AI2817,Fall 2025,Literature Review,False,0.4281,1161,15,42.9694,2026-08-19 21:49:54.037491,71.05
AI2818,Summer 2026,Research Paper,False,0.5322,2041,7,43.2202,2026-08-25 21:49:54.037732,64.12
AI2819,Spring 2026,Literature Review,True,0.3816,1808,9,17.6914,2026-07-15 21:49:54.037984,76.44
AI2820,Fall 2026,Literature Review,True,0.7091,1401,11,26.2043,2026-05-02 21:49:54.038235,78.14
AI2821,Fall 2026,Case Study,True,0.516,1684,6,6.8288,2026-04-02 21:49:54.038482,77.93
AI2822,Fall 2026,Essay,True,0.5943,1484,8,50.7982,2026-08-05 21:49:54.038729,80.1
AI2823,Fall 2026,Lab Report,True,0.4256,1975,9,44.3714,2026-06-23 21:49:54.038989,84.58
AI2824,Summer 2026,Research Paper,False,0.4776,971,4,2.9261,2026-08-10 21:49:54.039244,54.03
AI2825,Summer 2026,Essay,False,0.4929,1675,9,12.8862,2026-07-02 21:49:54.039486,77.9
AI2826,Summer 2026,Case Study,False,0.3053,964,9,11.2875,2026-03-27 21:49:54.039732,74.33
AI2827,Fall 2025,Literature Review,False,0.3543,1329,3,14.3593,2026-06-04 21:49:54.039985,83.65
AI2828,Fall 2026,Essay,False,0.5848,1248,7,61.6754,2026-06-15 21:49:54.040229,93.72
AI2829,Summer 2026,Essay,False,0.4714,1483,9,15.4144,2026-08-26 21:49:54.040470,78.08
AI2830,Summer 2026,Lab Report,False,0.3129,1764,6,57.4038,2026-08-15 21:49:54.040715,83.06
AI2831,Fall 2026,Research Paper,True,0.5236,1015,5,69.7726,2026-03-28 21:49:54.040972,82.97
AI2832,Fall 2026,Research Paper,False,0.4977,1734,8,2.4183,2026-05-31 21:49:54.041229,54.62
AI2833,Fall 2026,Research Paper,False,0.6128,1451,5,59.3956,2026-08-16 21:49:54.041471,71.73
AI2834,Spring 2026,Essay,True,0.3993,1339,7,40.0761,2026-05-02 21:49:54.041711,80.07
AI2835,Fall 2026,Literature Review,False,0.6396,1127,8,59.3571,2026-07-22 21:49:54.041991,74.22
AI2836,Spring 2026,Literature Review,False,0.4606,1456,11,41.5519,2026-04-21 21:49:54.042264,86.38
AI2837,Fall 2026,Lab Report,True,0.4354,2083,10,37.5711,2026-08-12 21:49:54.042525,81.78
AI2838,Fall 2025,Lab Report,False,0.14,1684,12,30.4107,2026-05-07 21:49:54.042776,67.55
AI2839,Fall 2025,Case Study,False,0.0713,1086,10,21.2731,2026-08-01 21:49:54.043186,67.91
AI2840,Spring 2026,Case Study,False,0.2647,1160,7,44.3007,2026-07-22 21:49:54.043737,76.8
AI2841,Summer 2026,Literature Review,True,0.5405,1245,11,13.7361,2026-05-24 21:49:54.044264,77.45
AI2842,Summer 2026,Essay,True,0.558,1967,12,70.4933,2026-05-06 21:49:54.044680,81.31
AI2843,Fall 2026,Essay,False,0.5828,1147,4,19.1496,2026-03-29 21:49:54.045177,76.8
AI2844,Spring 2026,Research Paper,True,0.3833,1057,12,14.6613,2026-04-10 21:49:54.045692,75.05
AI2845,Fall 2025,Research Paper,False,0.2448,1471,8,69.2642,2026-05-12 21:49:54.046618,67.97
AI2846,Fall 2026,Lab Report,True,0.3935,981,8,24.791,2026-07-01 21:49:54.047767,73.97
AI2847,Spring 2026,Essay,False,0.3453,1862,6,15.7659,2026-04-05 21:49:54.048328,96.67
AI2848,Spring 2026,Lab Report,False,0.1673,1853,4,41.8976,2026-09-07 21:49:54.048806,79.95
AI2849,Spring 2026,Essay,False,0.3843,1887,7,20.2605,2026-05-13 21:49:54.049176,82.14
AI2850,Fall 2026,Essay,True,0.6042,880,11,28.1519,2026-08-17 21:49:54.049425,78.65
AI2851,Summer 2026,Case Study,False,0.4443,1680,9,25.2566,2026-08-08 21:49:54.049676,66.0
AI2852,Summer 2026,Lab Report,False,0.3407,1414,12,25.497,2026-06-09 21:49:54.049918,81.15
AI2853,Summer 2026,Essay,True,0.5632,1749,5,32.5759,2026-06-29 21:49:54.050169,83.2
AI2854,Summer 2026,Literature Review,True,0.6168,1367,12,10.3903,2026-04-01 21:49:54.050419,76.32
AI2855,Fall 2025,Research Paper,False,0.2867,997,3,42.7815,2026-05-14 21:49:54.050669,80.35
AI2856,Spring 2026,Essay,False,0.418,775,6,46.1,2026-05-30 21:49:54.050953,65.26
AI2857,Fall 2025,Case Study,False,0.1041,2005,7,36.0257,2026-03-16 21:49:54.051258,63.47
AI2858,Spring 2026,Lab Report,False,0.2207,1404,9,67.3347,2026-06-02 21:49:54.051504,56.95
AI2859,Fall 2026,Literature Review,False,0.6973,1411,13,37.1247,2026-09-07 21:49:54.051748,78.02
AI2860,Fall 2025,Research Paper,False,0.216,1221,7,47.6493,2026-03-21 21:49:54.052017,77.31
AI2861,Fall 2026,Essay,True,0.6483,1506,13,35.0127,2026-08-19 21:49:54.052267,78.5
AI2862,Spring 2026,Essay,False,0.372,2040,9,32.843,2026-04-16 21:49:54.052518,70.31
AI2863,Fall 2026,Literature Review,False,0.6614,1722,9,58.0306,2026-08-13 21:49:54.052759,67.55
AI2864,Spring 2026,Case Study,True,0.2499,1891,7,3.2889,2026-07-19 21:49:54.053006,78.82
AI2865,Summer 2026,Research Paper,False,0.4219,1487,9,32.8301,2026-05-09 21:49:54.053255,67.76
AI2866,Fall 2025,Essay,False,0.3014,1587,7,21.8753,2026-04-11 21:49:54.053497,85.4
AI2867,Fall 2026,Research Paper,True,0.5065,1468,10,10.6645,2026-08-10 21:49:54.053737,75.61
AI2868,Fall 2026,Research Paper,True,0.5463,1355,8,51.25,2026-03-23 21:49:54.054002,71.61
AI2869,Fall 2026,Research Paper,True,0.563,1084,7,31.8006,2026-08-03 21:49:54.054255,78.8
AI2870,Fall 2026,Research Paper,True,0.5557,863,6,20.5439,2026-08-31 21:49:54.054505,75.02
AI2871,Fall 2025,Research Paper,False,0.2713,1491,9,33.2449,2026-06-24 21:49:54.054755,72.67
AI2872,Fall 2026,Essay,True,0.5987,1228,5,18.4725,2026-05-15 21:49:54.055004,81.4
AI2873,Summer 2026,Literature Review,True,0.5023,1264,8,13.9962,2026-04-30 21:49:54.055260,81.32
AI2874,Spring 2026,Essay,False,0.4736,1474,5,36.381,2026-03-18 21:49:54.055509,79.79
AI2875,Fall 2025,Research Paper,True,0.2773,1588,12,28.6669,2026-06-20 21:49:54.055764,74.57
AI2876,Fall 2026,Literature Review,True,0.7404,1179,4,38.2973,2026-06-18 21:49:54.056019,78.49
AI2877,Spring 2026,Essay,True,0.4589,1280,5,17.0275,2026-05-24 21:49:54.056269,86.49
AI2878,Fall 2025,Research Paper,False,0.2702,1120,8,32.0548,2026-04-27 21:49:54.056518,53.97
AI2879,Fall 2025,Research Paper,False,0.1921,1918,12,43.8615,2026-04-16 21:49:54.056759,70.22
AI2880,Fall 2026,Literature Review,True,0.6215,1706,6,14.248,2026-04-17 21:49:54.057032,79.63
AI2881,Fall 2025,Essay,False,0.3521,2107,9,28.6356,2026-06-22 21:49:54.057283,83.11
AI2882,Fall 2026,Research Paper,False,0.5349,2048,7,24.3045,2026-08-18 21:49:54.057525,78.96
AI2883,Summer 2026,Essay,True,0.5124,1409,11,19.161,2026-08-13 21:49:54.057766,69.82
AI2884,Summer 2026,Case Study,False,0.394,1073,7,6.3392,2026-07-17 21:49:54.058018,65.04
AI2885,Summer 2026,Literature Review,True,0.5386,1447,10,29.406,2026-05-31 21:49:54.058292,83.85
AI2886,Fall 2026,Research Paper,True,0.544,1764,10,38.6396,2026-06-22 21:49:54.058546,74.37
AI2887,Fall 2026,Research Paper,True,0.5744,1923,11,69.7987,2026-07-21 21:49:54.058793,73.7
AI2888,Spring 2026,Research Paper,False,0.324,2075,9,48.5937,2026-04-15 21:49:54.059202,66.38
AI2889,Fall 2025,Research Paper,True,0.2823,1666,7,5.3408,2026-05-20 21:49:54.059625,67.72
AI2890,Summer 2026,Literature Review,True,0.6422,1679,11,13.9829,2026-07-31 21:49:54.059888,78.28
AI2891,Fall 2026,Essay,True,0.618,1770,5,38.4031,2026-05-30 21:49:54.060154,71.05
AI2892,Spring 2026,Essay,False,0.3814,925,8,48.0338,2026-06-06 21:49:54.060404,82.75
AI2893,Fall 2026,Literature Review,True,0.5833,1405,3,34.8056,2026-07-06 21:49:54.060647,73.37
AI2894,Fall 2025,Literature Review,True,0.3268,1075,4,12.1927,2026-05-13 21:49:54.060894,79.31
AI2895,Summer 2026,Lab Report,True,0.4183,1491,6,26.219,2026-09-01 21:49:54.061192,73.69
AI2896,Summer 2026,Literature Review,False,0.53,1714,6,10.8991,2026-08-02 21:49:54.061442,71.58
AI2897,Summer 2026,Essay,False,0.4752,2442,7,43.655,2026-05-28 21:49:54.061688,90.3
AI2898,Fall 2026,Literature Review,True,0.6962,1555,7,17.7055,2026-05-09 21:49:54.061957,77.31
AI2899,Spring 2026,Lab Report,True,0.193,616,8,19.4832,2026-08-30 21:49:54.062213,79.36
AI2900,Summer 2026,Essay,False,0.4528,1033,10,31.3679,2026-05-17 21:49:54.062460,55.98
AI2901,Summer 2026,Case Study,False,0.3168,2336,7,14.66,2026-08-15 21:49:54.062804,54.02
AI2902,Fall 2026,Research Paper,False,0.53,845,9,46.5254,2026-04-21 21:49:54.063453,52.22
AI2903,Fall 2026,Research Paper,True,0.5198,1112,9,23.5471,2026-07-23 21:49:54.063918,75.73
AI2904,Summer 2026,Essay,True,0.4628,1410,11,22.7362,2026-08-15 21:49:54.064396,77.25
AI2905,Spring 2026,Essay,True,0.3849,1821,5,16.0986,2026-08-23 21:49:54.064845,78.55
AI2906,Fall 2026,Essay,True,0.6495,1479,7,54.9227,2026-08-27 21:49:54.065407,84.37
AI2907,Fall 2025,Research Paper,False,0.2369,1948,5,30.2495,2026-08-28 21:49:54.065884,55.74
AI2908,Fall 2025,Case Study,False,0.1498,1832,6,46.1519,2026-08-11 21:49:54.066360,55.68
AI2909,Spring 2026,Research Paper,False,0.3915,1186,11,6.4061,2026-03-29 21:49:54.066818,80.4
AI2910,Fall 2026,Essay,True,0.4831,1083,5,15.4146,2026-07-13 21:49:54.067521,79.31
AI2911,Summer 2026,Case Study,False,0.3333,1232,12,44.928,2026-07-19 21:49:54.068048,82.54
AI2912,Summer 2026,Literature Review,True,0.589,1516,10,56.2113,2026-08-31 21:49:54.068340,81.03
AI2913,Spring 2026,Literature Review,False,0.4303,1655,9,9.0627,2026-06-20 21:49:54.068597,65.76
AI2914,Spring 2026,Essay,True,0.4752,1856,10,26.304,2026-03-22 21:49:54.068874,82.81
AI2915,Summer 2026,Lab Report,True,0.3331,1423,9,34.5116,2026-05-29 21:49:54.069139,72.84
AI2916,Fall 2026,Essay,True,0.6058,1762,5,48.3162,2026-04-15 21:49:54.069400,85.3
AI2917,Fall 2026,Research Paper,False,0.5242,1002,6,33.7644,2026-04-14 21:49:54.070157,53.56
AI2918,Spring 2026,Lab Report,False,0.1804,2070,10,18.2965,2026-06-21 21:49:54.070657,80.22
AI2919,Fall 2025,Case Study,False,0.176,954,11,90.364,2026-08-01 21:49:54.071180,61.37
AI2920,Fall 2026,Case Study,True,0.5108,1951,11,39.0211,2026-06-27 21:49:54.071660,76.68
AI2921,Fall 2026,Case Study,True,0.5212,1370,6,9.9889,2026-06-03 21:49:54.072163,71.07
AI2922,Fall 2026,Essay,True,0.6549,1140,6,22.0983,2026-04-19 21:49:54.072689,76.52
AI2923,Fall 2026,Research Paper,True,0.4758,766,6,77.8122,2026-07-21 21:49:54.073338,75.96
AI2924,Fall 2026,Case Study,False,0.4576,1335,9,83.5227,2026-06-13 21:49:54.073608,63.66
AI2925,Fall 2026,Case Study,False,0.4424,1677,9,21.8582,2026-05-09 21:49:54.073855,72.01
AI2926,Summer 2026,Lab Report,True,0.248,1659,5,39.5145,2026-05-24 21:49:54.074115,84.37
AI2927,Fall 2026,Lab Report,False,0.462,1546,14,16.8658,2026-06-04 21:49:54.074368,64.6
AI2928,Summer 2026,Literature Review,True,0.5564,1777,6,9.4641,2026-04-13 21:49:54.074613,80.32
AI2929,Summer 2026,Case Study,False,0.2884,2067,12,6.4317,2026-06-10 21:49:54.074898,69.99
AI2930,Summer 2026,Essay,True,0.5204,2117,5,76.5999,2026-07-07 21:49:54.075252,78.42
AI2931,Fall 2026,Research Paper,True,0.5108,1555,13,67.7069,2026-06-01 21:49:54.075770,90.61
AI2932,Fall 2026,Literature Review,True,0.5447,1688,10,49.2706,2026-03-18 21:49:54.076313,90.94
AI2933,Fall 2026,Lab Report,False,0.3635,1460,7,18.6754,2026-06-11 21:49:54.076729,85.4
AI2934,Fall 2025,Literature Review,False,0.3959,1468,8,22.7688,2026-04-27 21:49:54.077192,90.1
AI2935,Summer 2026,Lab Report,False,0.3153,744,7,28.3347,2026-05-18 21:49:54.077700,72.25
AI2936,Fall 2025,Essay,False,0.2403,844,8,18.7192,2026-05-13 21:49:54.078218,72.56
AI2937,Fall 2026,Literature Review,True,0.6593,1387,4,62.9875,2026-04-03 21:49:54.078763,74.22
AI2938,Summer 2026,Case Study,False,0.3454,1395,8,24.7836,2026-07-11 21:49:54.079532,73.27
AI2939,Spring 2026,Essay,False,0.4035,2192,8,63.9099,2026-08-04 21:49:54.080613,83.62
AI2940,Spring 2026,Literature Review,True,0.5078,820,8,61.9424,2026-03-15 21:49:54.081198,80.06
AI2941,Fall 2025,Literature Review,True,0.337,2190,10,30.051,2026-08-06 21:49:54.081692,73.79
AI2942,Fall 2026,Literature Review,True,0.7089,1148,6,29.0072,2026-09-02 21:49:54.082188,83.92
AI2943,Fall 2025,Research Paper,False,0.3391,1667,5,12.9887,2026-06-13 21:49:54.082815,71.76
AI2944,Summer 2026,Lab Report,True,0.2689,1544,10,28.1821,2026-08-07 21:49:54.083469,68.67
AI2945,Fall 2026,Literature Review,False,0.6474,712,8,35.1582,2026-05-30 21:49:54.083979,82.58
AI2946,Fall 2026,Research Paper,False,0.5878,1403,7,14.1284,2026-05-28 21:49:54.084552,68.39
AI2947,Fall 2026,Literature Review,False,0.6282,2168,7,34.8668,2026-05-05 21:49:54.084851,82.22
AI2948,Fall 2025,Literature Review,False,0.3868,1165,6,31.0027,2026-05-27 21:49:54.085188,75.89
AI2949,Summer 2026,Case Study,True,0.4314,1546,6,50.3283,2026-07-30 21:49:54.085475,79.58
AI2950,Spring 2026,Research Paper,False,0.3228,372,8,21.5568,2026-04-15 21:49:54.085734,70.23
AI2951,Spring 2026,Essay,False,0.3779,2125,6,18.3711,2026-05-08 21:49:54.085992,71.33
AI2952,Spring 2026,Lab Report,False,0.0728,447,10,46.2994,2026-05-10 21:49:54.086245,70.63
AI2953,Spring 2026,Lab Report,False,0.1369,910,4,49.2637,2026-03-29 21:49:54.086516,96.71
AI2954,Fall 2026,Essay,True,0.5603,1339,13,41.2157,2026-05-31 21:49:54.086976,89.48
AI2955,Fall 2026,Case Study,False,0.4306,732,6,49.9153,2026-09-01 21:49:54.087598,84.57
AI2956,Fall 2025,Lab Report,False,0.0564,1692,13,14.865,2026-03-24 21:49:54.088160,81.75
AI2957,Fall 2025,Essay,True,0.2804,1507,5,40.7654,2026-05-25 21:49:54.088713,79.29
AI2958,Fall 2026,Essay,True,0.6692,737,8,36.0818,2026-09-06 21:49:54.089199,80.75
AI2959,Fall 2026,Case Study,False,0.4895,1234,9,42.6223,2026-08-16 21:49:54.089713,93.43
AI2960,Fall 2026,Literature Review,False,0.6592,2211,4,34.2338,2026-04-22 21:49:54.090170,90.59
AI2961,Spring 2026,Research Paper,False,0.2988,1318,6,54.0262,2026-07-27 21:49:54.090583,75.91
AI2962,Fall 2026,Research Paper,True,0.5891,1397,6,27.4176,2026-06-16 21:49:54.090874,75.96
AI2963,Spring 2026,Case Study,True,0.2237,1200,4,12.2365,2026-03-24 21:49:54.091169,84.74
AI2964,Summer 2026,Lab Report,True,0.3015,1797,7,36.3816,2026-06-30 21:49:54.091478,76.72
AI2965,Fall 2026,Research Paper,False,0.565,1502,8,9.0833,2026-05-21 21:49:54.091787,79.94
AI2966,Summer 2026,Research Paper,False,0.438,1413,12,33.2133,2026-03-27 21:49:54.092043,67.79
AI2967,Fall 2026,Lab Report,True,0.373,1301,9,33.0101,2026-07-25 21:49:54.092295,72.04
AI2968,Fall 2026,Lab Report,True,0.4473,2098,5,40.8131,2026-08-06 21:49:54.092542,76.23
AI2969,Fall 2026,Essay,True,0.6522,1591,5,72.2591,2026-04-29 21:49:54.092791,85.33
AI2970,Summer 2026,Essay,False,0.5478,2052,10,61.7762,2026-03-17 21:49:54.093044,85.45
AI2971,Fall 2025,Case Study,False,0.1569,1110,5,29.6205,2026-03-15 21:49:54.093291,75.56
AI2972,Summer 2026,Literature Review,True,0.5855,1501,6,19.6513,2026-07-17 21:49:54.093545,72.66
AI2973,Summer 2026,Literature Review,False,0.4781,1414,12,27.3652,2026-08-03 21:49:54.093808,73.33
AI2974,Summer 2026,Literature Review,False,0.587,1137,12,40.4243,2026-04-29 21:49:54.094062,60.39
AI2975,Spring 2026,Case Study,False,0.2709,1810,8,23.0118,2026-05-07 21:49:54.094307,83.07
AI2976,Summer 2026,Essay,False,0.4746,1759,9,12.219,2026-03-29 21:49:54.094551,73.44
AI2977,Summer 2026,Literature Review,False,0.4432,2071,10,11.6364,2026-05-11 21:49:54.094792,69.0
AI2978,Summer 2026,Essay,False,0.544,1902,7,24.63,2026-06-20 21:49:54.095038,81.69
AI2979,Summer 2026,Essay,False,0.5382,1663,7,48.873,2026-06-19 21:49:54.095283,88.67
AI2980,Fall 2025,Literature Review,False,0.3095,1384,10,36.8399,2026-07-20 21:49:54.095524,94.42
AI2981,Fall 2025,Essay,True,0.3338,1736,5,57.2186,2026-08-02 21:49:54.095766,87.86
AI2982,Fall 2026,Literature Review,False,0.6928,1776,9,24.8711,2026-06-30 21:49:54.096318,84.82
AI2983,Summer 2026,Research Paper,False,0.5169,1761,3,31.697,2026-08-16 21:49:54.096867,74.38
AI2984,Summer 2026,Lab Report,False,0.2212,1104,7,50.2955,2026-08-22 21:49:54.097638,71.74
AI2985,Fall 2026,Literature Review,False,0.6048,1860,8,29.0006,2026-07-20 21:49:54.098242,65.59
AI2986,Fall 2026,Lab Report,True,0.4288,1418,9,41.0667,2026-04-15 21:49:54.098572,76.87
AI2987,Spring 2026,Lab Report,True,0.2491,2066,7,16.1905,2026-06-02 21:49:54.098874,79.93
AI2988,Spring 2026,Lab Report,False,0.2176,1669,4,67.5191,2026-08-15 21:49:54.099156,58.23
AI2989,Fall 2026,Lab Report,False,0.4253,2231,6,41.2657,2026-08-01 21:49:54.099405,76.83
AI2990,Spring 2026,Lab Report,True,0.1207,1428,8,17.8315,2026-07-16 21:49:54.099648,74.64
AI2991,Fall 2025,Lab Report,False,0.0506,933,8,2.7562,2026-05-08 21:49:54.099898,100.0
AI2992,Fall 2026,Research Paper,False,0.4922,1425,6,5.8609,2026-04-17 21:49:54.100162,72.11
AI2993,Fall 2026,Research Paper,True,0.6127,1184,6,49.2062,2026-07-19 21:49:54.100407,74.0
AI2994,Fall 2026,Essay,True,0.6976,1526,6,56.4439,2026-08-21 21:49:54.100655,77.94
AI2995,Fall 2026,Essay,True,0.5235,1272,7,35.9524,2026-05-12 21:49:54.100903,77.28
AI2996,Fall 2026,Lab Report,False,0.4349,1170,11,56.4647,2026-08-22 21:49:54.101161,63.12
AI2997,Summer 2026,Literature Review,False,0.5479,1010,10,19.7001,2026-08-21 21:49:54.101405,49.24
AI2998,Fall 2026,Lab Report,False,0.4156,1544,4,41.9709,2026-08-21 21:49:54.101646,64.53
AI2999,Fall 2026,Research Paper,False,0.5264,1817,6,14.2623,2026-07-30 21:49:54.101886,64.43
