submission_id,semester,assignment_type,is_ai_generated,ai_probability,word_count,cited_references,similarity_score,submission_date,grade
AI0000,Fall 2026,Case Study,False,0.4979842784464022,1438.378109413153,10,34.75439538889595,2026-08-08 21:49:52.565672,58.29539574401474
AI0001,Fall 2026,Essay,False,0.5429575733718995,1311.8051289553819,8,42.48839380326663,2026-08-06 21:49:52.572432,96.91151916042766
AI0002,Fall 2026,Research Paper,True,0.564618949456096,1406.8761242743835,4,35.1365993190129,2026-07-20 21:49:52.573326,72.33348058815692
AI0003,Summer 2026,Lab Report,False,0.3673491278932062,1764.1962510860726,8,12.057463402974077,2026-08-27 21:49:52.574060,98.12750882899537
AI0004,Fall 2026,Essay,False,0.6937725304211334,699.3884961459249,6,34.18631145096771,2026-03-26 21:49:52.574758,74.28507901273477
AI0005,Spring 2026,Essay,True,0.42653161093820696,1539.971616160869,11,67.13046391788917,2026-06-13 21:49:52.578196,74.07314095726699
AI0006,Fall 2026,Essay,False,0.5788576478339178,2069.298783672244,7,24.438342350915633,2026-09-07 21:49:52.578663,77.9731896622573
AI0007,Spring 2026,Essay,True,0.40208399310808135,1820.1473199996803,8,41.67149230668279,2026-04-20 21:49:52.579115,73.47074044736918
AI0008,Fall 2026,Literature Review,True,0.5128790119429,2036.7646446258505,9,62.04793262758629,2026-04-13 21:49:52.580167,69.75463652773604
AI0009,Summer 2026,Research Paper,False,0.5243031201478506,1581.0407997471386,11,46.161649772340034,2026-08-15 21:49:52.580754,75.76838327588572
AI0010,Fall 2026,Research Paper,True,0.5011121639952711,511.35684294337375,13,29.803828711912455,2026-07-15 21:49:52.581114,75.85817108611705
AI0011,Spring 2026,Literature Review,True,0.45929061606408933,1333.9805689334598,8,33.58281920230306,2026-05-03 21:49:52.581942,77.93840064852702
AI0012,Spring 2026,Lab Report,False,0.23782363074916868,1688.9265104282651,7,28.14195833623036,2026-07-16 21:49:52.582449,64.76250615583591
AI0013,Fall 2026,Essay,False,0.5809988302816498,1420.126172919146,7,36.99772690105194,2026-06-14 21:49:52.582933,68.02147933847657
AI0014,Summer 2026,Literature Review,False,0.5317497524145377,1742.8864678854582,6,15.69290900903287,2026-09-05 21:49:52.583416,83.2932263537828
AI0015,Summer 2026,Literature Review,True,0.5218249907671998,1039.3987256404716,9,9.109668015980327,2026-07-05 21:49:52.583893,81.66735016191014
AI0016,Summer 2026,Case Study,False,0.3996164961341716,979.4987507720508,10,31.61807069340211,2026-03-28 21:49:52.584391,79.82752953791075
AI0017,Fall 2025,Lab Report,False,0.21457872953890506,843.7370529784577,4,19.651000703857598,2026-03-29 21:49:52.584872,66.49083229684254
AI0018,Fall 2026,Research Paper,False,0.5598293047659246,1254.4031152738885,10,57.01912536627219,2026-07-13 21:49:52.585380,72.257581676393
AI0019,Fall 2026,Essay,True,0.5538060508168189,1146.7353438230368,16,5.227648302369095,2026-06-23 21:49:52.585857,74.35888419259305
AI0020,Spring 2026,Essay,False,0.4341020758023316,1199.298758348762,10,22.32290827224104,2026-04-22 21:49:52.586358,52.912882255093095
AI0021,Summer 2026,Lab Report,False,0.4011003887028035,1292.6734601119151,6,33.991600318306816,2026-06-26 21:49:52.586825,77.0645920737265
AI0022,Fall 2025,Research Paper,False,0.22949009372463589,971.8580954272076,7,16.85327415467342,2026-07-26 21:49:52.587360,65.10475433046794
AI0023,Fall 2026,Essay,True,0.6784103664216428,1645.383732453448,8,41.687674441840386,2026-03-29 21:49:52.587836,79.26647485323792
AI0024,Fall 2025,Research Paper,False,0.23737279752386284,1586.9127884556754,5,11.668412548747238,2026-06-01 21:49:52.588339,96.14487637018209
AI0025,Spring 2026,Essay,True,0.38371557202552736,1298.1619373390904,12,12.147551069702498,2026-06-10 21:49:52.588810,75.19588900824269
AI0026,Summer 2026,Essay,True,0.48299549265511665,1168.11887714815,10,59.41572418500643,2026-07-20 21:49:52.592054,76.52684898022198
AI0027,Fall 2026,Literature Review,False,0.6591225740074111,1737.18849976424,5,63.042681794280966,2026-08-09 21:49:52.593222,73.18578379335453
AI0028,Fall 2026,Lab Report,True,0.4254762571849673,2042.6955418719836,7,22.857911347403082,2026-04-29 21:49:52.594280,77.40031598160084
AI0029,Fall 2025,Literature Review,False,0.2966926894328979,792.6113758490745,7,30.684853091934045,2026-07-25 21:49:52.594867,83.34812593660521
AI0030,Fall 2026,Lab Report,True,0.3691560263563836,1588.920087549406,8,17.48850502955256,2026-07-25 21:49:52.596417,77.6737998442197
AI0031,Fall 2026,Essay,True,0.5579292275310127,1526.4390959391567,7,15.874099914382581,2026-03-21 21:49:52.600109,76.89593866101373
AI0032,Summer 2026,Literature Review,False,0.5507283692757702,1777.271420516316,10,21.281023327736946,2026-06-09 21:49:52.600913,71.76234388207921
AI0033,Summer 2026,Literature Review,False,0.5223645471119002,2043.2894315261894,1,6.15808537670783,2026-05-16 21:49:52.604082,81.75459184976782
AI0034,Fall 2026,Case Study,True,0.4615345068787805,1460.4479700811441,7,28.61082309105145,2026-07-26 21:49:52.605595,76.65124825233512
AI0035,Fall 2026,Lab Report,False,0.32549220577395116,724.2894071636098,12,22.90782600390142,2026-05-08 21:49:52.606217,92.04479549859937
AI0036,Fall 2025,Literature Review,True,0.45798584839097645,1749.2599476500711,5,12.242024275131023,2026-05-17 21:49:52.606708,76.10838455388412
AI0037,Fall 2026,Research Paper,False,0.675174536568247,1009.4196711876158,6,31.419304858150625,2026-08-01 21:49:52.607206,67.9746296064571
AI0038,Spring 2026,Essay,True,0.48066612034468237,1323.8203335600429,12,8.983720211558708,2026-04-20 21:49:52.607671,81.3921167090305
AI0039,Fall 2025,Literature Review,True,0.31606869277404426,1700.4002673060327,1,14.445723766069996,2026-07-08 21:49:52.608157,65.67263577022044
AI0040,Fall 2026,Essay,True,0.6374592021909995,1179.988586526249,11,52.419838544453334,2026-08-20 21:49:52.608614,82.76921134786464
AI0041,Fall 2026,Research Paper,False,0.571246841301952,1774.2332150235109,12,76.86793854814874,2026-06-07 21:49:52.609131,70.83853870871334
AI0042,Spring 2026,Lab Report,False,0.16045746759083584,1111.7936353418195,11,16.021801067683747,2026-05-05 21:49:52.609619,81.3346886318866
AI0043,Spring 2026,Essay,False,0.2982467525670513,1575.3109067504806,11,18.54268026800396,2026-04-30 21:49:52.610261,81.73904959046057
AI0044,Fall 2025,Research Paper,False,0.3126011612978138,743.1832085747926,9,4.0344016259013955,2026-04-20 21:49:52.610786,88.95944724362599
AI0045,Fall 2026,Research Paper,True,0.583004554202371,1003.7684146174862,7,35.48271948146836,2026-04-02 21:49:52.611325,76.55564598311614
AI0046,Summer 2026,Literature Review,False,0.5419164129930926,1884.0445569974074,8,45.62750703515113,2026-03-30 21:49:52.611834,71.55841717521362
AI0047,Summer 2026,Case Study,True,0.3225024836245135,859.5524688164969,4,18.19694360475249,2026-06-11 21:49:52.612293,80.65958035446617
AI0048,Summer 2026,Literature Review,False,0.5978532620480352,988.3205891679382,3,13.478001580213384,2026-05-30 21:49:52.612773,70.450276205289
AI0049,Fall 2025,Literature Review,False,0.3679109007598361,1841.978505088237,7,42.209051105661125,2026-09-02 21:49:52.613140,31.709142221275798
AI0050,Spring 2026,Essay,True,0.4547441012255815,1968.3375822058679,14,21.09733470172421,2026-05-21 21:49:52.613391,83.98178258974546
AI0051,Summer 2026,Literature Review,False,0.5499533850704353,1970.7178376899437,5,32.92221399528442,2026-04-21 21:49:52.613642,59.04936064346102
AI0052,Fall 2026,Research Paper,True,0.629286780230584,1461.5603040453034,6,6.350434398582793,2026-05-14 21:49:52.613887,84.280770351689
AI0053,Summer 2026,Literature Review,False,0.5419180441624802,1352.7633389650323,5,57.49820967408205,2026-07-11 21:49:52.614389,89.87719005987056
AI0054,Fall 2026,Literature Review,True,0.7140235672816663,1401.6303903923508,5,35.72370664280602,2026-05-14 21:49:52.616216,79.45779189353158
AI0055,Fall 2025,Lab Report,True,0.16185977722239558,1186.6454290394067,9,62.70772216222541,2026-09-01 21:49:52.617233,79.07511730435984
AI0056,Fall 2026,Essay,True,0.6148049613561722,1220.0163245352217,4,29.455584279253493,2026-04-07 21:49:52.617826,87.92201145022099
AI0057,Fall 2026,Case Study,True,0.5228179471123996,1291.7135004100105,3,34.521992208812605,2026-06-29 21:49:52.618125,80.83239462847651
AI0058,Spring 2026,Literature Review,False,0.4377533257415504,1244.7404779814433,6,60.93465508545436,2026-07-28 21:49:52.619126,66.96883466807233
AI0059,Fall 2025,Essay,False,0.32418171508475735,1551.7209370812698,8,32.925647034313634,2026-06-25 21:49:52.619430,62.90576557851506
AI0060,Fall 2026,Research Paper,True,0.5244815824734786,2298.231022642755,6,26.999370449906273,2026-04-06 21:49:52.619674,72.52597011347804
AI0061,Spring 2026,Essay,True,0.32311405760064016,1354.7929704835792,12,59.77178922278343,2026-08-19 21:49:52.619925,78.22673902073771
AI0062,Fall 2026,Lab Report,False,0.3455711596054185,1310.857143885486,14,14.309428279807598,2026-05-13 21:49:52.620182,69.95307106901372
AI0063,Fall 2026,Research Paper,False,0.4877124090314338,1539.8559549074646,9,35.58916179892361,2026-07-08 21:49:52.620424,62.22102462556463
AI0064,Fall 2026,Case Study,True,0.37451350445357423,1074.7393153951612,12,46.67359529452938,2026-05-30 21:49:52.620664,81.0160194577277
AI0065,Fall 2026,Literature Review,True,0.668197733091042,1639.0153678494703,10,47.5139722469286,2026-08-09 21:49:52.620915,80.05907192015988
AI0066,Fall 2026,Literature Review,True,0.6165656869224083,1529.0722174968573,4,27.52722785777714,2026-08-15 21:49:52.621216,72.65535137257304
AI0067,Spring 2026,Literature Review,False,0.5849964345317096,739.6126396882995,6,66.22119326426687,2026-06-20 21:49:52.621671,76.21517840750653
AI0068,Spring 2026,Case Study,False,0.2936103160732273,1585.9551682146932,12,27.29902922908473,2026-07-23 21:49:52.622006,80.51050289403516
AI0069,Spring 2026,Research Paper,False,0.33094208832728106,1302.8118238296058,5,7.732212737503056,2026-03-23 21:49:52.622291,44.843551906611246
AI0070,Fall 2026,Research Paper,False,0.496066740945725,1374.747430629678,13,12.996111365061896,2026-07-20 21:49:52.622674,86.7808012482199
AI0071,Fall 2026,Research Paper,True,0.5292171766835506,1050.8760874926695,9,41.43067811145726,2026-09-07 21:49:52.622921,69.33141342438935
AI0072,Fall 2026,Research Paper,False,0.4872777466329114,1724.5021467624924,18,31.201809858594242,2026-06-05 21:49:52.623182,65.59117734651339
AI0073,Fall 2026,Lab Report,False,0.40859099730806586,1151.0553583498026,4,46.16322942351726,2026-04-13 21:49:52.623606,80.52437693862831
AI0074,Spring 2026,Literature Review,True,0.4628099441815544,2332.7326848447847,5,47.936032259563824,2026-07-08 21:49:52.624002,85.58947333561107
AI0075,Summer 2026,Case Study,True,0.37130102534478665,1979.803147801018,7,12.349173901203404,2026-08-13 21:49:52.624334,78.34445118558443
AI0076,Spring 2026,Case Study,True,0.33485346871211397,964.2750549930793,5,42.1799357800225,2026-03-25 21:49:52.624587,84.79436063929262
AI0077,Fall 2026,Case Study,False,0.5182997480317949,1105.9366898485014,11,77.58275925819298,2026-03-17 21:49:52.624844,73.25354555332294
AI0078,Summer 2026,Essay,True,0.47874623821154605,718.038566181546,9,54.13669904030656,2026-03-22 21:49:52.625106,79.2329995776904
AI0079,Fall 2025,Research Paper,False,0.22875258910237026,1793.3727136720013,11,2.357724543641186,2026-03-21 21:49:52.625388,69.00852340783719
AI0080,Fall 2026,Literature Review,True,0.7028398730920606,999.2866140589448,16,56.840991069981584,2026-04-07 21:49:52.625633,78.76067696045669
AI0081,Fall 2026,Lab Report,False,0.4602241691651051,1269.3081356835987,10,10.243866575829855,2026-07-12 21:49:52.625906,56.76832854739375
AI0082,Spring 2026,Essay,False,0.5362319857055469,1681.000638389211,7,8.899610346730201,2026-08-27 21:49:52.626216,68.69925713422533
AI0083,Fall 2026,Literature Review,True,0.705090374520693,1695.3341766970539,9,45.09467983988266,2026-04-02 21:49:52.626465,85.77474194841017
AI0084,Fall 2025,Literature Review,False,0.35221786347866246,1357.5893533388303,6,25.533742558539736,2026-04-01 21:49:52.626712,80.33990576644395
AI0085,Fall 2026,Essay,False,0.5718628843601197,1049.8841400125243,6,23.55353484351812,2026-04-05 21:49:52.626957,93.41686491707078
AI0086,Summer 2026,Literature Review,True,0.5025493696219503,1668.3845884101636,12,42.17087162543568,2026-03-12 21:49:52.627209,81.1685315122792
AI0087,Spring 2026,Lab Report,False,0.18328193629889408,929.1234329670453,5,25.077312167124727,2026-05-18 21:49:52.627480,69.92315007405176
AI0088,Summer 2026,Case Study,False,0.4323996076841705,1266.614092547159,3,6.376586984170046,2026-04-30 21:49:52.627723,70.39350897770768
AI0089,Summer 2026,Research Paper,True,0.41659630615442095,1487.7177229624174,5,49.664800870845646,2026-06-03 21:49:52.627970,80.37331865656434
AI0090,Fall 2025,Research Paper,False,0.212735530844651,2731.2084241219736,5,15.799043374123672,2026-04-01 21:49:52.628247,88.88801005046956
AI0091,Spring 2026,Case Study,False,0.23253809938194567,1650.4429785779753,9,69.9372411382413,2026-07-03 21:49:52.628493,80.95975433749875
AI0092,Summer 2026,Lab Report,False,0.30712494650289085,1466.161777215034,10,31.886695679599868,2026-08-29 21:49:52.628789,84.37396632622368
AI0093,Summer 2026,Research Paper,False,0.46720609806433133,1600.5113578684475,5,28.67605524427731,2026-07-10 21:49:52.629060,50.977291211829964
AI0094,Spring 2026,Literature Review,False,0.5097592274212742,2014.3478245648648,6,21.273408433177725,2026-08-05 21:49:52.629342,88.85635445374557
AI0095,Fall 2026,Case Study,False,0.45947657884391563,1719.147049152593,9,41.54505539113935,2026-05-19 21:49:52.629587,81.13126741559091
AI0096,Spring 2026,Case Study,False,0.2687927259286898,1095.774623939626,4,36.90001736706906,2026-04-14 21:49:52.629832,71.80295908384592
AI0097,Fall 2026,Lab Report,False,0.39377188392317225,1777.2264959741783,12,25.063038309559417,2026-06-12 21:49:52.630085,73.53189905202487
AI0098,Fall 2026,Literature Review,True,0.6906179492463991,1514.3952032736943,7,19.3051062067431,2026-06-29 21:49:52.630334,70.30008014516358
AI0099,Fall 2026,Lab Report,False,0.4755619549731527,697.907902758425,9,11.933678231971601,2026-07-21 21:49:52.630584,82.70857726665295
AI0100,Fall 2026,Lab Report,False,0.4509248086211804,1449.7669801126713,5,70.26525848013931,2026-09-07 21:49:52.633710,73.85474953687583
AI0101,Fall 2026,Literature Review,True,0.6663607671622154,1826.9826534345682,5,8.250191358437924,2026-08-22 21:49:52.634669,83.78038346909582
AI0102,Spring 2026,Research Paper,False,0.30102440423971677,641.8601843383296,5,7.87598233027947,2026-05-16 21:49:52.635390,100.0
AI0103,Spring 2026,Case Study,False,0.3507484722896247,1659.0666533110102,6,28.900350030529452,2026-03-17 21:49:52.636362,74.448689465546
AI0104,Spring 2026,Research Paper,False,0.40085838042065053,1448.5103410206946,7,27.662777224267366,2026-06-24 21:49:52.637410,69.30841425616197
AI0105,Spring 2026,Lab Report,True,0.19726186608212465,1892.3181045952203,10,68.53561774352616,2026-08-29 21:49:52.637825,76.6359518599476
AI0106,Summer 2026,Case Study,False,0.3700518452525132,2001.663222729016,11,37.73262045575897,2026-07-05 21:49:52.638120,79.78617028611053
AI0107,Summer 2026,Essay,True,0.42142666313383614,1403.4428908870127,5,8.474931797808214,2026-05-06 21:49:52.638394,74.753280687296
AI0108,Spring 2026,Research Paper,False,0.2810996556172964,1300.110943057289,12,32.968401077305096,2026-07-14 21:49:52.638652,80.07401669038933
AI0109,Summer 2026,Lab Report,False,0.29334682119443206,1503.9430185541846,10,43.85795392701186,2026-06-21 21:49:52.639224,82.34902313009104
AI0110,Summer 2026,Research Paper,True,0.4476715879003484,1126.5604084283407,8,41.65554714471191,2026-04-27 21:49:52.640078,72.4179946754819
AI0111,Fall 2026,Literature Review,True,0.6816158981962266,1851.796364961458,6,30.93124735946697,2026-03-12 21:49:52.641902,71.87962819283399
AI0112,Fall 2026,Essay,True,0.6879830326954789,1863.8375116894738,8,35.31712133611365,2026-05-31 21:49:52.642387,85.48312516177617
AI0113,Fall 2025,Essay,False,0.3000310769232873,1263.3899345624777,8,15.388838252695841,2026-08-02 21:49:52.642867,82.45693484081946
AI0114,Spring 2026,Literature Review,False,0.5347063113662216,622.3433605498268,6,20.873841239040054,2026-03-15 21:49:52.643404,77.00771116396407
AI0115,Spring 2026,Lab Report,False,0.22739020178459102,1201.3118640939495,5,11.722851503724238,2026-06-24 21:49:52.643912,47.69697562089261
AI0116,Fall 2026,Literature Review,False,0.6385413232564948,1816.3193075599029,9,37.41933809269739,2026-04-13 21:49:52.644725,81.55315069133762
AI0117,Fall 2026,Lab Report,True,0.36212174046323875,1943.4261579049414,7,43.76836267691096,2026-04-10 21:49:52.645474,90.33699645715255
AI0118,Spring 2026,Case Study,False,0.3182292928394995,1077.2379005049966,6,55.802988075871305,2026-07-07 21:49:52.646827,73.81663853544089
AI0119,Fall 2026,Case Study,True,0.4767686288405358,1926.386429576861,7,28.186606573195643,2026-05-06 21:49:52.658202,77.94564285592453
AI0120,Fall 2026,Lab Report,False,0.35051068361160564,1084.9746606537315,7,45.74152687313644,2026-05-23 21:49:52.658756,67.81261452651128
AI0121,Fall 2026,Lab Report,False,0.3935269294734544,1491.2004638606631,9,76.57207188412656,2026-05-01 21:49:52.659054,69.82478959657064
AI0122,Summer 2026,Lab Report,False,0.3301501937312078,1557.3249260605444,6,25.47050108486093,2026-07-13 21:49:52.659321,79.2361851460588
AI0123,Spring 2026,Research Paper,False,0.42803190739716224,1910.0988200365814,9,44.9877068489232,2026-06-13 21:49:52.659566,60.444040548627015
AI0124,Fall 2025,Essay,False,0.2515468712468924,1264.829942193931,4,46.06331379136194,2026-04-15 21:49:52.660947,86.7337230045245
AI0125,Spring 2026,Lab Report,False,0.17339823789946054,1733.442648936128,8,19.484621358459076,2026-07-14 21:49:52.661799,61.391259739933744
AI0126,Fall 2025,Research Paper,False,0.33338868301431557,986.7968018729164,7,15.413286337337961,2026-08-28 21:49:52.662353,56.70313808212024
AI0127,Fall 2025,Essay,False,0.26433594509517366,1327.023471192174,6,10.67932064947705,2026-06-17 21:49:52.662712,54.57952821510344
AI0128,Summer 2026,Lab Report,False,0.27733624277878194,1036.9972689200993,5,7.691519221629048,2026-05-29 21:49:52.662990,97.09760201746664
AI0129,Fall 2025,Research Paper,False,0.3027643550996224,1794.399583909697,4,25.21122035223223,2026-08-12 21:49:52.663263,81.85654477210753
AI0130,Fall 2026,Lab Report,False,0.39037473774857223,1002.1807422911722,9,2.686667687665256,2026-05-29 21:49:52.663509,75.81339000895854
AI0131,Fall 2026,Lab Report,False,0.4733832159010163,1138.2104920721354,10,36.83135956797182,2026-07-29 21:49:52.663776,80.72019329863504
AI0132,Fall 2026,Literature Review,False,0.6318828423796155,1666.1818493577578,10,26.0107666264718,2026-03-30 21:49:52.664038,76.5627079696204
AI0133,Fall 2025,Case Study,False,0.12851803102431816,1264.525196729264,9,22.022417682035535,2026-05-05 21:49:52.666035,66.6926541649345
AI0134,Summer 2026,Lab Report,False,0.3803939037942347,1815.8629512614903,11,21.99753685916715,2026-08-23 21:49:52.668056,79.02325399679329
AI0135,Fall 2026,Essay,False,0.5876841277436008,1522.2851966403598,7,32.46061708799898,2026-07-11 21:49:52.669014,83.38678838354181
AI0136,Fall 2025,Research Paper,False,0.18051370594073007,1101.1970600717818,4,27.08175510992338,2026-03-15 21:49:52.669498,72.43449618808484
AI0137,Summer 2026,Literature Review,True,0.501036370435418,1443.064062091306,13,73.3217450804622,2026-08-30 21:49:52.670032,78.8742621007588
AI0138,Fall 2026,Research Paper,False,0.5513972643077402,1721.0622803430826,7,7.578101653450606,2026-06-16 21:49:52.671050,61.94098991414716
AI0139,Spring 2026,Essay,True,0.3777370290186948,1391.9126318505955,6,13.311709485396172,2026-06-15 21:49:52.671700,78.41699367451453
AI0140,Spring 2026,Literature Review,True,0.42109244013936253,2031.4716045150603,9,12.131522883484747,2026-07-23 21:49:52.672223,82.4077597584405
AI0141,Fall 2026,Lab Report,False,0.4513995586497912,1897.041210435161,12,40.32047650631092,2026-07-25 21:49:52.672643,83.74735311233101
AI0142,Fall 2025,Lab Report,False,0.08572297503824419,1440.7115946482315,9,42.972980826111694,2026-06-08 21:49:52.672983,54.37575581543643
AI0143,Summer 2026,Essay,False,0.4731085964685861,1706.397361642777,8,93.15972858497035,2026-04-25 21:49:52.673248,62.09334214814819
AI0144,Summer 2026,Research Paper,False,0.4893670430711008,1422.222742127114,8,19.252611344582668,2026-09-07 21:49:52.673495,69.84253322663935
AI0145,Spring 2026,Lab Report,False,0.1880563304506231,2183.2723099068216,14,51.388755276314214,2026-05-03 21:49:52.673909,75.64181294635186
AI0146,Summer 2026,Case Study,False,0.4133092467746434,906.956516336049,7,24.647578025757095,2026-05-30 21:49:52.674249,89.82952321846264
AI0147,Fall 2026,Research Paper,True,0.5807032882886367,2375.7332328463963,10,64.14742204046642,2026-05-04 21:49:52.674508,65.04988608501958
AI0148,Fall 2026,Literature Review,False,0.6725313572056376,841.567219058238,10,30.640070274060367,2026-03-30 21:49:52.674755,74.42683959161144
AI0149,Spring 2026,Research Paper,False,0.36686894046568164,1472.7912952783192,6,59.16288112433811,2026-04-18 21:49:52.675026,74.31256371123742
AI0150,Summer 2026,Case Study,False,0.4048302008708104,671.0737421145277,7,3.115321354287486,2026-03-15 21:49:52.675355,61.52246915869721
AI0151,Summer 2026,Literature Review,True,0.5544510273346266,970.8704127667183,11,76.4541777731713,2026-07-03 21:49:52.675626,72.46212133326102
AI0152,Summer 2026,Case Study,True,0.4334514002600692,1367.6866061407638,10,53.39531559842124,2026-08-17 21:49:52.675875,73.24934052357182
AI0153,Summer 2026,Literature Review,False,0.4337010953988425,1907.552582284448,7,69.80279724399404,2026-05-23 21:49:52.676225,61.37925613009828
AI0154,Fall 2025,Literature Review,False,0.27878096792204227,1545.1168494324609,8,29.717297977508224,2026-05-01 21:49:52.676503,78.35568180489362
AI0155,Fall 2026,Literature Review,True,0.6495114908721257,1862.9719593247673,9,27.239570923384115,2026-03-18 21:49:52.676754,83.36458115216205
AI0156,Fall 2026,Literature Review,True,0.6570124158741864,1560.9449774023492,10,24.27649060920872,2026-09-02 21:49:52.677023,73.70602876876262
AI0157,Summer 2026,Lab Report,False,0.3888846842892949,2062.4619561182612,8,30.035201967804536,2026-05-23 21:49:52.677303,94.76826033885527
AI0158,Fall 2026,Literature Review,True,0.6377890897993226,1349.5233284734923,6,28.875869180965463,2026-03-30 21:49:52.677547,80.70524925459242
AI0159,Fall 2026,Literature Review,False,0.627286909024643,2040.3903746392284,6,16.054777666837744,2026-05-09 21:49:52.677793,92.0612960798385
AI0160,Summer 2026,Research Paper,False,0.539474824629383,1957.9272800679803,12,50.443137385247695,2026-07-25 21:49:52.678056,87.3679983399947
AI0161,Spring 2026,Essay,True,0.31288720959620403,715.0414258563048,7,49.58275360841668,2026-07-15 21:49:52.678299,68.94532640222941
AI0162,Fall 2026,Lab Report,False,0.39308524628752667,1830.0514376205958,9,10.216344612370236,2026-06-02 21:49:52.678547,100.0
AI0163,Fall 2026,Case Study,True,0.4366926357342501,1872.9372443839957,8,23.794116121125192,2026-07-02 21:49:52.678788,72.91531284834909
AI0164,Fall 2026,Research Paper,True,0.5468080137120888,2178.421869667586,9,14.25935364612676,2026-04-14 21:49:52.679050,84.21787164001024
AI0165,Fall 2025,Case Study,False,0.15275694446998492,1356.4818038762655,5,9.916114942740677,2026-07-09 21:49:52.679319,74.21918337922476
AI0166,Fall 2026,Essay,False,0.6507912004640924,1468.3993175044548,6,55.5348642926877,2026-06-20 21:49:52.679613,76.82752445218712
AI0167,Fall 2026,Lab Report,False,0.4115618403912296,1736.4248648029402,4,48.08304193917023,2026-08-26 21:49:52.679899,51.23898773101189
AI0168,Spring 2026,Literature Review,True,0.4872909196824562,1218.7013837575114,6,33.69130766292297,2026-06-04 21:49:52.680168,80.2900561853554
AI0169,Fall 2026,Research Paper,False,0.5121664596612674,332.7626915829776,7,21.26694299087049,2026-06-09 21:49:52.680685,85.07896731988701
AI0170,Summer 2026,Essay,False,0.5376486019072946,1247.3736509188357,5,20.54854875978094,2026-04-20 21:49:52.683517,59.34595938151665
AI0171,Summer 2026,Research Paper,False,0.4606563257475361,1533.1147069575272,1,48.567732814795136,2026-07-14 21:49:52.684013,54.733464096049715
AI0172,Fall 2026,Essay,True,0.6236203938315683,1131.590426956477,10,2.059382551940861,2026-04-07 21:49:52.684585,76.06379305960806
AI0173,Summer 2026,Research Paper,True,0.4589026394879737,1058.9469012416866,10,9.301154684864029,2026-06-10 21:49:52.685246,79.23795814253015
AI0174,Fall 2026,Case Study,False,0.48151637907561934,1921.06555992621,6,29.40041717319905,2026-06-01 21:49:52.685742,49.38059974384191
AI0175,Summer 2026,Research Paper,False,0.4715282233483097,1294.725973707317,8,17.48130943955539,2026-03-28 21:49:52.686272,71.9181911112403
AI0176,Fall 2026,Essay,False,0.647998138560622,1720.778041258714,10,29.384903400079338,2026-06-21 21:49:52.687005,65.59675640836419
AI0177,Summer 2026,Lab Report,False,0.24099179162959714,1502.01084325268,6,8.44126464675248,2026-04-02 21:49:52.687363,73.15887759126603
AI0178,Summer 2026,Lab Report,False,0.29649045150295,1894.2287202015314,10,49.6000608566259,2026-05-10 21:49:52.688485,51.607348475833426
AI0179,Fall 2026,Essay,True,0.5689214749906893,851.5277407102642,15,6.85317358322342,2026-04-21 21:49:52.689731,77.66226531260989
AI0180,Summer 2026,Literature Review,True,0.5842830550347722,1150.8919933971995,5,30.46279834191091,2026-05-31 21:49:52.690260,78.40757143278924
AI0181,Fall 2026,Literature Review,False,0.6925180135781485,1642.873237887688,7,22.26629564882769,2026-06-07 21:49:52.690730,78.82386477382639
AI0182,Fall 2025,Lab Report,False,0.03707681039010298,2273.3096002919947,10,20.393823063255606,2026-06-16 21:49:52.691064,61.914248517511126
AI0183,Fall 2026,Literature Review,True,0.5561840274970389,1071.0445485048717,6,46.21029519320497,2026-05-20 21:49:52.691352,83.69599371084718
AI0184,Fall 2026,Literature Review,True,0.6549369351424045,1264.8979759381032,12,30.89049789033212,2026-05-14 21:49:52.691623,79.03700903869303
AI0185,Fall 2026,Literature Review,True,0.6232941330459801,1962.6982495142472,11,75.92968740449174,2026-04-14 21:49:52.691874,92.44818183157348
AI0186,Fall 2026,Research Paper,False,0.5355105687794024,1189.3711657901856,6,15.235407567966892,2026-08-30 21:49:52.692508,73.66000088384057
AI0187,Summer 2026,Lab Report,True,0.28477694364263156,1823.8695187282158,7,26.091803804424302,2026-08-27 21:49:52.692933,66.2439148639328
AI0188,Summer 2026,Lab Report,True,0.2819317255015745,1182.6077015485419,12,70.8050295663892,2026-03-31 21:49:52.693242,79.69122911911695
AI0189,Fall 2025,Case Study,False,0.21009265441301148,1713.9091645043936,4,15.263385522839265,2026-06-16 21:49:52.693542,85.35315204417702
AI0190,Summer 2026,Research Paper,True,0.47555709415179254,1361.6552481010433,7,50.56154114536467,2026-04-20 21:49:52.693826,75.88326673978247
AI0191,Fall 2026,Research Paper,True,0.5750220743543875,1633.7792134498625,6,34.74145367109397,2026-04-01 21:49:52.694090,76.23274353414953
AI0192,Fall 2026,Lab Report,True,0.48782401880164467,1465.5359385638724,12,39.5395415779346,2026-05-21 21:49:52.694345,78.00231378818523
AI0193,Fall 2026,Case Study,False,0.41960238960190416,1718.2633443527284,7,24.988783044596357,2026-07-01 21:49:52.694595,84.97533664275981
AI0194,Fall 2026,Lab Report,False,0.3779858695811989,1735.4798412496614,7,34.34987976223244,2026-05-12 21:49:52.694880,58.40349215427127
AI0195,Fall 2026,Research Paper,True,0.5071973469914666,1130.0638517063724,4,35.682035250731445,2026-04-09 21:49:52.695195,71.39305495794832
AI0196,Fall 2025,Essay,False,0.3344395309728297,1600.0248213109323,11,5.963431607684724,2026-07-06 21:49:52.695454,69.29640977532794
AI0197,Summer 2026,Research Paper,True,0.4284161360081107,1698.7682441808897,13,36.4352333918308,2026-06-13 21:49:52.695695,77.82396935190046
AI0198,Summer 2026,Essay,False,0.5066466677136907,2274.3823759600173,11,22.540837596185906,2026-08-04 21:49:52.695946,92.05379402747265
AI0199,Spring 2026,Research Paper,False,0.4085320415238296,1235.8317974341228,8,1.7938037336939636,2026-05-25 21:49:52.696270,74.28845165035541
AI0200,Summer 2026,Literature Review,True,0.4992264908259238,1114.0722720439353,6,16.331915965525464,2026-04-22 21:49:52.696542,74.7920368758597
AI0201,Spring 2026,Literature Review,False,0.48156333597586726,1487.721332358096,3,40.471964099277194,2026-06-05 21:49:52.696799,71.78679475721574
AI0202,Spring 2026,Literature Review,True,0.42334916671613526,1300.4746521327443,6,3.6767975564777706,2026-07-28 21:49:52.697088,78.87698557207156
AI0203,Fall 2026,Literature Review,True,0.6675904221268061,2162.2718221012974,6,23.80141395746259,2026-07-16 21:49:52.698047,84.48043422432794
AI0204,Fall 2026,Research Paper,True,0.5136698343139142,1494.1412943478192,5,12.168220828276358,2026-04-19 21:49:52.699871,68.90732970844527
AI0205,Summer 2026,Essay,True,0.44106516067444246,1264.6945896300472,9,22.465421156757255,2026-05-02 21:49:52.700354,73.09537010446269
AI0206,Fall 2026,Lab Report,False,0.4500556442941762,2036.7263282388042,6,39.61747391403956,2026-08-23 21:49:52.701395,85.24014505242319
AI0207,Fall 2026,Literature Review,False,0.5774535323801052,1516.552043786844,8,54.75518716795319,2026-05-04 21:49:52.702785,63.87123847847862
AI0208,Fall 2026,Literature Review,False,0.5529892115984825,995.1106639502916,12,20.190467295911123,2026-08-18 21:49:52.704066,70.28887976510987
AI0209,Fall 2025,Lab Report,False,0.16662701122596846,2541.7441718062423,12,20.48666878778523,2026-04-16 21:49:52.704871,85.02792398601802
AI0210,Fall 2026,Literature Review,True,0.7159993800745352,1736.5061466972911,6,34.777634814087804,2026-03-27 21:49:52.705394,75.80587434452544
AI0211,Fall 2026,Essay,False,0.5944119715893208,1460.400955594513,9,9.721380683931196,2026-06-14 21:49:52.705886,73.91645915684026
AI0212,Summer 2026,Lab Report,True,0.3783960592658933,1754.2863572511442,5,9.028379023446915,2026-09-01 21:49:52.706348,73.80172638959556
AI0213,Fall 2026,Literature Review,False,0.6934222944088472,1594.1482639913122,2,19.24696476427681,2026-06-10 21:49:52.706797,57.09090797994742
AI0214,Spring 2026,Literature Review,False,0.4083094855339057,1066.900414095333,10,72.06047253429874,2026-06-17 21:49:52.707108,100.0
AI0215,Summer 2026,Literature Review,False,0.6214255804222973,1336.1793215438684,4,12.875188870740232,2026-04-21 21:49:52.707367,68.73646569880216
AI0216,Summer 2026,Case Study,True,0.4260922618657277,627.2108639830523,10,26.832980976306242,2026-06-20 21:49:52.707817,77.94457745683037
AI0217,Summer 2026,Lab Report,True,0.35857331531544795,1254.3672280266032,9,59.881097946752384,2026-08-16 21:49:52.708105,81.45350771711554
AI0218,Spring 2026,Literature Review,True,0.4772846901025954,1213.2220916919969,6,6.657442966388118,2026-05-19 21:49:52.708374,81.75538714054444
AI0219,Summer 2026,Essay,False,0.5131822596480689,1488.0378165759496,9,31.644211054856765,2026-06-20 21:49:52.708655,91.95715819348537
AI0220,Fall 2026,Essay,True,0.6115129462028581,1071.3621451532645,5,11.480575530685604,2026-03-14 21:49:52.708935,75.92127498844032
AI0221,Summer 2026,Literature Review,False,0.49263333489814826,1342.6966937422453,8,34.1108283923978,2026-04-02 21:49:52.709246,88.26056934921952
AI0222,Fall 2026,Literature Review,False,0.5924677891456993,739.3919668582524,8,40.86959748410203,2026-08-26 21:49:52.709520,92.47123851042545
AI0223,Spring 2026,Research Paper,False,0.34079746041536463,1223.7828836285403,8,35.458246248175,2026-04-28 21:49:52.709774,74.82626152431247
AI0224,Fall 2025,Literature Review,False,0.35147150160099927,1182.6239727814668,5,64.40158356390032,2026-03-18 21:49:52.710053,67.0019229899885
AI0225,Spring 2026,Lab Report,False,0.16511253742618043,1458.9110375794216,7,9.180265356583991,2026-04-30 21:49:52.710373,64.68542515222818
AI0226,Summer 2026,Essay,False,0.6082210899896622,1535.7828589569222,9,9.69405689121849,2026-08-23 21:49:52.710619,52.64479037388582
AI0227,Fall 2025,Literature Review,False,0.36869999018769956,1696.1420640975018,10,56.758721542125436,2026-06-08 21:49:52.710864,100.0
AI0228,Fall 2025,Case Study,False,0.16056706879227928,1445.4931245785313,4,45.07979323532574,2026-07-08 21:49:52.711122,98.38879775439815
AI0229,Summer 2026,Essay,True,0.5260215994938248,1222.971476283237,8,11.14392725991821,2026-03-29 21:49:52.711375,77.90059557600034
AI0230,Fall 2026,Research Paper,False,0.5532178324719951,1270.4423219083276,8,33.83741059249425,2026-03-18 21:49:52.711624,76.1327908393928
AI0231,Fall 2025,Essay,False,0.2043978569730595,2773.2423664951466,5,18.461978841644985,2026-04-27 21:49:52.711864,65.62820969864867
AI0232,Fall 2026,Research Paper,False,0.46588764834428303,1735.9492574499382,7,22.003452504261805,2026-07-08 21:49:52.712136,70.2632697707317
AI0233,Fall 2025,Lab Report,False,0.07073099968405894,1507.509650107459,6,32.56556838533456,2026-05-27 21:49:52.712399,78.9239534110788
AI0234,Fall 2025,Research Paper,True,0.2961378502682047,723.0747848337334,9,49.22372153702148,2026-03-21 21:49:52.712645,77.3849274851816
AI0235,Summer 2026,Case Study,True,0.3762883743709202,1743.8835690862045,7,1.2169839949579895,2026-07-30 21:49:52.712892,80.4369161618246
AI0236,Spring 2026,Lab Report,False,0.1834167390373855,2423.323829773589,12,11.613189002794307,2026-08-11 21:49:52.713149,68.92492520625476
AI0237,Fall 2025,Case Study,False,0.29260736199144755,1420.741663201517,10,34.87896228408849,2026-07-17 21:49:52.713394,92.11245065125227
AI0238,Spring 2026,Lab Report,False,0.3132026084044872,1464.1441536518762,5,22.282934408148204,2026-08-02 21:49:52.713636,82.03765452439816
AI0239,Fall 2026,Case Study,False,0.3888428661262653,1118.0971958456028,4,26.91638822439744,2026-09-01 21:49:52.714444,58.916576279274864
AI0240,Summer 2026,Research Paper,False,0.47083489097862435,1847.50706918472,8,32.24935042262136,2026-05-10 21:49:52.717547,77.29549483082798
AI0241,Fall 2026,Literature Review,True,0.6634374575553047,1781.0987515678953,5,53.00825699485961,2026-04-11 21:49:52.718426,72.01601414824201
AI0242,Fall 2026,Literature Review,False,0.6788221151908528,1850.5224670750856,7,5.624619705961827,2026-09-01 21:49:52.718716,63.39189463245751
AI0243,Fall 2026,Case Study,True,0.549062179821098,1187.4427383491034,7,30.24029958854893,2026-05-08 21:49:52.719082,74.53978316063608
AI0244,Fall 2026,Lab Report,False,0.3398575496176798,1963.5142034286814,10,17.268859731240394,2026-04-19 21:49:52.719708,69.00578223371382
AI0245,Fall 2026,Lab Report,True,0.4038627666149081,1398.732199608284,11,14.722204312277961,2026-08-17 21:49:52.720297,87.72713550668948
AI0246,Spring 2026,Case Study,False,0.2904104728776219,1314.180302576528,8,25.043406987145865,2026-05-21 21:49:52.721241,76.10500151431596
AI0247,Spring 2026,Lab Report,True,0.3305246124315643,1165.434970667593,10,7.2671334064070505,2026-07-23 21:49:52.721567,70.83006607400763
AI0248,Summer 2026,Essay,True,0.5017741205747638,1228.6149984738588,12,18.99857810992597,2026-07-11 21:49:52.721831,84.90643006579594
AI0249,Summer 2026,Research Paper,False,0.4050461799737361,1265.4289606217428,8,9.364174311587128,2026-06-22 21:49:52.722094,59.04639550991976
AI0250,Fall 2025,Literature Review,False,0.27971298242979714,1548.7285608103184,10,24.943462561800295,2026-07-16 21:49:52.722341,83.60204253738843
AI0251,Fall 2026,Lab Report,True,0.4037398069891956,1412.4548928394145,6,13.660048078309961,2026-07-13 21:49:52.722588,75.40323337651574
AI0252,Fall 2026,Research Paper,False,0.536626230675291,1500.0591685585666,5,27.673134572232733,2026-05-26 21:49:52.722960,77.50991907042558
AI0253,Fall 2026,Case Study,False,0.5061287236172642,1490.3485768168928,6,54.81505775010422,2026-03-23 21:49:52.724293,68.4516285019406
AI0254,Fall 2026,Lab Report,False,0.35197682723157553,984.5847858039192,12,64.5102331904789,2026-05-31 21:49:52.724826,80.88938483531723
AI0255,Fall 2026,Literature Review,True,0.6361127481555376,1028.9589678845268,11,44.65125793269157,2026-05-29 21:49:52.725150,78.0645627911441
AI0256,Fall 2026,Research Paper,False,0.5187421237273637,1441.3511549858235,11,25.232591370591784,2026-07-23 21:49:52.725412,78.51146755856759
AI0257,Fall 2026,Essay,True,0.6337943121205788,1614.0424435994062,8,10.593891696526068,2026-05-18 21:49:52.725656,76.47670450436927
AI0258,Fall 2025,Essay,True,0.269099105484056,1768.5960476007544,3,31.604606788415353,2026-09-03 21:49:52.725910,75.22730938373003
AI0259,Fall 2026,Case Study,True,0.4772299658579162,1769.6515401857937,7,3.2712516552972506,2026-04-23 21:49:52.726191,82.66303252526318
AI0260,Spring 2026,Lab Report,False,0.282423225449052,1936.4740376335556,15,10.308498941248324,2026-05-05 21:49:52.726445,72.7774988138725
AI0261,Fall 2026,Research Paper,True,0.6047249744008607,1815.3119005439441,7,7.881459222418871,2026-06-27 21:49:52.726687,77.96348465696693
AI0262,Fall 2026,Case Study,True,0.3797826837664063,1437.2579986097878,6,7.764648337645445,2026-08-14 21:49:52.726950,75.13115205588731
AI0263,Spring 2026,Lab Report,False,0.11536132231265925,1438.2663574638354,11,21.7344492596715,2026-06-27 21:49:52.727213,61.46737069413834
AI0264,Spring 2026,Lab Report,False,0.19882842810415924,1764.410199762142,10,21.577884076343796,2026-05-03 21:49:52.727464,81.60933520011345
AI0265,Summer 2026,Lab Report,False,0.22103780605581347,1319.8281298575432,8,19.479632111243202,2026-03-23 21:49:52.727708,65.15595457008862
AI0266,Spring 2026,Literature Review,False,0.4632585021052573,1736.6035484140762,3,50.69455615228655,2026-03-15 21:49:52.727950,67.2264275185405
AI0267,Summer 2026,Case Study,False,0.32586760747876753,1517.4297029779627,9,21.775195033316404,2026-07-11 21:49:52.728200,88.54134237584005
AI0268,Fall 2026,Essay,False,0.5881699310477052,1222.4303980545815,2,11.964675932213765,2026-08-21 21:49:52.728554,81.81200181248471
AI0269,Summer 2026,Essay,True,0.5080814053056267,1016.1699856750638,10,37.25934310724271,2026-09-01 21:49:52.728836,71.60780609528896
AI0270,Fall 2025,Essay,False,0.2591232273387703,2264.5351600929916,10,21.517255070123177,2026-03-23 21:49:52.729097,68.31433226047112
AI0271,Fall 2026,Research Paper,True,0.5237148188299552,1092.0515025542002,6,41.78618181704808,2026-05-16 21:49:52.729345,79.82332140507818
AI0272,Fall 2026,Literature Review,True,0.6648087845246885,1724.8095260179805,11,18.987609757236307,2026-08-02 21:49:52.729696,81.64821030978598
AI0273,Spring 2026,Literature Review,False,0.5013344381658786,1453.8147791844187,11,65.9615999175913,2026-07-10 21:49:52.738595,72.25671036198602
AI0274,Fall 2026,Case Study,True,0.3557926291079113,961.0977872934737,12,7.672662364152546,2026-07-04 21:49:52.740294,85.01535099519121
AI0275,Fall 2026,Case Study,True,0.48160572144336145,1571.263878171067,8,21.947785745551577,2026-04-07 21:49:52.740802,74.71841688320208
AI0276,Summer 2026,Literature Review,False,0.49909561658539503,1354.5840834771352,6,79.02307314613107,2026-05-22 21:49:52.743165,78.59480180511635
AI0277,Fall 2026,Research Paper,True,0.5420081736929085,1643.6305136973467,7,49.79977069804179,2026-07-02 21:49:52.743815,78.63032879332727
AI0278,Summer 2026,Case Study,False,0.4047365011324486,1112.5750430958074,8,27.21164045187753,2026-08-26 21:49:52.744313,80.07690969617084
AI0279,Fall 2026,Lab Report,True,0.344886177187976,2065.286796006573,4,3.5916605243019095,2026-06-12 21:49:52.744756,85.05061103431132
AI0280,Summer 2026,Literature Review,False,0.45040683489062183,2066.5818950001276,5,38.61523010576419,2026-07-19 21:49:52.745269,89.08138242345747
AI0281,Fall 2025,Case Study,True,0.21102503929453711,1704.9747972659234,9,37.45877387152473,2026-04-30 21:49:52.745667,78.75070727565586
AI0282,Fall 2026,Case Study,False,0.46259455687172396,788.999531272143,3,35.46971203238282,2026-07-12 21:49:52.745955,69.79131497685974
AI0283,Fall 2026,Literature Review,True,0.6466859687075872,1553.6638283833759,14,37.56750319278414,2026-08-07 21:49:52.746271,76.28559465926716
AI0284,Summer 2026,Case Study,True,0.3819178340681203,1404.94390229968,7,16.30305468450147,2026-07-12 21:49:52.746525,79.88208975264807
AI0285,Summer 2026,Lab Report,True,0.26247429838972147,1863.2720137308058,6,16.247884069532752,2026-08-29 21:49:52.746790,80.01577183510601
AI0286,Fall 2025,Essay,False,0.3328852959394486,1242.1721047748126,10,43.37783484836871,2026-04-28 21:49:52.747049,100.0
AI0287,Spring 2026,Essay,False,0.45305333301684614,1545.1332786649486,11,31.490746950602087,2026-08-25 21:49:52.747309,80.90729132394064
AI0288,Fall 2026,Literature Review,True,0.6760949647981551,1809.8612937176572,7,54.33917118548879,2026-04-28 21:49:52.748493,76.86176785223998
AI0289,Fall 2025,Lab Report,False,0.17198785785356563,1675.8974533277694,5,40.85276160497718,2026-07-08 21:49:52.748912,68.45768702394315
AI0290,Summer 2026,Lab Report,True,0.23828346074909515,967.9429784269803,8,18.538170802049663,2026-08-19 21:49:52.749468,86.99977815567205
AI0291,Fall 2026,Research Paper,True,0.5314398509245134,1380.991986153065,7,42.181949645964714,2026-06-13 21:49:52.752498,74.92569009647254
AI0292,Fall 2026,Lab Report,False,0.41629823051609854,1763.2553007404222,7,61.27427013040611,2026-08-29 21:49:52.753469,80.89741407541291
AI0293,Spring 2026,Research Paper,False,0.41912473215136675,912.9101227310127,9,27.94444863878236,2026-07-09 21:49:52.755402,71.44717880332357
AI0294,Spring 2026,Literature Review,False,0.4143987270341832,1768.3632160140075,8,23.410688037879364,2026-08-01 21:49:52.755814,85.69394971141222
AI0295,Summer 2026,Research Paper,True,0.47955565321648097,1471.8295836958832,10,11.054712772958949,2026-07-02 21:49:52.756144,79.97092916295354
AI0296,Fall 2026,Essay,True,0.6063418066956054,699.8903422685489,9,5.651808829443755,2026-08-19 21:49:52.756857,73.2309337274418
AI0297,Fall 2026,Research Paper,False,0.4839354287668008,1095.2364974373195,10,29.559887151470736,2026-06-27 21:49:52.757542,77.54438005394113
AI0298,Spring 2026,Lab Report,True,0.05549596289286421,1066.4205532927601,9,73.5543396622551,2026-04-10 21:49:52.758290,84.40312263855196
AI0299,Summer 2026,Case Study,False,0.4178249811998243,850.7392442577351,9,17.622441866244866,2026-06-28 21:49:52.758747,75.31699386883832
AI0300,Spring 2026,Essay,True,0.446191604738409,1877.2322342685272,8,58.07454382547571,2026-07-06 21:49:52.759110,83.37911075811655
AI0301,Fall 2026,Literature Review,False,0.6391634193487129,2284.6400239987524,1,42.14766084042384,2026-08-21 21:49:52.759412,59.09216245269708
AI0302,Fall 2026,Research Paper,False,0.5294303172643717,1122.9454029345407,3,20.07100512881727,2026-05-05 21:49:52.759671,57.27854664491812
AI0303,Spring 2026,Literature Review,False,0.4420238136282005,1858.5786633610492,8,34.30467692567773,2026-04-20 21:49:52.759918,79.11472600237903
AI0304,Spring 2026,Lab Report,True,0.26416845328272165,1153.984012116451,6,35.125676307319914,2026-07-08 21:49:52.760208,75.44977155963218
AI0305,Fall 2026,Research Paper,True,0.49767587833395216,1903.1740684960341,9,12.423401698389208,2026-07-19 21:49:52.760481,82.81404456215004
AI0306,Fall 2026,Literature Review,False,0.6758848382483632,1673.5863922039832,5,8.354986581939574,2026-04-15 21:49:52.760736,91.76444746812564
AI0307,Fall 2026,Research Paper,False,0.5446746635591538,1076.7934481289105,7,22.501966720486354,2026-07-18 21:49:52.761103,87.25624361644216
AI0308,Spring 2026,Essay,False,0.4292475972924615,1242.014763800858,10,32.489709710950585,2026-07-07 21:49:52.761389,77.96275673860666
AI0309,Spring 2026,Literature Review,False,0.4923383582620363,2061.8736945684227,8,21.703298859824123,2026-07-12 21:49:52.761653,53.8915688102647
AI0310,Fall 2025,Case Study,True,0.1285430666809206,2149.935214686982,6,54.51103121486026,2026-03-22 21:49:52.761928,80.97635123445863
AI0311,Fall 2026,Essay,False,0.5472147291878022,1426.7761550777877,5,37.63168273121769,2026-07-27 21:49:52.762197,61.23086991714545
AI0312,Fall 2025,Lab Report,False,0.16029368778184178,1615.0928601068333,7,61.28661758024418,2026-05-26 21:49:52.762447,78.47717069183633
AI0313,Spring 2026,Essay,False,0.42433499823215476,1434.411669490852,9,63.37781516252473,2026-04-26 21:49:52.762696,69.95145946410037
AI0314,Fall 2026,Essay,False,0.542507473092017,1326.3157547505418,6,13.388189365650266,2026-05-17 21:49:52.762949,72.9521719957902
AI0315,Summer 2026,Case Study,False,0.25906797169882245,1092.6406053671058,8,35.665775576179406,2026-07-26 21:49:52.763216,77.31680382040875
AI0316,Fall 2025,Essay,False,0.19478207096276196,1539.4083002811758,13,13.251398870126302,2026-05-22 21:49:52.763513,81.8165900988694
AI0317,Fall 2026,Case Study,False,0.444076701552494,1476.0522545501733,7,30.802181310528848,2026-07-02 21:49:52.763769,64.77893818045266
AI0318,Summer 2026,Literature Review,False,0.5655718584720885,1398.6645068156595,12,25.493702450425467,2026-04-06 21:49:52.765329,91.08738501506757
AI0319,Spring 2026,Essay,False,0.3630868653791062,2328.3293070806694,9,34.33392962949736,2026-05-12 21:49:52.765902,75.6833838572857
AI0320,Fall 2025,Literature Review,False,0.36375298686744706,1411.1393319473077,9,74.48129029084886,2026-05-04 21:49:52.766594,56.360863381154424
AI0321,Summer 2026,Case Study,False,0.2855364672527736,1801.2497533844735,5,54.963226009517605,2026-07-31 21:49:52.767497,58.428709989676065
AI0322,Fall 2025,Case Study,True,0.07583908237562965,1381.8113203473,2,48.1506960343321,2026-07-11 21:49:52.767853,73.25923830580038
AI0323,Summer 2026,Literature Review,True,0.5328941402137072,1059.385559071013,5,40.44649330432454,2026-05-03 21:49:52.768135,75.65419601695302
AI0324,Summer 2026,Literature Review,False,0.4656203456790756,1730.5218096831725,9,20.09665949261712,2026-08-02 21:49:52.768387,76.68255954598925
AI0325,Spring 2026,Research Paper,True,0.3970856894709981,2007.605882747288,11,5.7793025714434325,2026-07-01 21:49:52.768633,81.1892965546217
AI0326,Fall 2025,Research Paper,False,0.33392477187193026,1107.9885392539443,8,12.52569191583576,2026-04-17 21:49:52.768991,73.27047726618352
AI0327,Fall 2026,Literature Review,True,0.6206499039844282,1033.5139756778246,15,51.23227911363235,2026-04-27 21:49:52.769839,77.07798601680956
AI0328,Fall 2026,Research Paper,False,0.553639351860849,1455.8000623397327,10,39.17677138104468,2026-05-06 21:49:52.771196,80.52424481508127
AI0329,Spring 2026,Literature Review,True,0.40439931553865927,1078.3051933553663,8,21.996214550904078,2026-07-08 21:49:52.774937,75.74443905164833
AI0330,Fall 2026,Lab Report,False,0.29488818038731923,1495.1701675164984,6,50.14156163827107,2026-07-21 21:49:52.776248,71.18694326156898
AI0331,Summer 2026,Essay,False,0.5151442010859992,1660.6304694499336,7,49.08460535616559,2026-04-13 21:49:52.777046,77.24745081757088
AI0332,Summer 2026,Research Paper,False,0.5370834331542342,1563.3032994674945,8,33.80583193687514,2026-07-06 21:49:52.777799,93.31350312782828
AI0333,Summer 2026,Lab Report,False,0.2577282117051726,1131.7171133109919,8,22.036482905266453,2026-03-22 21:49:52.778271,85.01459031434432
AI0334,Fall 2025,Case Study,False,0.187830162777236,2015.0235391616986,8,50.532071542430046,2026-08-05 21:49:52.779263,76.73368091074248
AI0335,Summer 2026,Case Study,False,0.3354241865380707,1627.1844523567845,8,25.17321873192005,2026-08-03 21:49:52.780021,70.08483282915759
AI0336,Fall 2026,Essay,False,0.662353854263234,1147.1044756692208,10,15.448189518030453,2026-06-30 21:49:52.780433,91.5910396586254
AI0337,Summer 2026,Literature Review,True,0.5209726976898341,729.453870059611,7,49.692827239147206,2026-03-31 21:49:52.782409,72.72916804851229
AI0338,Summer 2026,Case Study,False,0.33878855359494425,1167.0223870540904,7,10.952832779157799,2026-08-09 21:49:52.783249,94.37844687896788
AI0339,Fall 2025,Case Study,False,0.054189176394370125,1392.8545843764957,2,26.731342058507774,2026-07-19 21:49:52.784119,55.528886268654645
AI0340,Spring 2026,Lab Report,False,0.2539986514761805,2228.85460495348,4,37.50323261560863,2026-07-14 21:49:52.784718,76.70422524350327
AI0341,Fall 2025,Essay,False,0.4547266441993746,2006.318071342835,3,9.075444391042604,2026-08-18 21:49:52.785484,75.2357861017555
AI0342,Summer 2026,Literature Review,True,0.5596744097299379,1358.8987887901972,7,36.80383695783563,2026-04-03 21:49:52.787951,75.8709442358452
AI0343,Spring 2026,Literature Review,False,0.535467325204447,1166.2485833153892,8,5.861042963303324,2026-04-22 21:49:52.788796,84.31212161041354
AI0344,Summer 2026,Lab Report,False,0.28300340951797165,1493.1787725255024,13,37.61351010455918,2026-05-24 21:49:52.789854,63.41333603731939
AI0345,Summer 2026,Literature Review,True,0.6026011831407482,1449.3478025236925,10,48.16788349743463,2026-04-06 21:49:52.791201,72.47469152484503
AI0346,Fall 2025,Case Study,False,0.06459089414632889,1623.3765840467559,10,16.007658842034175,2026-08-03 21:49:52.791732,60.839909818956315
AI0347,Summer 2026,Research Paper,False,0.40694462772691964,1730.3341453243863,11,31.0988669773063,2026-07-05 21:49:52.792431,63.64966887922482
AI0348,Fall 2025,Lab Report,False,0.05569532146026058,2313.4083730692496,6,22.52280705084926,2026-09-07 21:49:52.793283,57.827595330224874
AI0349,Summer 2026,Literature Review,True,0.4918906933329689,1329.3494972681078,6,45.82261184720242,2026-05-02 21:49:52.794261,65.88544387041472
AI0350,Fall 2026,Lab Report,False,0.4117568688394005,1843.4631310654966,3,17.916933308162243,2026-06-13 21:49:52.794717,83.12702570772593
AI0351,Summer 2026,Essay,True,0.5142811541060105,1437.3412020296685,13,58.092370813625216,2026-08-06 21:49:52.795449,75.79461702662039
AI0352,Fall 2026,Literature Review,False,0.5755652477340804,1178.2432103290253,7,62.8587837334018,2026-07-05 21:49:52.795903,86.02315925400065
AI0353,Fall 2026,Lab Report,False,0.32027045718024094,1906.192581043973,6,35.60284266217305,2026-07-23 21:49:52.796357,63.56296020539667
AI0354,Fall 2025,Literature Review,False,0.3814755446986837,1592.9125375518227,7,34.80555438691279,2026-04-10 21:49:52.796820,92.15178350250596
AI0355,Summer 2026,Essay,True,0.5142728252910598,1451.1642490561587,8,27.5132081725674,2026-05-16 21:49:52.798764,79.52666369117948
AI0356,Fall 2026,Essay,True,0.5932963743113374,1382.2712620101213,9,32.146462374181965,2026-04-08 21:49:52.799913,77.77191440394293
AI0357,Fall 2026,Essay,True,0.5528990980157287,2059.4450773425665,11,37.292021966931,2026-04-01 21:49:52.801201,76.29020245552529
AI0358,Fall 2026,Case Study,False,0.48883014073838227,1119.7649295313222,7,31.356806970737537,2026-03-25 21:49:52.801737,72.96311714373924
AI0359,Summer 2026,Case Study,False,0.41943949969225425,2125.9810957819127,9,17.003238729835324,2026-05-07 21:49:52.803280,70.87886512614061
AI0360,Fall 2026,Literature Review,False,0.6047440381551882,1163.9188845968183,10,39.55922098244727,2026-03-15 21:49:52.803842,69.87447827674083
AI0361,Fall 2026,Case Study,False,0.3622195567302619,1067.0053933828967,7,53.718634521855215,2026-07-24 21:49:52.804212,82.40956621055065
AI0362,Fall 2025,Lab Report,False,0.1261205919473033,1589.0827529059682,12,27.824550579638196,2026-06-14 21:49:52.804501,87.04396564181064
AI0363,Fall 2026,Essay,True,0.6342727765238682,1420.9244611955899,8,19.106815116269544,2026-08-10 21:49:52.804749,75.38602720769566
AI0364,Fall 2026,Research Paper,True,0.4687281847675744,1539.4246525288024,6,23.566944717757778,2026-03-18 21:49:52.810043,78.1847217976196
AI0365,Fall 2026,Case Study,True,0.41404607928143505,1114.0881486524302,6,33.53206815008672,2026-07-27 21:49:52.811314,78.92858800590693
AI0366,Fall 2025,Essay,False,0.28372601540467546,1488.0652564668612,6,37.072588721582335,2026-07-01 21:49:52.811632,76.45086748460338
AI0367,Fall 2026,Case Study,False,0.4433257395298125,1257.1013964490264,11,11.015270404568504,2026-07-07 21:49:52.811986,59.749618178508655
AI0368,Fall 2025,Research Paper,False,0.20623224199906626,968.4070011206564,8,38.713797072487836,2026-06-20 21:49:52.812342,85.9548359054991
AI0369,Fall 2026,Essay,True,0.535561307149794,1470.3176470616147,8,39.721082335634726,2026-08-10 21:49:52.812592,75.16959699086576
AI0370,Fall 2026,Literature Review,True,0.6886960531951924,1569.8205683135077,13,44.70026473158249,2026-03-31 21:49:52.812854,77.76290576913637
AI0371,Summer 2026,Essay,True,0.5048065949234731,1283.59688089989,7,4.378756146569804,2026-06-30 21:49:52.813305,89.72105842538966
AI0372,Fall 2026,Essay,False,0.6278610371965253,1674.9600633741243,3,23.86692971007987,2026-03-23 21:49:52.816727,82.53475644292828
AI0373,Spring 2026,Lab Report,False,0.22081862841968547,1153.7531598939454,11,26.4812285250868,2026-09-04 21:49:52.826540,77.58238266038958
AI0374,Fall 2026,Research Paper,True,0.5493270663833585,1571.8507390458087,6,28.101710473425122,2026-08-13 21:49:52.829922,77.62720453129333
AI0375,Fall 2025,Lab Report,False,0.10448728759966834,1306.5242086169892,7,36.282061577295835,2026-09-06 21:49:52.833125,100.0
AI0376,Summer 2026,Literature Review,True,0.5166674506775478,886.026404226413,10,24.260900149299534,2026-03-16 21:49:52.836116,73.87857365224264
AI0377,Fall 2026,Essay,False,0.6249641031920307,1535.098770627281,8,12.089917524411579,2026-06-11 21:49:52.837591,55.78633005296294
AI0378,Spring 2026,Essay,True,0.43331096817733905,1006.9630720536591,10,47.70215336765156,2026-06-05 21:49:52.838512,77.6631691823593
AI0379,Fall 2026,Case Study,False,0.40959909823476137,1649.6600810333705,8,30.10870367878339,2026-05-29 21:49:52.844358,80.1548934025548
AI0380,Spring 2026,Research Paper,True,0.38460772733162835,1567.8586930421984,7,8.184083235897047,2026-08-08 21:49:52.844863,76.84414942669761
AI0381,Fall 2026,Literature Review,True,0.6268303364755957,1801.3698389537044,10,36.79630895027125,2026-08-01 21:49:52.845565,71.96692957742913
AI0382,Spring 2026,Literature Review,True,0.3944421051219222,1252.2848578828934,6,17.26336450017009,2026-07-17 21:49:52.846131,78.19675164722688
AI0383,Fall 2026,Research Paper,False,0.6046094443456895,1734.0777913440947,6,24.886011789279113,2026-07-07 21:49:52.846602,80.5049250184352
AI0384,Spring 2026,Lab Report,False,0.18304972607826295,1891.7755376695702,7,57.22905121224991,2026-04-09 21:49:52.847070,70.25780130584494
AI0385,Summer 2026,Research Paper,False,0.4370547873067272,356.4698152427486,8,23.608468973235457,2026-08-02 21:49:52.849125,65.63356871494565
AI0386,Fall 2026,Lab Report,True,0.4234094710434346,1378.2714723922281,4,42.239312946644795,2026-04-09 21:49:52.849744,79.23050048599504
AI0387,Fall 2026,Case Study,False,0.47327332597332045,1539.1007774396448,8,24.730745544841078,2026-04-26 21:49:52.851340,73.66817433800384
AI0388,Spring 2026,Case Study,False,0.2949939916563586,1534.7834505052745,9,61.017182957605506,2026-04-04 21:49:52.851931,71.23412289648478
AI0389,Spring 2026,Literature Review,False,0.399911856152362,1371.767834692617,12,78.2757939980967,2026-06-24 21:49:52.852696,68.5256613401209
AI0390,Spring 2026,Literature Review,False,0.5028825097952127,1523.2709997898196,7,35.63223925222008,2026-04-20 21:49:52.853149,83.58623013777122
AI0391,Spring 2026,Case Study,False,0.2313119354335435,2127.100233680979,6,32.42652094833737,2026-07-29 21:49:52.853416,66.12622519202277
AI0392,Fall 2026,Lab Report,True,0.44521430103145926,2540.4647039932233,5,26.21975863461986,2026-06-02 21:49:52.853667,72.7221359354972
AI0393,Summer 2026,Lab Report,False,0.3145162022993847,970.0505089907379,10,34.445063905500426,2026-07-22 21:49:52.853972,71.36087308658516
AI0394,Spring 2026,Lab Report,True,0.21827258971202232,1578.2048600479543,11,15.15701944475341,2026-08-15 21:49:52.854802,81.68670944782525
AI0395,Fall 2026,Case Study,True,0.4478485709457803,1873.9414204237423,4,45.211736243269826,2026-07-23 21:49:52.855590,73.22242594040296
AI0396,Fall 2026,Case Study,False,0.4347400666737261,870.0769578673762,5,17.863594726177105,2026-06-28 21:49:52.856375,67.69857615281543
AI0397,Fall 2026,Lab Report,True,0.41458513230968835,2515.7612803364345,6,55.81578912875222,2026-05-15 21:49:52.857355,78.93014246425064
AI0398,Fall 2025,Case Study,False,0.14547185665326412,914.3479762587107,8,57.267446236728006,2026-08-17 21:49:52.858707,58.244283031444716
AI0399,Fall 2025,Research Paper,True,0.2733469987840379,1316.1394460498552,13,21.860169516477793,2026-05-18 21:49:52.859342,70.53092933402007
AI0400,Fall 2026,Literature Review,True,0.7232577218981929,1460.6309306425114,5,15.506953414238216,2026-06-20 21:49:52.859840,80.87294919473713
AI0401,Spring 2026,Essay,False,0.30146158384435745,1142.4429836791899,11,5.571515909912067,2026-05-25 21:49:52.860398,84.37791299264143
AI0402,Fall 2026,Literature Review,True,0.6710836627075724,1380.6428589079324,7,25.678535511159318,2026-06-20 21:49:52.860869,74.63603843954877
AI0403,Spring 2026,Essay,False,0.40166863517230655,1739.141853806089,8,28.7554109737652,2026-03-14 21:49:52.861265,82.54219715124293
AI0404,Summer 2026,Lab Report,False,0.3151698427515395,1226.432359250797,9,63.08866106112865,2026-04-10 21:49:52.861533,91.67024572652373
AI0405,Spring 2026,Case Study,False,0.23553806850179665,1741.8918034124033,5,66.95559218756406,2026-05-28 21:49:52.861930,79.48755821312733
AI0406,Summer 2026,Literature Review,False,0.4619554128747051,1626.3460247269213,10,22.54741223682133,2026-04-23 21:49:52.862418,84.54507099898908
AI0407,Summer 2026,Literature Review,True,0.5473287681418489,1745.0936210945033,13,12.151379247520875,2026-06-19 21:49:52.862861,74.64746047738501
AI0408,Spring 2026,Lab Report,False,0.15822771537936706,1204.4616960502092,8,18.86269828628048,2026-05-03 21:49:52.863560,84.80115352258987
AI0409,Fall 2026,Lab Report,False,0.3670648968416921,1485.973945314263,7,42.43704906077842,2026-07-27 21:49:52.865447,67.20886234548348
AI0410,Fall 2026,Case Study,False,0.45700541471029466,694.3012769434375,5,20.72132193275155,2026-04-15 21:49:52.865893,46.9259024385978
AI0411,Spring 2026,Case Study,False,0.24956987986252466,1450.59524245183,6,47.57172994520738,2026-08-29 21:49:52.866729,79.2593242654192
AI0412,Summer 2026,Essay,True,0.4017882824976947,1708.5516577988017,10,35.972172007467016,2026-04-04 21:49:52.867709,70.57382765078934
AI0413,Fall 2026,Literature Review,True,0.6573034078677148,1519.3690779105857,11,47.33838019927433,2026-03-24 21:49:52.868372,80.67701828318303
AI0414,Spring 2026,Literature Review,False,0.3791764390241616,1553.8343458706656,8,28.37812675802878,2026-08-29 21:49:52.869169,77.04169089971161
AI0415,Spring 2026,Research Paper,False,0.44354583291766014,1675.2021768413347,7,41.46744236794409,2026-03-12 21:49:52.869712,75.8841096850327
AI0416,Spring 2026,Case Study,False,0.2495409957064179,1975.5644541039608,8,22.03694559994306,2026-07-22 21:49:52.870209,74.93627734333432
AI0417,Spring 2026,Lab Report,False,0.18444046364323946,2454.692306057024,3,31.213597077250927,2026-05-22 21:49:52.870701,68.55934659577366
AI0418,Fall 2026,Case Study,False,0.4344745312161087,939.0412062662551,10,18.03950378246401,2026-06-22 21:49:52.871244,88.83718206992312
AI0419,Spring 2026,Literature Review,False,0.488162347774909,1524.2127978613287,8,34.27498206914669,2026-08-23 21:49:52.871733,61.866871035492565
AI0420,Spring 2026,Lab Report,False,0.22193783335226808,1471.8664493333833,7,53.13445481371162,2026-07-12 21:49:52.872236,87.19468043236316
AI0421,Fall 2026,Case Study,True,0.4364040648040944,1873.614434061331,5,13.938333216423294,2026-05-12 21:49:52.872697,71.06807681520525
AI0422,Spring 2026,Research Paper,True,0.425375092694052,1404.6057797720516,9,46.30059079327496,2026-06-09 21:49:52.873193,75.18639340306486
AI0423,Summer 2026,Case Study,False,0.29147670980895257,1153.081819407013,8,33.55438833260623,2026-08-05 21:49:52.873657,87.18825499344865
AI0424,Summer 2026,Literature Review,False,0.5765255698490328,1507.0765685738288,6,46.20162949984309,2026-08-21 21:49:52.874662,70.67499180667089
AI0425,Fall 2026,Research Paper,True,0.5422891275524254,1718.30657629037,9,40.3761968861334,2026-08-07 21:49:52.875474,82.91403575449914
AI0426,Fall 2026,Case Study,False,0.5034987621321532,1531.8990076299583,4,35.2995067187848,2026-03-23 21:49:52.876284,83.67738423275225
AI0427,Summer 2026,Literature Review,True,0.6114615151226779,1327.6681068639432,4,52.69310333000469,2026-07-05 21:49:52.877971,78.22991708183284
AI0428,Summer 2026,Case Study,False,0.34451993588746266,2403.7995340886728,8,13.549389259295344,2026-04-17 21:49:52.878777,86.63359090164676
AI0429,Fall 2026,Lab Report,False,0.35615257792455945,1722.145973694198,8,29.969341916963003,2026-04-19 21:49:52.879139,81.66462298311492
AI0430,Spring 2026,Case Study,False,0.23200009521145112,1325.0923506364843,12,42.64983716390443,2026-07-18 21:49:52.879397,68.52345393429019
AI0431,Spring 2026,Literature Review,False,0.4468545620870062,1024.0344335756113,4,21.07505107119708,2026-06-24 21:49:52.879641,68.59490854481372
AI0432,Fall 2026,Case Study,True,0.49076082003983185,1463.6611893999398,10,7.235906331530964,2026-05-06 21:49:52.879920,77.32558301993649
AI0433,Summer 2026,Case Study,True,0.3432549683162894,2018.822618280604,6,27.859300444058043,2026-07-30 21:49:52.880202,71.73490278674707
AI0434,Summer 2026,Literature Review,False,0.5735227701168107,1875.3351490630166,7,24.331074800264908,2026-08-22 21:49:52.881977,61.05682927868328
AI0435,Fall 2026,Essay,False,0.5232233512042008,2041.7497241320375,11,65.18874697623464,2026-07-17 21:49:52.882658,91.45172691306306
AI0436,Fall 2026,Literature Review,True,0.6418587250353621,1086.2295781440243,12,13.624173012074733,2026-06-12 21:49:52.883194,74.66629251691796
AI0437,Fall 2026,Lab Report,True,0.34442383523146813,1680.0966968665095,8,11.447910974674178,2026-05-24 21:49:52.883747,78.37643660996325
AI0438,Fall 2026,Essay,False,0.6079617049329971,1346.2374368686167,8,22.168569170390587,2026-05-05 21:49:52.884706,93.15100521235398
AI0439,Summer 2026,Literature Review,False,0.4789458150609495,1347.7467804859593,5,16.775037962666897,2026-06-03 21:49:52.885495,77.58386326512647
AI0440,Fall 2026,Case Study,True,0.3808167785871708,1784.2989262296123,11,9.495712040921472,2026-03-14 21:49:52.886421,71.97307808542249
AI0441,Spring 2026,Case Study,False,0.26376675010341266,1334.5533897869047,7,82.01360578668526,2026-06-13 21:49:52.886793,75.30686892487215
AI0442,Spring 2026,Research Paper,False,0.2475246465193091,2412.056942644418,10,42.60962869217342,2026-05-29 21:49:52.887053,76.13000271094393
AI0443,Summer 2026,Literature Review,False,0.4764261072707438,1663.574522119833,10,11.543392188440686,2026-06-26 21:49:52.887328,79.08310811892584
AI0444,Spring 2026,Lab Report,True,0.22107709046644408,1552.2837250353932,11,35.07852008978684,2026-03-19 21:49:52.887591,75.16680960111047
AI0445,Summer 2026,Research Paper,False,0.424333015779473,1098.7219012517603,12,35.66009817723734,2026-06-26 21:49:52.887878,81.05803274025982
AI0446,Summer 2026,Case Study,False,0.31452271641090074,1904.8935921086043,5,57.12190738729943,2026-04-26 21:49:52.888146,74.92176989370661
AI0447,Spring 2026,Case Study,False,0.23855544204011664,1098.9957639443219,6,21.35083297910098,2026-08-10 21:49:52.889338,62.385914972519785
AI0448,Fall 2025,Case Study,False,0.1505260525899745,1737.4452672467437,7,57.92751054300004,2026-06-25 21:49:52.890178,92.223076237514
AI0449,Summer 2026,Case Study,True,0.3905821778431947,1457.6048702735336,11,41.0872239258952,2026-06-08 21:49:52.891250,80.52289865182253
AI0450,Fall 2026,Lab Report,True,0.49817019984777305,1662.9434558501043,6,31.53409826955605,2026-04-07 21:49:52.892457,69.82654150138683
AI0451,Fall 2026,Literature Review,True,0.6583448905990446,1728.9114104848898,13,4.2560697617123395,2026-07-09 21:49:52.892789,80.19939071661304
AI0452,Fall 2026,Literature Review,True,0.7530795812351769,1130.0473018283355,9,25.966848929898646,2026-04-15 21:49:52.893068,83.31857998619341
AI0453,Fall 2026,Literature Review,False,0.5927269784565237,1269.9725177258729,7,33.25107586604582,2026-08-10 21:49:52.893337,59.279619821741846
AI0454,Fall 2026,Case Study,False,0.4859216597067236,1813.2833385676804,9,14.485342889336355,2026-06-13 21:49:52.893608,78.55536096132636
AI0455,Summer 2026,Literature Review,True,0.5924308259389636,1056.3481174290573,3,36.94262086581679,2026-07-08 21:49:52.893855,68.42504181965009
AI0456,Fall 2026,Case Study,False,0.45822447061806515,1117.5519270786826,2,28.72283393545645,2026-08-04 21:49:52.894112,59.31941716369657
AI0457,Spring 2026,Research Paper,False,0.36124012309893466,1495.2566477488297,10,67.50900055741717,2026-05-22 21:49:52.894384,85.80513058035946
AI0458,Summer 2026,Literature Review,True,0.631795643377274,1530.940211040149,7,35.26279532814243,2026-04-03 21:49:52.894625,75.2842256320652
AI0459,Spring 2026,Lab Report,False,0.2581813302115505,1086.746209060097,11,42.427750577590864,2026-05-10 21:49:52.894884,74.59661413792573
AI0460,Fall 2025,Lab Report,False,0.09703732894858946,809.8714361719428,7,32.702615178642716,2026-05-11 21:49:52.895220,78.74288925060854
AI0461,Fall 2025,Research Paper,False,0.17444580579431546,1386.805915824917,6,57.823089912539686,2026-07-24 21:49:52.895476,67.53790974047918
AI0462,Spring 2026,Research Paper,False,0.3702488879448677,1446.9604909176437,8,21.241497051913605,2026-04-26 21:49:52.895721,75.50638981677656
AI0463,Fall 2025,Case Study,False,0.20884038669542637,1509.5952085464883,8,10.945143738376395,2026-07-02 21:49:52.896020,67.13595596888119
AI0464,Fall 2026,Literature Review,False,0.5554413581847887,1217.9081164274444,5,62.480455547561164,2026-05-25 21:49:52.896341,79.64745553168169
AI0465,Fall 2025,Research Paper,True,0.24151733788804408,820.3191502257927,8,9.963694511333431,2026-09-04 21:49:52.896594,74.35446324109604
AI0466,Fall 2026,Lab Report,False,0.4057546397619389,2136.7422398433123,3,35.5531738032283,2026-03-23 21:49:52.896842,90.25989697129924
AI0467,Fall 2026,Research Paper,True,0.6117473187431158,1118.5751691634362,5,18.293630174536883,2026-06-12 21:49:52.899638,84.80479877828252
AI0468,Summer 2026,Essay,True,0.4857730711541046,1332.5191631187683,4,60.764293629588536,2026-08-19 21:49:52.901113,77.7956026151186
AI0469,Fall 2026,Research Paper,True,0.5267150998639377,1804.4945014832135,7,15.65956655492946,2026-06-13 21:49:52.902800,82.30540348646113
AI0470,Fall 2025,Literature Review,False,0.409532152012212,1497.9770014693374,10,63.41184089985576,2026-05-24 21:49:52.903588,72.87785315286816
AI0471,Spring 2026,Essay,False,0.44374648246813386,1129.024736181526,9,73.39348155546894,2026-07-11 21:49:52.904155,83.66076114825536
AI0472,Spring 2026,Essay,False,0.4126364679036515,1886.3835101953807,14,55.22652634194354,2026-07-02 21:49:52.904647,63.67810130056563
AI0473,Fall 2026,Lab Report,True,0.368284093209802,977.1795618448031,9,29.713470116814904,2026-04-12 21:49:52.905155,80.09505011155865
AI0474,Summer 2026,Research Paper,False,0.4517916152545995,1972.7335017836294,11,40.11249188420329,2026-03-31 21:49:52.905608,66.63884496540976
AI0475,Fall 2026,Case Study,True,0.46470978043892636,878.5461780011924,7,47.73473823880913,2026-03-14 21:49:52.906244,80.69353120678088
AI0476,Fall 2026,Lab Report,True,0.42952190187109063,2232.9968113981204,9,46.91489717140806,2026-08-18 21:49:52.911996,84.83265508009697
AI0477,Fall 2026,Lab Report,True,0.4153212676557917,1130.6721873010895,14,26.032558478564216,2026-05-29 21:49:52.912635,78.50689731842925
AI0478,Fall 2025,Research Paper,True,0.222378320705271,1392.8724605724249,3,26.265332285750304,2026-07-20 21:49:52.913471,75.1682563237648
AI0479,Fall 2026,Literature Review,True,0.6804074436301282,2244.4122551221417,11,42.46516351332092,2026-08-06 21:49:52.918044,65.69023838123306
AI0480,Spring 2026,Lab Report,True,0.16170515895005533,1432.1533956176834,10,25.292424440517326,2026-07-01 21:49:52.919801,73.58466491713989
AI0481,Fall 2026,Lab Report,True,0.39679999864808063,1110.8279461747775,3,10.723278476917365,2026-03-21 21:49:52.920161,65.63754848118266
AI0482,Fall 2025,Case Study,False,0.1446302518522887,1420.2913168792793,4,28.661490273615197,2026-04-19 21:49:52.920424,60.835878727612666
AI0483,Fall 2026,Essay,True,0.5914711393039523,1231.306119837617,10,19.462993136262263,2026-06-05 21:49:52.920675,81.18928914886264
AI0484,Fall 2026,Essay,True,0.5411021305336332,1171.4208003821655,6,11.020320868394592,2026-06-26 21:49:52.920931,75.08400864109164
AI0485,Fall 2026,Case Study,False,0.4870800108972919,1557.3041409292111,9,36.95482333046966,2026-08-01 21:49:52.921228,63.86387126422277
AI0486,Summer 2026,Literature Review,True,0.5118955976722794,1339.5259790849484,15,7.62019113118811,2026-06-18 21:49:52.921573,83.20210159147132
AI0487,Summer 2026,Research Paper,False,0.43759309164967397,2181.591035767205,6,24.69152827012995,2026-05-17 21:49:52.926193,63.86675661183843
AI0488,Spring 2026,Research Paper,False,0.37641389125994307,1126.073587868108,3,17.629089077759833,2026-08-18 21:49:52.927436,92.93482586835361
AI0489,Fall 2026,Essay,True,0.4705850622730347,1624.1423960575394,9,48.786089518587396,2026-05-30 21:49:52.927982,76.05111612178447
AI0490,Summer 2026,Essay,False,0.5423629117395641,1256.0169784023346,9,11.992375188469822,2026-08-06 21:49:52.928476,69.34903176938234
AI0491,Summer 2026,Essay,False,0.4620328216371344,1510.3846148177968,4,4.420968903222089,2026-03-17 21:49:52.928938,46.619371615604564
AI0492,Summer 2026,Literature Review,True,0.5205559496649347,1652.9532512997632,8,52.363332985648455,2026-04-27 21:49:52.929636,76.84301871560652
AI0493,Fall 2025,Literature Review,True,0.317060380835374,1174.9876507070717,10,28.956868382891177,2026-09-06 21:49:52.930291,73.56642424950579
AI0494,Fall 2025,Lab Report,False,0.17394797277701946,1338.2270238659462,10,12.041894889369084,2026-06-24 21:49:52.932816,75.61634792816743
AI0495,Summer 2026,Case Study,False,0.4045052660628425,1743.2870832957356,9,18.558193491019214,2026-05-23 21:49:52.933898,74.9807660956776
AI0496,Fall 2026,Essay,False,0.534219184781833,1597.8786449345102,12,39.078629436812875,2026-06-25 21:49:52.934463,93.24580008543884
AI0497,Fall 2026,Case Study,True,0.44524142824864854,1445.8738635779291,8,22.301141638567778,2026-05-12 21:49:52.935501,88.41536216005063
AI0498,Fall 2026,Case Study,False,0.4724988653380737,1316.0384328550915,7,67.85059816921994,2026-05-17 21:49:52.936079,84.98325966442812
AI0499,Spring 2026,Literature Review,False,0.5418533208812346,1642.144914213561,9,34.10272667599916,2026-06-12 21:49:52.936580,71.89915626601993
AI0500,Fall 2026,Literature Review,True,0.6641302148316872,1835.904562386677,9,47.433143184730206,2026-06-29 21:49:52.937135,74.16919804207235
AI0501,Fall 2026,Literature Review,True,0.5726985192882794,1282.2167601264425,8,61.5062283017273,2026-04-17 21:49:52.937625,76.2718770767655
AI0502,Fall 2026,Literature Review,True,0.5835556570199648,1494.0776201288988,9,27.70212085299149,2026-03-30 21:49:52.938133,78.24777012719997
AI0503,Spring 2026,Case Study,False,0.2417813955300417,1687.3355311340508,8,48.444429331496735,2026-07-19 21:49:52.938640,84.50116362809267
AI0504,Spring 2026,Case Study,False,0.20934969896708785,1155.2160717149482,5,65.86866779195871,2026-04-29 21:49:52.939143,62.49287132436902
AI0505,Summer 2026,Literature Review,True,0.5179750353082484,1655.8409486749526,6,14.953005907565938,2026-05-23 21:49:52.939627,78.96472568129313
AI0506,Spring 2026,Lab Report,False,0.19892349188575997,1162.7467671123677,10,34.7268029279938,2026-08-26 21:49:52.940127,64.23440880733679
AI0507,Summer 2026,Research Paper,True,0.39369597271124335,1263.3780250893515,5,21.80403119840041,2026-07-28 21:49:52.940570,77.2108128983012
AI0508,Summer 2026,Lab Report,True,0.28095762842432603,1599.268521118849,9,28.576745570900663,2026-04-23 21:49:52.941084,80.84921504840995
AI0509,Fall 2025,Lab Report,False,0.06748617682828809,1744.746186489239,12,28.469019196808144,2026-05-21 21:49:52.941998,56.249402023107436
AI0510,Fall 2026,Literature Review,True,0.6581924809251122,1622.7422182232879,9,6.991815607310537,2026-06-30 21:49:52.942688,82.33912936565739
AI0511,Summer 2026,Essay,False,0.4121483874963881,1682.2371850404795,3,18.50109060360761,2026-05-11 21:49:52.943325,89.90965847007881
AI0512,Summer 2026,Essay,False,0.48236526299395266,1709.3846108843534,10,61.185771326548036,2026-05-13 21:49:52.944513,73.80342002062388
AI0513,Spring 2026,Lab Report,False,0.17875439348753855,1659.6409383335945,6,17.55468698043912,2026-03-17 21:49:52.945696,66.64972017239613
AI0514,Spring 2026,Research Paper,False,0.3700313161200478,2212.571900724711,8,24.52929408947728,2026-06-18 21:49:52.946337,80.17270531581947
AI0515,Fall 2026,Literature Review,False,0.6029181938007634,1576.1697270191369,9,41.01253864138961,2026-06-23 21:49:52.946607,93.52663972870603
AI0516,Spring 2026,Essay,False,0.3944815764068739,1727.677982324394,8,5.79298371906997,2026-06-23 21:49:52.946874,72.42900280056217
AI0517,Fall 2026,Literature Review,False,0.631345456950891,2290.618652436952,6,64.13488504774838,2026-08-14 21:49:52.948626,81.93399019586163
AI0518,Spring 2026,Essay,True,0.37690372339410283,1594.4069161553343,13,19.153214578202707,2026-05-07 21:49:52.949169,68.52996477968821
AI0519,Spring 2026,Case Study,False,0.22422332559968194,1399.95736820692,7,26.51819280709849,2026-08-16 21:49:52.949935,68.19003184097029
AI0520,Spring 2026,Lab Report,False,0.24871585512594552,1123.5092568065213,4,45.455564348475036,2026-08-07 21:49:52.950817,82.80677469560281
AI0521,Fall 2025,Essay,True,0.3161598292209622,2471.0082502107475,9,33.378875078644334,2026-04-19 21:49:52.951459,73.28641963292597
AI0522,Spring 2026,Case Study,True,0.25385151424858643,1766.477467739155,9,35.279320017393516,2026-07-09 21:49:52.952784,72.80178287666145
AI0523,Fall 2026,Case Study,False,0.4178317668258532,1415.960687268915,4,18.50658695116534,2026-09-05 21:49:52.953566,70.32449826066015
AI0524,Spring 2026,Essay,False,0.41399202198567436,1841.2545308875685,9,13.896947486064374,2026-06-21 21:49:52.954094,70.25823065919806
AI0525,Summer 2026,Lab Report,False,0.31076273833524165,1325.6963709939732,14,18.930308416652615,2026-09-03 21:49:52.954557,74.50101392505636
AI0526,Spring 2026,Lab Report,False,0.28787794733708005,1838.4344820292843,9,31.250599291231406,2026-04-01 21:49:52.955020,71.55461003351648
AI0527,Spring 2026,Essay,True,0.42489305772832053,1662.2300857320754,8,22.31480789803779,2026-06-22 21:49:52.955471,79.08523487832491
AI0528,Fall 2026,Literature Review,True,0.7570468430649084,1218.7710800580476,8,26.32314790288387,2026-06-29 21:49:52.956533,80.17066503406073
AI0529,Fall 2026,Case Study,True,0.47057114376637615,1763.8996139039598,11,64.06459540636935,2026-04-30 21:49:52.957259,73.53925626249534
AI0530,Summer 2026,Case Study,False,0.40058830031332887,2115.1497361364386,9,20.412665806767578,2026-08-17 21:49:52.958110,71.80348978878071
AI0531,Fall 2026,Case Study,True,0.40747168924652555,1856.7559060312824,13,60.67436410899661,2026-04-01 21:49:52.959736,68.99672756421657
AI0532,Summer 2026,Literature Review,True,0.5464225952295542,1581.7710786363996,7,16.166342539645147,2026-07-18 21:49:52.960473,81.5117715386028
AI0533,Fall 2025,Literature Review,False,0.36352892054418473,1863.6994351108428,11,15.869682565133028,2026-07-03 21:49:52.961131,72.68350306443243
AI0534,Fall 2026,Research Paper,True,0.5280467095647421,1200.4487210149366,9,52.56694605450881,2026-06-23 21:49:52.961654,73.56504311780922
AI0535,Spring 2026,Lab Report,False,0.21715093793571355,1239.9942298088763,9,19.393342636067096,2026-05-02 21:49:52.962011,63.85913706675912
AI0536,Spring 2026,Essay,True,0.40931965640212903,2126.9446384844223,5,37.95636601029796,2026-05-17 21:49:52.962687,81.98477454995697
AI0537,Fall 2025,Case Study,False,0.08157098643252932,1532.4951054988342,13,19.479030885472245,2026-04-03 21:49:52.963193,79.28159862457206
AI0538,Spring 2026,Research Paper,False,0.4067337808600213,1235.4291349404007,10,15.919243109147013,2026-07-26 21:49:52.963653,82.00288098680326
AI0539,Fall 2026,Lab Report,False,0.4106095577267937,1605.4289150289185,14,46.39063532599545,2026-06-12 21:49:52.965608,61.183215220942465
AI0540,Spring 2026,Case Study,False,0.15509156837231916,2229.4081280081764,7,23.49190654663988,2026-03-13 21:49:52.966384,61.82526100422798
AI0541,Summer 2026,Lab Report,True,0.34599269542499667,1113.2168159132907,4,59.14125532146346,2026-08-31 21:49:52.966900,68.68494219355755
AI0542,Fall 2026,Literature Review,True,0.6397654136850951,1161.0707210196842,7,13.44168254605242,2026-05-22 21:49:52.967450,81.38916490304882
AI0543,Summer 2026,Case Study,False,0.2961460417910243,1044.1488116874682,6,6.371554169243049,2026-08-30 21:49:52.967940,66.98876690865683
AI0544,Fall 2026,Literature Review,True,0.7660715938689889,941.312016140403,9,20.969917862792183,2026-07-04 21:49:52.968440,78.52824229627245
AI0545,Spring 2026,Essay,False,0.42068759649424314,1287.8108869659502,6,44.0917053727994,2026-07-01 21:49:52.968985,70.91879583007831
AI0546,Fall 2026,Lab Report,True,0.38439721195493265,2715.5954578433652,12,38.619078349940224,2026-07-09 21:49:52.969478,74.29161501690591
AI0547,Fall 2025,Case Study,True,0.16471143667125393,2163.01893219162,6,23.362808422847202,2026-07-07 21:49:52.969940,83.23101043107239
AI0548,Fall 2025,Research Paper,True,0.24733757495894715,1083.6802177597062,8,44.401555897228114,2026-06-26 21:49:52.970411,75.24009388640437
AI0549,Fall 2026,Literature Review,True,0.6444704385142203,1315.1020071054618,7,42.78831252715666,2026-05-23 21:49:52.970874,79.33659519013673
AI0550,Spring 2026,Lab Report,False,0.10732802328979817,2089.0237752200374,8,10.267783845472396,2026-03-18 21:49:52.971936,81.72233805932372
AI0551,Fall 2026,Lab Report,False,0.35600715739647193,1399.9118896663301,9,11.188430744655188,2026-05-09 21:49:52.972728,78.44949385295277
AI0552,Summer 2026,Case Study,False,0.3497665102754382,1695.512734900409,7,56.04995316831499,2026-03-16 21:49:52.973782,64.73308980628666
AI0553,Spring 2026,Essay,True,0.45246966679093953,1586.3883430324925,4,12.773865485072761,2026-06-24 21:49:52.974179,77.89796248532345
AI0554,Spring 2026,Research Paper,False,0.3468033676757167,1103.8226051448514,3,21.635941024972727,2026-04-02 21:49:52.974451,77.06981355090036
AI0555,Summer 2026,Research Paper,False,0.40614681765416194,1717.4051741597625,11,39.76419326111759,2026-06-15 21:49:52.974725,75.00385349834751
AI0556,Fall 2026,Literature Review,False,0.6324815914706383,1887.0765900470378,9,7.420695066594438,2026-06-06 21:49:52.974976,80.20705554612182
AI0557,Summer 2026,Research Paper,True,0.5221340551732723,639.8848814433844,7,31.17289514224007,2026-03-17 21:49:52.975231,87.11715744106367
AI0558,Fall 2026,Literature Review,True,0.613668551604251,1200.0684188258415,7,47.914142487950706,2026-03-12 21:49:52.975480,81.45980496662844
AI0559,Summer 2026,Lab Report,False,0.3950965682006006,1875.6505153010417,8,8.355133788771383,2026-05-07 21:49:52.975727,56.0604880033498
AI0560,Fall 2026,Literature Review,False,0.5959721188808719,1659.4242788291363,9,41.1389635064856,2026-04-30 21:49:52.975975,57.817376434470646
AI0561,Fall 2026,Case Study,False,0.5392737033284547,1632.5631157520495,6,24.879826455031154,2026-06-02 21:49:52.976220,58.59566305176675
AI0562,Fall 2026,Case Study,False,0.39431129977932766,1592.7595919753435,3,37.478798182316226,2026-03-27 21:49:52.976461,70.92435756979997
AI0563,Fall 2025,Literature Review,False,0.3155633733574706,1293.0656370422798,9,38.50512177581296,2026-06-09 21:49:52.976702,85.80883711743357
AI0564,Summer 2026,Case Study,False,0.34017897294029653,1410.8432073821987,3,18.551727172453823,2026-04-27 21:49:52.976980,71.36929655813117
AI0565,Summer 2026,Research Paper,True,0.3488535055020624,925.2200010270707,11,21.01192059187582,2026-05-22 21:49:52.977509,80.35391240880446
AI0566,Fall 2026,Literature Review,True,0.5768140354289647,1498.7985098590916,12,55.142548908070054,2026-04-06 21:49:52.977800,74.5072544021789
AI0567,Spring 2026,Lab Report,False,0.18143175840453812,1529.0464604039712,6,11.009074862331387,2026-04-24 21:49:52.978069,98.34305026532127
AI0568,Fall 2026,Research Paper,True,0.50919722534341,1414.145297590483,4,29.163957222136112,2026-09-03 21:49:52.978314,69.79405665462778
AI0569,Fall 2026,Case Study,True,0.4404303282172854,1369.9368113765888,4,22.27265759231514,2026-04-14 21:49:52.978588,86.97709741268692
AI0570,Fall 2025,Literature Review,False,0.33173750801866403,1725.2711299162293,14,11.036913023767681,2026-07-25 21:49:52.978882,67.80957043913895
AI0571,Fall 2026,Literature Review,True,0.7003442448222659,1782.63057580881,9,20.014007547622754,2026-05-14 21:49:52.979170,81.60084985726034
AI0572,Fall 2026,Literature Review,True,0.6309528525011925,1510.8587324416483,11,21.20045898260246,2026-04-27 21:49:52.979424,78.89638822927725
AI0573,Fall 2026,Research Paper,True,0.45991431984423475,1534.8090455444174,8,15.426402641815585,2026-07-22 21:49:52.979672,71.27250901651435
AI0574,Spring 2026,Case Study,False,0.207161450993923,1443.6524486666174,7,18.231227237198823,2026-03-21 21:49:52.980096,78.29709325104801
AI0575,Fall 2026,Literature Review,True,0.6785630809740137,771.2262276785902,9,81.56422178541352,2026-07-07 21:49:52.980895,78.08792038336574
AI0576,Spring 2026,Lab Report,False,0.19670981904353396,1610.0875669547127,7,57.34470969053835,2026-09-01 21:49:52.981743,64.67041080707689
AI0577,Fall 2026,Lab Report,False,0.38947062675503535,1194.859969173579,6,50.89825647292945,2026-04-23 21:49:52.982234,77.45521479755645
AI0578,Fall 2025,Research Paper,False,0.22809336601624705,1867.3391749359353,11,46.58536241287421,2026-04-28 21:49:52.982490,53.71568196474276
AI0579,Fall 2025,Literature Review,False,0.31764827831986736,1294.7429830779856,6,45.264625293464995,2026-07-22 21:49:52.982737,73.72919644258084
AI0580,Summer 2026,Literature Review,False,0.4603470985851177,1310.0564067261923,7,39.95125744600128,2026-06-03 21:49:52.983000,76.64148829816061
AI0581,Summer 2026,Research Paper,False,0.40406356036823154,1323.2193375412623,6,21.242659628863144,2026-04-26 21:49:52.983245,94.99502993032537
AI0582,Fall 2026,Essay,True,0.5904512079559687,499.8546429328709,9,9.196210537528783,2026-05-07 21:49:52.983486,75.68810719386548
AI0583,Fall 2025,Literature Review,True,0.3187975198118104,1187.3693469023751,9,46.70976299363744,2026-05-13 21:49:52.983733,89.383875492979
AI0584,Fall 2025,Literature Review,True,0.36648035375011395,1717.5627262504252,8,62.465993324961076,2026-04-07 21:49:52.983988,76.27970776699259
AI0585,Fall 2026,Literature Review,False,0.6971071695737643,1481.4846832492715,8,33.7637563448398,2026-05-20 21:49:52.984265,87.63468557358131
AI0586,Spring 2026,Essay,False,0.3765548245334466,1642.5088350902863,8,24.105221570137644,2026-08-31 21:49:52.984507,48.82013305150825
AI0587,Fall 2026,Research Paper,True,0.5099037377566766,744.8588147189412,10,23.220087072043906,2026-05-12 21:49:52.984750,77.35541516956103
AI0588,Fall 2026,Essay,True,0.6837853290356176,1566.317678096777,10,69.86938770890815,2026-08-08 21:49:52.985002,76.0011585079759
AI0589,Summer 2026,Literature Review,False,0.5659386063817384,1096.3067280635655,12,8.989312002889374,2026-09-02 21:49:52.985252,81.47411823593156
AI0590,Summer 2026,Lab Report,True,0.31874212943881797,1276.7475041188684,7,36.30234186424502,2026-04-13 21:49:52.985495,73.96477535360147
AI0591,Fall 2025,Lab Report,False,0.14347514479783618,2464.056205017248,9,17.567356630520674,2026-04-01 21:49:52.985769,75.03100119417356
AI0592,Fall 2025,Lab Report,False,0.1060694791863172,1145.5083034325548,4,9.906536461081846,2026-07-29 21:49:52.986072,88.79227074554233
AI0593,Fall 2026,Lab Report,False,0.3257122985372493,1826.8915720677987,5,67.53533597670078,2026-08-21 21:49:52.986335,84.25469813900119
AI0594,Fall 2026,Literature Review,False,0.6135790374917389,1603.9061617609655,13,34.74275129717813,2026-03-26 21:49:52.986604,62.61183115348775
AI0595,Fall 2026,Research Paper,True,0.5886724708774862,1079.3130346412643,8,34.96378326811352,2026-07-17 21:49:52.986849,75.72598022453573
AI0596,Summer 2026,Lab Report,True,0.35732720152713254,2411.6056691276717,5,37.4164395738719,2026-03-14 21:49:52.987103,79.42851485913408
AI0597,Summer 2026,Research Paper,True,0.531992889772926,2064.8029401011518,16,55.24380737366079,2026-03-25 21:49:52.987352,72.0237307896344
AI0598,Summer 2026,Literature Review,False,0.5079793566000876,1318.1899906123006,4,11.280771417717437,2026-03-20 21:49:52.987601,79.89881910636478
AI0599,Summer 2026,Literature Review,True,0.57607853053067,1281.1098519085356,11,6.2374058083590835,2026-04-19 21:49:52.987844,74.18958030871448
AI0600,Summer 2026,Case Study,False,0.3834960173399402,1879.7517235333446,10,51.03420086879863,2026-08-18 21:49:52.988098,58.345514857416944
AI0601,Fall 2026,Lab Report,False,0.3411587120216629,1945.314717811136,5,15.134871438109549,2026-08-12 21:49:52.988341,63.241256947051234
AI0602,Spring 2026,Research Paper,True,0.42941922022529394,1797.456872423173,8,33.07428410772128,2026-08-08 21:49:52.988583,79.17593240292699
AI0603,Fall 2026,Lab Report,True,0.4390761763250423,1674.5317218068635,13,30.112751579686886,2026-07-25 21:49:52.988830,76.82326278021448
AI0604,Fall 2026,Essay,True,0.6029134113462317,1834.4537039349696,6,61.62864085129971,2026-06-08 21:49:52.989105,79.61672125564418
AI0605,Spring 2026,Literature Review,False,0.44198539689734456,1564.923751121571,9,30.39103729440772,2026-06-22 21:49:52.989355,78.00310120675883
AI0606,Summer 2026,Lab Report,False,0.26966923615130795,1513.2601075697128,5,22.46748903800548,2026-08-20 21:49:52.989596,69.71825101124529
AI0607,Spring 2026,Lab Report,False,0.23574800231408602,1763.4661518412206,7,41.63805164739268,2026-08-03 21:49:52.989838,75.20372656568664
AI0608,Summer 2026,Essay,False,0.4373482907740609,848.2902062149207,12,44.588179570688666,2026-08-06 21:49:52.990086,75.97698913263095
AI0609,Spring 2026,Literature Review,False,0.3591444801155826,2363.0073833048214,14,42.672975171923476,2026-07-12 21:49:52.990331,74.75458153782598
AI0610,Fall 2026,Case Study,True,0.5126970100460544,1603.1145062467695,10,39.61735487755192,2026-07-14 21:49:52.990570,83.47931154304868
AI0611,Fall 2026,Literature Review,True,0.7125460451942666,2522.9681957008156,7,59.70776911718212,2026-08-19 21:49:52.990816,74.11304158986509
AI0612,Spring 2026,Essay,True,0.3881669921655455,1663.2277975468253,4,33.51298287251346,2026-03-15 21:49:52.991066,89.79350295118617
AI0613,Spring 2026,Lab Report,False,0.21556331294689385,1206.3593092295152,5,12.796000111649434,2026-05-19 21:49:52.991336,83.687477887602
AI0614,Spring 2026,Research Paper,True,0.42721066744271297,1516.0679493537946,10,30.5503682774367,2026-07-24 21:49:52.991587,76.55263518755933
AI0615,Fall 2026,Case Study,True,0.4901878040642498,2183.64469227063,3,3.4544159899888087,2026-04-10 21:49:52.991838,78.4176429555558
AI0616,Fall 2025,Lab Report,True,0.11555679712063201,843.2984046794746,7,33.78040440712278,2026-08-08 21:49:52.992106,82.32039526450635
AI0617,Fall 2026,Case Study,False,0.46071847545570543,1620.6620017637476,10,27.712568058863603,2026-08-03 21:49:52.992359,72.32018951821792
AI0618,Fall 2026,Essay,True,0.5972026287066496,661.7317679430233,8,75.3285155321652,2026-06-11 21:49:52.992602,73.72176636113656
AI0619,Fall 2026,Lab Report,True,0.3117033822390721,1384.822362018486,8,18.689176177042643,2026-08-26 21:49:52.992848,77.57091119560152
AI0620,Fall 2026,Literature Review,True,0.6670206114321412,1377.703971624439,7,43.50785387304159,2026-07-13 21:49:52.993196,77.79170653357103
AI0621,Spring 2026,Research Paper,True,0.3295649954390334,1821.1437677789595,13,55.11296847874618,2026-06-03 21:49:52.993595,80.78081121284686
AI0622,Summer 2026,Literature Review,True,0.5227581478563849,1545.0405712662644,9,55.98826420117891,2026-07-26 21:49:52.993861,77.28037415017366
AI0623,Fall 2026,Case Study,False,0.509179305931941,1181.36657122078,5,10.370521656434311,2026-06-20 21:49:52.994123,73.58733606243693
AI0624,Fall 2025,Case Study,True,0.230694452790838,924.5401611920892,8,44.005684300441395,2026-06-07 21:49:52.994372,87.51642228029436
AI0625,Summer 2026,Research Paper,True,0.4451510365998961,1462.6513167774951,8,53.96952242112902,2026-05-14 21:49:52.994622,76.05206406052802
AI0626,Spring 2026,Research Paper,True,0.30732118027049365,1497.286456369977,13,31.570365744676593,2026-03-16 21:49:52.994875,78.09390467671224
AI0627,Spring 2026,Literature Review,True,0.4681960874391074,1262.340424852805,5,33.00164198488596,2026-03-16 21:49:52.995156,78.5668883442459
AI0628,Fall 2026,Essay,False,0.6027890767431748,1179.0700497861237,8,10.896702471271293,2026-05-06 21:49:52.995407,64.27152473864024
AI0629,Summer 2026,Lab Report,True,0.3374693261426713,2123.7346638906247,11,45.54414462643324,2026-05-22 21:49:52.995649,70.00565309159813
AI0630,Fall 2025,Research Paper,True,0.22290621528615703,1943.395141112989,12,41.283106197726035,2026-07-20 21:49:52.995897,80.55481087701209
AI0631,Fall 2025,Research Paper,False,0.1806879809046049,1409.6747469853965,7,89.07348257281835,2026-05-24 21:49:52.996162,70.85763797520701
AI0632,Fall 2026,Literature Review,False,0.695429772851193,812.9222349718477,8,39.904182767150445,2026-08-06 21:49:52.996424,92.02358477815321
AI0633,Spring 2026,Literature Review,False,0.3559656719863329,1890.7967395444105,6,33.57670351449201,2026-04-18 21:49:52.996687,64.48880045794706
AI0634,Summer 2026,Lab Report,True,0.379379772575399,1651.3833146686854,9,43.96606305531306,2026-08-01 21:49:52.996967,82.83900840769431
AI0635,Summer 2026,Literature Review,False,0.5400617073007887,1298.9340272367567,10,19.426275851842018,2026-07-17 21:49:52.998361,98.22146222389188
AI0636,Fall 2025,Literature Review,False,0.3084793963197989,1067.5646786638313,5,17.78685571527647,2026-04-23 21:49:52.999062,78.31574043285033
AI0637,Spring 2026,Literature Review,False,0.3846174185213971,1504.4480334679959,5,80.51423609639545,2026-05-19 21:49:52.999541,90.11142067696086
AI0638,Summer 2026,Essay,False,0.5594486202934191,1126.2273939821766,11,39.16422163396461,2026-06-10 21:49:53.000084,77.41752364726926
AI0639,Fall 2025,Essay,True,0.4144385230657875,733.815966745392,9,34.405628242922944,2026-08-12 21:49:53.000541,79.04285559162842
AI0640,Summer 2026,Case Study,True,0.38275164258610583,1357.4868369392868,7,24.39500131059276,2026-08-25 21:49:53.001224,82.73082203696788
AI0641,Summer 2026,Research Paper,False,0.4327091658955822,1516.5711121139718,6,16.298210533072513,2026-08-21 21:49:53.002235,68.5132269527728
AI0642,Fall 2026,Essay,False,0.6012181278386336,1405.146586825697,5,67.74183946251462,2026-04-16 21:49:53.003223,80.30983171277815
AI0643,Fall 2025,Literature Review,False,0.2974993040230208,1482.2762166529646,12,42.49323042607603,2026-09-06 21:49:53.003964,55.0853194524349
AI0644,Summer 2026,Lab Report,True,0.3050530626798049,1699.9061560222171,7,51.51028150466799,2026-04-18 21:49:53.004880,78.04791785851401
AI0645,Fall 2026,Lab Report,True,0.4132384410473485,1975.7610190653481,13,29.45487172852387,2026-04-15 21:49:53.005587,84.77495208938142
AI0646,Fall 2026,Case Study,False,0.4536655391994215,1294.9491272869238,4,16.96790961745277,2026-04-17 21:49:53.006099,67.08659264309915
AI0647,Fall 2026,Lab Report,False,0.3014405615851137,1247.9034397047965,1,54.98406001649813,2026-06-22 21:49:53.006567,73.10838147684092
AI0648,Fall 2025,Research Paper,False,0.2497366858721428,1920.5114580443392,6,38.009530089055126,2026-04-09 21:49:53.007031,97.26262690161107
AI0649,Fall 2026,Case Study,False,0.5272107164015005,1491.6665471204456,6,4.67248966497474,2026-08-11 21:49:53.007585,74.92398573344934
AI0650,Fall 2025,Research Paper,True,0.2690919148294849,1180.6778076277656,3,54.89379093226635,2026-04-02 21:49:53.008719,88.18663348975082
AI0651,Spring 2026,Essay,True,0.44348397061082195,1242.8779151109445,7,5.713664533675256,2026-08-04 21:49:53.009670,77.32054294283444
AI0652,Fall 2026,Lab Report,True,0.3882111072452296,1335.6797126473803,10,6.250026307885258,2026-09-06 21:49:53.010432,80.2027327566905
AI0653,Summer 2026,Literature Review,False,0.5812196332406283,916.8893595757926,8,16.173586687800796,2026-05-10 21:49:53.010819,81.18280865331384
AI0654,Fall 2025,Research Paper,False,0.2702578166880143,1383.9705221900745,7,24.503538145877105,2026-07-01 21:49:53.011140,60.079799686781875
AI0655,Fall 2026,Research Paper,True,0.5731468047884158,1542.6463743980585,13,10.20794637902909,2026-08-06 21:49:53.011397,74.00290140220397
AI0656,Fall 2026,Lab Report,True,0.36347356799120756,2046.4314894560423,7,10.816079213536248,2026-04-14 21:49:53.011728,76.166951030589
AI0657,Summer 2026,Essay,False,0.511783182145581,632.3224121775527,10,44.95625756681086,2026-05-24 21:49:53.012023,71.32003576241766
AI0658,Fall 2026,Case Study,False,0.43579442762367343,1413.4880437338613,10,20.327743436721192,2026-07-10 21:49:53.012270,75.00310691607974
AI0659,Fall 2026,Case Study,False,0.44164432076870574,1689.3290266279032,7,23.893217994099547,2026-08-31 21:49:53.012534,69.05858558587217
AI0660,Fall 2026,Essay,False,0.562310820643588,1371.7363516028183,7,67.82624945155908,2026-07-15 21:49:53.012779,77.0032578820977
AI0661,Summer 2026,Literature Review,True,0.5748533524743109,1357.1520645913236,4,20.12729373885276,2026-03-18 21:49:53.013038,76.9167709660661
AI0662,Summer 2026,Essay,False,0.5091522527790112,1464.8499770016533,9,18.37087852408386,2026-06-03 21:49:53.013296,66.90216752148716
AI0663,Fall 2026,Lab Report,False,0.39776172465197834,1664.2792846412158,9,33.78387143600511,2026-07-29 21:49:53.013539,93.62627728787916
AI0664,Spring 2026,Case Study,True,0.2875357259848037,1308.7569531270913,10,10.952035830548587,2026-08-26 21:49:53.014885,77.84699222037653
AI0665,Fall 2026,Case Study,True,0.5228745658212289,1587.866036772295,11,38.08177403794519,2026-04-25 21:49:53.015698,76.70526346649403
AI0666,Fall 2026,Lab Report,False,0.4568408554105309,1064.563372977687,6,11.005183290163224,2026-09-04 21:49:53.016068,85.02433330640609
AI0667,Spring 2026,Research Paper,False,0.3035491479906416,1310.372020896828,5,14.8318630748143,2026-09-03 21:49:53.016910,72.53887715035671
AI0668,Summer 2026,Lab Report,False,0.23881735580293717,1320.2229425470725,14,40.393963463556794,2026-08-11 21:49:53.017856,76.97662968838877
AI0669,Fall 2025,Essay,False,0.2411474978617981,1530.2268941966688,5,30.026108732139072,2026-04-04 21:49:53.018496,81.97522345409153
AI0670,Fall 2026,Essay,False,0.5585857038769855,1760.7408141190062,7,24.958124597430817,2026-08-16 21:49:53.019159,65.98221984966658
AI0671,Fall 2026,Lab Report,True,0.4601334729126838,1133.8540632805589,7,30.665613546160348,2026-04-19 21:49:53.019753,79.94863304382345
AI0672,Spring 2026,Lab Report,False,0.2252443950896587,1676.669702852694,7,49.5430697364166,2026-03-22 21:49:53.020310,70.76680491359461
AI0673,Summer 2026,Lab Report,False,0.23381274261415008,1541.6848905785537,4,25.521838948207442,2026-06-29 21:49:53.020801,83.60490028522173
AI0674,Fall 2026,Case Study,True,0.4797139109945129,1849.9011539267347,11,9.231150775565801,2026-06-14 21:49:53.021316,78.02668913639127
AI0675,Spring 2026,Lab Report,False,0.1638862815887342,1361.1979263124229,7,61.51379891412798,2026-07-25 21:49:53.021776,79.50855427948353
AI0676,Summer 2026,Case Study,False,0.3319311194680365,1084.850394651369,13,63.16675754608623,2026-04-07 21:49:53.022450,80.57168670487378
AI0677,Fall 2026,Essay,True,0.5710858782071662,2666.9713213076166,13,59.395539224997215,2026-06-26 21:49:53.023072,77.82320941582279
AI0678,Fall 2026,Literature Review,True,0.6097431861495635,1672.1728439088793,9,5.925045493648782,2026-04-25 21:49:53.023484,78.15936526138364
AI0679,Fall 2026,Case Study,True,0.44239870736216835,1704.6715113574312,8,39.85263088904699,2026-08-16 21:49:53.023741,76.98307326346355
AI0680,Fall 2026,Literature Review,True,0.7276837546500468,439.3835384266479,10,18.458366961016573,2026-07-15 21:49:53.024009,72.14672246925637
AI0681,Spring 2026,Literature Review,False,0.44378791082509367,1575.507805736292,4,31.254589915322267,2026-07-03 21:49:53.024263,66.29705126260133
AI0682,Spring 2026,Research Paper,False,0.3379694324979263,1448.700987090729,11,35.69424901899102,2026-05-15 21:49:53.024507,54.34685098120203
AI0683,Fall 2026,Literature Review,True,0.7044721112771176,1584.2801473737354,9,47.551113520736635,2026-09-05 21:49:53.024753,74.43294620703409
AI0684,Summer 2026,Lab Report,True,0.3184008540123222,1577.965432324179,10,21.975258534434627,2026-05-13 21:49:53.025050,74.50685438409857
AI0685,Fall 2025,Essay,False,0.29799485991695085,1370.4767677028963,5,4.587528259284967,2026-06-19 21:49:53.025377,71.9519970295772
AI0686,Spring 2026,Case Study,True,0.21319238756844372,1198.2798860492726,5,39.185796016037116,2026-08-12 21:49:53.025623,76.92670669482516
AI0687,Spring 2026,Lab Report,False,0.2348696372879057,1857.609867964596,8,36.9245676012003,2026-06-05 21:49:53.025872,78.5760745223068
AI0688,Fall 2026,Research Paper,True,0.5595435412872102,1763.1719074088985,5,2.221854031831042,2026-03-25 21:49:53.026138,73.08825169273177
AI0689,Summer 2026,Research Paper,False,0.461251516499897,1734.715705096233,15,11.001073792541307,2026-07-02 21:49:53.026390,90.57586700551293
AI0690,Fall 2026,Lab Report,False,0.3835736972482993,1226.2082936968504,8,47.989329532714166,2026-07-22 21:49:53.026634,63.58860719186216
AI0691,Fall 2025,Case Study,True,0.08883320328243194,1123.6684667459951,5,6.857993037152629,2026-05-29 21:49:53.026901,70.77166108726871
AI0692,Summer 2026,Literature Review,True,0.6067852959024878,1548.320103097208,8,18.222113307294496,2026-08-28 21:49:53.027181,77.26459335992028
AI0693,Fall 2026,Lab Report,True,0.47863981076716633,1313.6532065939516,9,39.047536705034815,2026-03-26 21:49:53.027447,68.91474542728778
AI0694,Fall 2026,Essay,True,0.6820232965803725,1798.6914324657596,5,67.47755731729598,2026-06-29 21:49:53.027700,79.97782678788897
AI0695,Summer 2026,Essay,False,0.5426010719743081,1255.9513097143565,11,18.42541205784561,2026-06-10 21:49:53.027971,89.62158467120355
AI0696,Spring 2026,Essay,False,0.4086108204339327,927.9778840892475,6,81.70716510458664,2026-08-11 21:49:53.028218,98.88759728693219
AI0697,Summer 2026,Literature Review,True,0.6043505106330817,1377.3348380450047,11,42.16691455887175,2026-05-04 21:49:53.028462,71.7228113606755
AI0698,Fall 2025,Case Study,False,0.2311589241495737,1704.0197508561962,7,48.075446169716045,2026-05-26 21:49:53.028710,60.38861335407478
AI0699,Summer 2026,Lab Report,False,0.2741395040436774,907.3292316469939,16,17.698372654907125,2026-04-14 21:49:53.028967,72.0224319895489
AI0700,Spring 2026,Literature Review,False,0.4818657812513481,1366.2436943361622,9,42.569021570759695,2026-05-10 21:49:53.029219,84.19046977002904
AI0701,Spring 2026,Case Study,False,0.22642709124652316,1480.4051312144243,5,14.468924401605282,2026-05-03 21:49:53.029462,60.9764391228101
AI0702,Summer 2026,Literature Review,True,0.5593381040535557,1738.8538920371195,4,41.446636112463636,2026-06-13 21:49:53.029705,75.30799026608683
AI0703,Fall 2026,Research Paper,False,0.5203380522790828,1681.1895816040221,7,61.21915654608372,2026-04-25 21:49:53.029964,73.43604241842144
AI0704,Fall 2025,Lab Report,False,0.11508416378618985,1518.6407737182465,7,69.62732659777173,2026-03-21 21:49:53.030207,70.99020115843054
AI0705,Fall 2026,Lab Report,True,0.40050340959589426,1312.6155238921106,9,3.9576674954111124,2026-04-01 21:49:53.031082,75.64191134955409
AI0706,Fall 2026,Case Study,False,0.3803209206456641,1628.8398977467884,9,59.56486169750646,2026-06-30 21:49:53.031575,68.28601267506413
AI0707,Fall 2026,Research Paper,False,0.6040459088721992,1962.647542126223,4,28.46606528956972,2026-06-07 21:49:53.032057,70.3421900665597
AI0708,Fall 2026,Essay,False,0.6492185852235672,1261.442662796992,5,3.292993939742992,2026-07-22 21:49:53.032477,80.6585499049747
AI0709,Fall 2026,Essay,True,0.6608806191995134,1605.0643815263204,8,28.089724053086435,2026-03-29 21:49:53.032731,65.59294722165792
AI0710,Fall 2025,Lab Report,False,0.12712129278063772,1860.9515806449351,5,39.154294243881196,2026-08-22 21:49:53.033014,92.8006810231963
AI0711,Spring 2026,Case Study,False,0.21408257961597338,760.258735857761,7,31.854736110186515,2026-08-06 21:49:53.033307,64.81244463760521
AI0712,Fall 2026,Research Paper,True,0.5738588714112871,1868.107847413303,7,26.7646955464393,2026-03-12 21:49:53.033566,79.93435101357997
AI0713,Fall 2026,Lab Report,False,0.3744211766416646,1047.362844274811,7,58.70980331750252,2026-04-05 21:49:53.033815,86.30454200477946
AI0714,Fall 2025,Case Study,False,0.12290866274451354,1432.027419372231,4,23.02272888644978,2026-06-03 21:49:53.034063,72.48459670396714
AI0715,Fall 2026,Literature Review,False,0.6407699555933603,2132.467844533984,9,69.12640942988638,2026-07-17 21:49:53.034308,84.74611750988488
AI0716,Fall 2026,Literature Review,True,0.6362506114855884,2048.7057885988634,14,64.10808462651957,2026-07-22 21:49:53.034551,83.10400983207803
AI0717,Fall 2026,Literature Review,False,0.6646232366963712,1055.471599539972,8,8.599658806504804,2026-08-28 21:49:53.034800,68.74775259681138
AI0718,Fall 2026,Lab Report,False,0.39373330628695014,1827.2174300166923,15,24.240040357030686,2026-09-07 21:49:53.035057,71.06279267040902
AI0719,Fall 2026,Research Paper,True,0.5608038350550415,1189.8878309822207,6,28.896941926008374,2026-07-03 21:49:53.035302,87.57492013691557
AI0720,Fall 2026,Essay,False,0.6045433053508652,1612.3699969799802,6,22.50479009641639,2026-05-11 21:49:53.035550,64.0746442139159
AI0721,Fall 2025,Research Paper,False,0.2099074306841587,1132.8053638087977,2,47.97832377684873,2026-06-24 21:49:53.035794,77.11088184602633
AI0722,Summer 2026,Case Study,False,0.31632968573845843,876.6086424389963,8,8.725910047381785,2026-03-18 21:49:53.036042,79.74124719487148
AI0723,Fall 2026,Research Paper,True,0.5679690822222672,2239.36176091327,5,43.15646954828751,2026-08-11 21:49:53.036286,78.79299245803455
AI0724,Summer 2026,Essay,True,0.5662846633601664,1135.536157553719,7,35.80813552597631,2026-06-13 21:49:53.036534,86.37531171888462
AI0725,Fall 2026,Lab Report,False,0.3788563772944671,1372.9731070829534,11,14.225235917713844,2026-06-11 21:49:53.036798,67.69893986802113
AI0726,Summer 2026,Essay,False,0.5053557288306678,1507.2876921655256,8,30.93994938009892,2026-04-15 21:49:53.037047,76.2286621322794
AI0727,Fall 2026,Literature Review,True,0.7592002672854428,1458.380338121659,6,31.204658847476534,2026-05-30 21:49:53.037290,81.48775780692839
AI0728,Fall 2026,Research Paper,False,0.5601353875586039,2073.3810542992874,6,48.50795734648577,2026-07-16 21:49:53.037537,73.87757922612123
AI0729,Fall 2026,Case Study,False,0.45437187740100476,925.7933166958601,5,31.93718949555996,2026-03-12 21:49:53.037779,86.25803020855679
AI0730,Summer 2026,Case Study,True,0.35101618748280355,1596.018734467886,9,25.501670010908423,2026-07-15 21:49:53.038039,84.17302585323984
AI0731,Fall 2026,Research Paper,False,0.5192357447743585,1322.3313081680874,6,43.09752440774016,2026-07-12 21:49:53.038291,87.11379916804601
AI0732,Summer 2026,Lab Report,False,0.32236916106917385,2276.0757660984755,10,34.30806957033236,2026-08-08 21:49:53.038531,67.17359371344608
AI0733,Fall 2025,Literature Review,True,0.3759625676246608,1205.4179070603618,9,28.78246465320539,2026-04-10 21:49:53.038772,75.90805443657317
AI0734,Fall 2026,Research Paper,False,0.4849795622466051,1770.5973204975685,9,33.259324408697,2026-08-09 21:49:53.039025,77.20368458317856
AI0735,Fall 2026,Lab Report,True,0.4265593296379936,1504.7600067355268,10,65.33489009997508,2026-04-26 21:49:53.039268,69.04110041671701
AI0736,Summer 2026,Essay,False,0.5744025915982761,1424.6344416824197,6,35.622543950135736,2026-08-21 21:49:53.039516,95.7648145641643
AI0737,Summer 2026,Literature Review,True,0.5628081324302859,2558.173975170538,12,31.473186948211783,2026-07-12 21:49:53.039759,74.37847829137267
AI0738,Summer 2026,Case Study,False,0.2947603802000174,1318.8733574802377,4,31.111669193707787,2026-07-26 21:49:53.040011,90.73532482024923
AI0739,Fall 2026,Lab Report,True,0.5134190315651724,766.4360028807649,8,22.599116047990062,2026-03-31 21:49:53.040254,85.27670189381806
AI0740,Spring 2026,Lab Report,False,0.23689197430962447,2140.3835258989193,7,41.307027244303065,2026-08-26 21:49:53.040504,74.08630116585806
AI0741,Fall 2025,Lab Report,False,0.04206255515009064,1214.5228864705336,8,17.294699019364927,2026-07-08 21:49:53.040755,54.41085866518752
AI0742,Spring 2026,Essay,True,0.39251733424928476,1363.7399632846318,4,33.28021978512392,2026-08-18 21:49:53.041005,71.80643246623376
AI0743,Fall 2026,Lab Report,False,0.48337225253791194,1606.973617994981,6,5.840481090747243,2026-08-14 21:49:53.041364,88.83319385562137
AI0744,Spring 2026,Literature Review,True,0.5481525582557321,2146.532050629687,12,16.145232213064677,2026-04-12 21:49:53.041712,77.1895348773021
AI0745,Fall 2025,Essay,True,0.37367892717213214,1386.0615985906602,6,16.547565432160287,2026-04-22 21:49:53.042080,86.07896183062773
AI0746,Spring 2026,Lab Report,False,0.14269655831551503,1594.3609352415297,7,61.961432904767314,2026-06-20 21:49:53.042396,72.4705442309288
AI0747,Spring 2026,Essay,True,0.4516173009764979,1120.5155457521264,8,40.20984858018415,2026-08-15 21:49:53.042807,75.43551198200286
AI0748,Fall 2025,Essay,False,0.35498881175145314,1823.5323597533697,2,12.558348988940862,2026-03-22 21:49:53.043139,71.81593482645704
AI0749,Summer 2026,Lab Report,False,0.3597327749331042,2193.585054970512,9,80.81131372195229,2026-07-05 21:49:53.043395,79.77176507456544
AI0750,Spring 2026,Literature Review,True,0.4298001164145806,1777.9946184764497,13,9.458382019555808,2026-05-21 21:49:53.043683,80.85324457985905
AI0751,Summer 2026,Essay,True,0.46659627672767257,1874.012423944167,11,6.2626437064067115,2026-06-17 21:49:53.043935,75.76730382522724
AI0752,Spring 2026,Case Study,False,0.21029249320309484,750.6157163702754,4,26.08732506157172,2026-04-18 21:49:53.044193,91.35401459303951
AI0753,Summer 2026,Case Study,False,0.2847430949537283,1785.6728994828532,7,35.56681708806709,2026-07-19 21:49:53.044437,70.35157290071176
AI0754,Fall 2026,Lab Report,True,0.3526934088023343,1530.6701875349927,6,51.23103494305797,2026-07-02 21:49:53.044689,78.76459885675827
AI0755,Spring 2026,Essay,False,0.4416340308898476,1356.5252849610595,5,8.64606801967686,2026-04-01 21:49:53.044987,64.72310027468998
AI0756,Summer 2026,Literature Review,True,0.6203276265896325,1114.3109641960923,8,34.18887945631172,2026-04-27 21:49:53.045250,78.47026592153958
AI0757,Fall 2025,Case Study,False,0.1996068698596919,1307.2309542060673,7,17.856108092428524,2026-08-14 21:49:53.045500,86.32850609903531
AI0758,Fall 2026,Lab Report,True,0.402552656598621,1665.6273380757539,9,29.196350596914932,2026-08-10 21:49:53.045741,78.95976488644344
AI0759,Summer 2026,Case Study,False,0.3114012757051539,2288.7947479641502,7,27.065847326159727,2026-07-16 21:49:53.046042,76.36583211673596
AI0760,Fall 2025,Literature Review,False,0.3086303670007038,1992.6401479983417,8,27.991391235234442,2026-08-17 21:49:53.046297,84.62171797482212
AI0761,Fall 2026,Lab Report,False,0.3113028075662335,1667.4945756046552,7,56.4273810570547,2026-07-20 21:49:53.046554,67.99724631249552
AI0762,Spring 2026,Literature Review,True,0.46371796861140047,1498.6018509433302,7,10.439955433564172,2026-03-14 21:49:53.046799,69.84472049661424
AI0763,Fall 2026,Research Paper,False,0.5133174837791692,1253.5807970142644,12,18.613140314046454,2026-05-16 21:49:53.047052,89.04024029627813
AI0764,Fall 2025,Case Study,False,0.15027007393510308,1181.8201896015953,7,48.459437109666496,2026-04-16 21:49:53.047465,60.46789602493682
AI0765,Fall 2026,Research Paper,True,0.5725427805074144,1221.6062915978296,7,65.41564128084116,2026-04-04 21:49:53.047815,81.04706115701224
AI0766,Spring 2026,Research Paper,False,0.3798552822690362,1042.3867219301833,7,17.5489063869235,2026-03-21 21:49:53.048093,69.73888194994093
AI0767,Fall 2026,Research Paper,False,0.5614222441630532,1705.2849606037146,6,51.99930823048425,2026-03-22 21:49:53.048338,81.35415355998272
AI0768,Fall 2026,Essay,True,0.5489230689680819,1770.5499513102227,13,32.44253865451609,2026-08-05 21:49:53.048581,78.42860098088784
AI0769,Fall 2026,Case Study,False,0.46354216240315965,1084.2434005035307,19,33.68145566756041,2026-06-24 21:49:53.048883,62.808091267876215
AI0770,Summer 2026,Case Study,False,0.3419320462335506,1944.1184583546396,5,35.73083994534401,2026-06-30 21:49:53.049136,83.4478205642741
AI0771,Fall 2025,Case Study,False,0.20024056721561356,1711.430497433525,11,13.142552415770266,2026-07-29 21:49:53.049380,73.79057719071116
AI0772,Fall 2026,Case Study,True,0.5593781878277239,1290.7132807140638,6,57.36987815585746,2026-04-17 21:49:53.049622,64.03695752833866
AI0773,Fall 2026,Case Study,False,0.447544614546253,1567.8111870992059,7,35.177105700808426,2026-06-20 21:49:53.049871,68.86429932077742
AI0774,Summer 2026,Research Paper,True,0.46444706818517784,2071.35166480096,7,13.585341045244515,2026-07-17 21:49:53.050229,89.97661096422394
AI0775,Spring 2026,Lab Report,False,0.1991733118193153,978.5754297189891,9,21.431925757344487,2026-07-30 21:49:53.050662,80.41194856945248
AI0776,Summer 2026,Lab Report,False,0.2595083582818581,1619.124806695906,12,10.516590558954348,2026-05-04 21:49:53.051114,67.58527622812575
AI0777,Spring 2026,Research Paper,False,0.312831490780703,1792.7149885209424,6,13.933608291870325,2026-07-18 21:49:53.051830,76.43503265413311
AI0778,Fall 2026,Case Study,True,0.5054014564714255,896.7969376665558,4,49.4457764888559,2026-04-30 21:49:53.052503,74.26142940604454
AI0779,Summer 2026,Research Paper,False,0.5030953388951225,1593.8861354669602,10,37.25823149873816,2026-08-27 21:49:53.052974,80.17646746410153
AI0780,Summer 2026,Research Paper,True,0.5033139355880243,1370.848905062698,14,28.897205559367826,2026-05-21 21:49:53.053410,77.33454436461479
AI0781,Summer 2026,Lab Report,True,0.3234164226712547,1945.0209595497251,4,18.83196813941582,2026-03-31 21:49:53.053826,80.46271103717267
AI0782,Summer 2026,Research Paper,True,0.5259882981947474,1606.036209268219,9,13.432235469763922,2026-04-01 21:49:53.054367,79.10583196129055
AI0783,Fall 2025,Research Paper,False,0.19315751339694018,1421.839096636607,7,54.50236946680288,2026-04-29 21:49:53.054691,76.55698371866761
AI0784,Fall 2026,Essay,True,0.6828824478577413,578.5608610389138,5,16.184239810592548,2026-05-02 21:49:53.054944,75.12183925797758
AI0785,Spring 2026,Lab Report,True,0.23898098591707312,1382.816170545944,6,19.5356136488446,2026-07-08 21:49:53.055214,83.73811856386749
AI0786,Fall 2026,Literature Review,True,0.699641238458239,1458.3474140642147,8,56.92511463717294,2026-03-20 21:49:53.055493,73.96802950235033
AI0787,Spring 2026,Research Paper,True,0.3937334526324252,1592.9439109510236,7,64.34304084048405,2026-07-10 21:49:53.055748,76.65204261000211
AI0788,Summer 2026,Case Study,False,0.46700116405820274,1347.334621778873,8,20.14364494356242,2026-04-22 21:49:53.056040,75.95759124351433
AI0789,Fall 2026,Case Study,False,0.4255883337224177,1489.1918251943418,11,19.55289075238297,2026-07-09 21:49:53.056355,72.6574292055449
AI0790,Fall 2026,Lab Report,False,0.4402888227515641,1433.8575826392976,7,22.669159668177326,2026-07-11 21:49:53.056606,75.5083028003675
AI0791,Summer 2026,Research Paper,False,0.5404395018019459,1758.7707700039282,6,26.32741158522098,2026-07-14 21:49:53.056853,81.21484745139368
AI0792,Spring 2026,Research Paper,True,0.35469280167932465,1794.7668505191311,6,59.79317913594174,2026-08-19 21:49:53.057668,81.83163129633765
AI0793,Fall 2026,Literature Review,True,0.6357422240037676,1333.672916492146,10,29.62312926345473,2026-08-20 21:49:53.058166,72.09105212197167
AI0794,Fall 2026,Research Paper,True,0.48979913446471496,2073.757281739978,8,11.077971862581228,2026-06-13 21:49:53.058449,80.0214899632484
AI0795,Fall 2026,Research Paper,False,0.5606371472038508,1155.2439911694164,4,20.2644088511757,2026-05-16 21:49:53.058729,67.21274662329304
AI0796,Spring 2026,Research Paper,False,0.4145634653983664,1891.6341129578002,6,23.114067931863474,2026-04-27 21:49:53.058983,65.7645389691584
AI0797,Summer 2026,Essay,True,0.4831112888870885,1855.7963391037479,10,49.233726732496734,2026-03-22 21:49:53.059242,81.6067673591767
AI0798,Fall 2026,Lab Report,False,0.4434661424975659,1694.278481265592,4,23.70664447948312,2026-07-29 21:49:53.059505,82.78927701770219
AI0799,Summer 2026,Essay,True,0.5858504997607391,1533.304271281517,5,22.82646586160388,2026-05-20 21:49:53.059752,74.66018551295436
AI0800,Spring 2026,Case Study,False,0.30808091476642024,1046.131682619688,8,27.91674916277052,2026-05-08 21:49:53.060241,78.01875403312991
AI0801,Fall 2025,Case Study,False,0.12234357175872548,984.9002422245237,9,19.294868581190965,2026-07-07 21:49:53.060549,86.48905247495405
AI0802,Fall 2026,Literature Review,True,0.6452324279977631,2269.3070976357953,2,17.00673273725286,2026-05-21 21:49:53.060799,77.87210200338691
AI0803,Spring 2026,Case Study,True,0.19418996896264587,1557.5419013360593,10,25.414866584749763,2026-08-06 21:49:53.061104,77.46183637252032
AI0804,Fall 2026,Lab Report,False,0.39044421089811104,1314.040742020808,4,61.48722044581809,2026-09-01 21:49:53.061362,74.09379880911155
AI0805,Spring 2026,Essay,False,0.45442635168048345,1533.8961371907612,8,26.50573516216533,2026-05-16 21:49:53.061603,85.66114236037271
AI0806,Fall 2026,Literature Review,False,0.7139760146104367,1061.806241362059,11,21.551832213523237,2026-04-02 21:49:53.061869,59.60077111323146
AI0807,Fall 2026,Lab Report,True,0.48321281245556585,1356.2697373117085,8,56.28815661669865,2026-09-02 21:49:53.062122,68.56203132147877
AI0808,Fall 2025,Essay,False,0.2768758791947491,1665.4047826621506,5,26.872533916995117,2026-08-23 21:49:53.062382,65.96740288737345
AI0809,Fall 2026,Research Paper,True,0.5070247592698884,1260.7967854435428,4,39.99811056500056,2026-05-11 21:49:53.062624,82.97852626062556
AI0810,Fall 2025,Lab Report,False,0.1078821596689207,2092.9029804609745,5,15.28072235279516,2026-05-01 21:49:53.062871,71.37261484704155
AI0811,Summer 2026,Case Study,True,0.3734922691200312,1742.0814438531715,9,33.45444795721741,2026-07-03 21:49:53.063131,83.00113817825891
AI0812,Fall 2026,Literature Review,True,0.620871470459419,1324.1471041743532,5,29.008998117002783,2026-07-04 21:49:53.063391,73.19098795092903
AI0813,Summer 2026,Research Paper,False,0.41978949866784177,1034.8514840604257,7,21.42127444160293,2026-08-13 21:49:53.063895,54.96720276140921
AI0814,Summer 2026,Research Paper,True,0.4308715417387066,1843.7486315173774,5,35.824877179078534,2026-04-06 21:49:53.064722,76.82394083667039
AI0815,Fall 2026,Lab Report,False,0.36476982160102434,1815.1201508603667,10,53.20802986973804,2026-08-27 21:49:53.065608,71.78159739002
AI0816,Spring 2026,Essay,True,0.40163761463463293,1097.177682536536,10,29.41642512738595,2026-08-15 21:49:53.066170,75.50441091706769
AI0817,Summer 2026,Essay,False,0.5302880694153708,2085.5502877685394,9,32.64596789427374,2026-06-25 21:49:53.066722,67.73900526757551
AI0818,Summer 2026,Research Paper,True,0.4457881494966048,2314.2458817687593,12,16.012131622983965,2026-08-15 21:49:53.067202,85.80818127907642
AI0819,Fall 2026,Literature Review,True,0.5633840679383668,1274.3369539162618,7,11.17929257925921,2026-04-20 21:49:53.067668,83.63462923766329
AI0820,Fall 2025,Case Study,False,0.14117610473121744,1975.9552983999197,9,59.16581694132095,2026-05-20 21:49:53.068184,57.29221699087276
AI0821,Spring 2026,Essay,True,0.4098959691474601,1514.7235768582304,7,26.720402118511373,2026-04-03 21:49:53.068640,83.42168361521476
AI0822,Fall 2026,Essay,True,0.6077159746702995,2044.2794770266714,8,16.77135612294034,2026-07-10 21:49:53.069102,74.62064162532599
AI0823,Fall 2026,Research Paper,True,0.5816507887474928,1292.5760585323292,7,49.95575562622631,2026-06-09 21:49:53.069571,71.23035808177261
AI0824,Fall 2026,Lab Report,False,0.4383924737901324,1802.0905763410656,5,10.40258368043762,2026-04-02 21:49:53.070032,71.65357233269896
AI0825,Fall 2026,Essay,False,0.6503938864875078,1499.4229078930186,12,38.812210455939294,2026-06-19 21:49:53.070497,70.69963817246824
AI0826,Fall 2026,Research Paper,False,0.594330095309669,1837.5003222208077,3,39.332516957688384,2026-06-30 21:49:53.070938,71.47006631672232
AI0827,Fall 2025,Research Paper,False,0.1846302040456447,979.8082986918822,5,18.98384663937564,2026-03-23 21:49:53.071407,81.82186935453397
AI0828,Spring 2026,Case Study,False,0.20766268118823816,1837.1075448231109,11,88.85045874038059,2026-05-04 21:49:53.071889,84.61189268087621
AI0829,Fall 2025,Literature Review,False,0.3973694140224632,1846.6844974597361,5,48.5062274245697,2026-05-12 21:49:53.072359,76.1156900080554
AI0830,Fall 2025,Literature Review,False,0.3433525264888066,725.5091479379236,8,6.230052450242683,2026-03-15 21:49:53.072731,83.150747006807
AI0831,Fall 2025,Research Paper,True,0.21775476485538714,1361.8456396948943,4,34.69165900707281,2026-08-28 21:49:53.072987,75.9094508714399
AI0832,Fall 2026,Literature Review,True,0.6134341864196463,1741.5005787012533,6,29.91917758879536,2026-06-17 21:49:53.073320,80.97484766598102
AI0833,Fall 2026,Research Paper,True,0.6336259419473731,917.7162369234944,7,5.795888086763297,2026-06-24 21:49:53.073833,77.33688191577774
AI0834,Summer 2026,Case Study,False,0.32455882238247613,1472.567279603671,2,29.094532694950736,2026-04-11 21:49:53.074346,62.74094659136883
AI0835,Fall 2026,Case Study,False,0.43105875329816146,1375.0815296478731,4,36.57462082512971,2026-05-31 21:49:53.074747,56.07893354159182
AI0836,Summer 2026,Case Study,False,0.3850938579507503,1662.637450722086,7,22.172558498971398,2026-07-09 21:49:53.075123,81.9724032444827
AI0837,Spring 2026,Literature Review,False,0.4112454075417996,2066.0536883418413,12,32.85961556859106,2026-07-16 21:49:53.075628,60.13699170887899
AI0838,Spring 2026,Research Paper,False,0.31682241857239135,2045.5087045929877,7,76.15293847909331,2026-05-31 21:49:53.076233,61.26540543786666
AI0839,Spring 2026,Lab Report,False,0.09793844070157254,1815.562577998353,9,40.099125293735334,2026-06-17 21:49:53.076732,76.71364614938143
AI0840,Fall 2026,Literature Review,False,0.61578261460958,1581.7352514838026,5,42.45955494130522,2026-03-25 21:49:53.077266,59.32439538937615
AI0841,Fall 2025,Research Paper,False,0.336274128928971,936.0918052489563,9,31.37034453571581,2026-04-12 21:49:53.077721,76.40067225111683
AI0842,Fall 2025,Literature Review,False,0.333109349927147,1003.7345852061645,8,37.09159044902495,2026-04-04 21:49:53.078151,62.97139678722891
AI0843,Spring 2026,Lab Report,False,0.20550524257289268,877.6768255195547,8,13.16914857823984,2026-07-11 21:49:53.078503,91.65831839090063
AI0844,Summer 2026,Case Study,True,0.39522920183134186,1271.444734039664,7,35.85568234545039,2026-08-26 21:49:53.078822,74.27051519569308
AI0845,Spring 2026,Research Paper,True,0.3382719009946165,2061.2498800702724,4,48.49302882694166,2026-03-14 21:49:53.079187,82.40501277535866
AI0846,Spring 2026,Literature Review,True,0.5505769078058067,1662.89334662981,10,47.86901376697216,2026-06-28 21:49:53.079520,79.03875079238976
AI0847,Fall 2025,Lab Report,False,0.07201806021131582,1210.2061468676368,9,44.17840130620103,2026-03-20 21:49:53.079875,63.92915561311254
AI0848,Fall 2026,Case Study,True,0.39320207221556336,1803.3906024921323,8,33.58662903212062,2026-06-09 21:49:53.080300,73.11648236827435
AI0849,Summer 2026,Case Study,False,0.4194990361095434,1463.385692197303,5,7.580990802166118,2026-07-29 21:49:53.081492,85.24873514633467
AI0850,Fall 2026,Case Study,False,0.48181433699906995,1366.3330939551943,9,48.55157448424061,2026-06-05 21:49:53.081991,80.3303993109089
AI0851,Fall 2025,Essay,False,0.3554514026175302,1740.076618120808,10,29.355181472662856,2026-08-10 21:49:53.082472,70.30115408231887
AI0852,Summer 2026,Research Paper,False,0.4269223162752012,783.4469825360138,13,51.706943084967826,2026-08-28 21:49:53.082901,83.78496388011396
AI0853,Fall 2026,Case Study,False,0.40612816821971603,1089.859609383083,12,37.60357415442625,2026-04-29 21:49:53.083191,79.4292982487053
AI0854,Summer 2026,Lab Report,True,0.2728889323860036,1616.4461104692448,7,29.48380134293726,2026-08-03 21:49:53.083437,81.95197606264892
AI0855,Summer 2026,Case Study,False,0.3605852467695298,1615.6537825616415,9,64.96225690374722,2026-05-02 21:49:53.083687,79.04788296615015
AI0856,Summer 2026,Case Study,False,0.33346471908933645,1643.2934382434316,9,66.21044197792362,2026-05-20 21:49:53.083932,80.15510677752305
AI0857,Spring 2026,Essay,False,0.44625382538943115,1647.9287266913395,7,20.769239915815792,2026-08-15 21:49:53.084187,54.94020827603653
AI0858,Fall 2026,Essay,False,0.6241055568254854,761.70138532219,6,33.07798657568901,2026-08-28 21:49:53.084431,100.0
AI0859,Spring 2026,Literature Review,False,0.411531944420158,1610.1912231752012,13,30.089180806782768,2026-08-06 21:49:53.084675,79.29828422212846
AI0860,Summer 2026,Literature Review,True,0.4375646198762747,1444.055618157109,7,85.90777166763075,2026-04-20 21:49:53.084918,76.20504858348554
AI0861,Spring 2026,Essay,True,0.41891988296626265,762.2005238457791,9,14.598038977971829,2026-07-03 21:49:53.085193,74.32766314531278
AI0862,Summer 2026,Research Paper,True,0.5119482023864403,1463.3051659095504,5,23.2366970489056,2026-07-19 21:49:53.085448,86.32369005348482
AI0863,Fall 2026,Essay,True,0.6646073763729726,1810.361927337664,6,68.09802017276013,2026-09-03 21:49:53.085698,84.42810453287849
AI0864,Spring 2026,Research Paper,True,0.3977609057386867,1691.9291551646697,11,29.715107535763646,2026-08-28 21:49:53.085947,78.8239390288288
AI0865,Summer 2026,Literature Review,False,0.6277673732508764,525.476102870226,4,8.047327455834315,2026-08-13 21:49:53.086206,62.80657185096371
AI0866,Fall 2026,Case Study,False,0.5312260519077217,630.7247047356118,6,5.274892546746297,2026-05-19 21:49:53.086450,94.1728256526427
AI0867,Spring 2026,Literature Review,False,0.4821413140888984,1860.9283825490131,6,41.94242122214746,2026-05-21 21:49:53.086734,67.0292937033091
AI0868,Summer 2026,Research Paper,False,0.39086748820680045,1518.3408482219602,12,30.916317132480977,2026-04-20 21:49:53.086983,79.79717110102636
AI0869,Fall 2026,Essay,True,0.6261591716375372,1450.2312360533642,6,8.99552592923596,2026-05-13 21:49:53.087232,84.7605044537447
AI0870,Fall 2025,Lab Report,False,0.1614183900293792,2258.8431537292245,8,50.87369498340173,2026-08-27 21:49:53.087503,74.43565716009911
AI0871,Spring 2026,Case Study,False,0.2029623399080787,1001.318584029402,5,60.945596270159626,2026-06-18 21:49:53.087763,72.89402102837457
AI0872,Fall 2026,Literature Review,True,0.6870887039021619,2151.014826608613,6,18.206402064851844,2026-07-28 21:49:53.088016,81.58438057985038
AI0873,Fall 2026,Research Paper,True,0.5237064482253452,1982.2799264120872,10,61.687307740017935,2026-07-17 21:49:53.088266,78.60167489882444
AI0874,Spring 2026,Literature Review,True,0.42579401006322753,1757.528670223289,6,34.564374575874076,2026-07-01 21:49:53.088513,82.45520135100492
AI0875,Fall 2026,Essay,False,0.6076850502283505,601.5032676582156,7,43.95752978139224,2026-05-20 21:49:53.088759,83.22573185672138
AI0876,Summer 2026,Essay,False,0.5178216798060737,1073.6420986730277,14,29.604389486153345,2026-07-23 21:49:53.089062,56.249774823662285
AI0877,Summer 2026,Case Study,False,0.37504195743743457,1498.9270249161164,12,27.433772989843607,2026-04-15 21:49:53.089527,61.343993672467064
AI0878,Spring 2026,Essay,True,0.36759297224898047,1604.012067158789,9,39.32273986016375,2026-08-10 21:49:53.091195,77.36337456658214
AI0879,Fall 2026,Essay,True,0.5154503386538007,1465.7334361967214,9,49.35777535390432,2026-06-15 21:49:53.092396,69.86663741987233
AI0880,Fall 2026,Research Paper,True,0.5335529788466584,894.4781373841431,12,25.767583248170787,2026-07-03 21:49:53.096536,78.33523642162876
AI0881,Spring 2026,Essay,False,0.3665390698785798,1446.187250930123,4,27.59434227799087,2026-05-12 21:49:53.106372,77.38254040184817
AI0882,Spring 2026,Literature Review,True,0.4839265480933185,1186.2894946902438,11,19.464545101053787,2026-06-08 21:49:53.107555,74.33089761786576
AI0883,Spring 2026,Research Paper,True,0.4490356720186629,1550.3375643459406,8,9.921337748738672,2026-07-10 21:49:53.108542,81.09658828488871
AI0884,Fall 2025,Literature Review,False,0.26884608111397673,766.1819531183843,5,25.888597348667197,2026-05-13 21:49:53.110301,68.20957065293182
AI0885,Fall 2025,Case Study,False,0.15453458388164745,1905.0350034821058,9,5.465746351676704,2026-05-28 21:49:53.110908,53.059038837688135
AI0886,Fall 2025,Case Study,True,0.2558696911119442,1664.9304915979362,6,43.603121749646235,2026-06-15 21:49:53.111454,82.7555378661537
AI0887,Fall 2026,Literature Review,True,0.6262057507874368,1274.219036892914,3,27.903181527421552,2026-05-23 21:49:53.112842,83.23010468617372
AI0888,Spring 2026,Lab Report,False,0.3367814531891218,1365.9700279003462,9,29.929226591061614,2026-07-28 21:49:53.113433,85.0534078922299
AI0889,Fall 2026,Essay,True,0.7141860920334566,1331.298096864238,11,26.085604273666974,2026-04-17 21:49:53.114943,80.04314489694647
AI0890,Spring 2026,Research Paper,False,0.39074043597422037,1488.5569496416915,8,52.78537218203036,2026-07-09 21:49:53.115589,91.41632412577172
AI0891,Spring 2026,Essay,True,0.34069184985546397,2393.157144305996,5,62.567813382843205,2026-08-08 21:49:53.116236,79.14857315301319
AI0892,Spring 2026,Literature Review,False,0.4636815493699747,1220.3697443933854,5,47.70369747846604,2026-08-07 21:49:53.116883,54.34599205424332
AI0893,Spring 2026,Case Study,False,0.27456224392950623,2168.7992499500106,14,38.58311448446452,2026-07-05 21:49:53.117376,74.33066019765043
AI0894,Fall 2026,Essay,False,0.5566466248529403,1151.1295228392266,12,60.411759067321036,2026-06-21 21:49:53.117702,78.18638736768162
AI0895,Fall 2025,Case Study,False,0.22782204845622472,1913.7714296608244,7,28.902204855765877,2026-08-17 21:49:53.117966,65.11050448445654
AI0896,Fall 2026,Case Study,False,0.5241844888085999,1584.0657941838015,7,35.64541947775987,2026-04-05 21:49:53.118341,62.545482048659295
AI0897,Fall 2026,Literature Review,True,0.6793348865842512,1053.025663839725,6,53.92354732166187,2026-06-17 21:49:53.118807,70.85938102774357
AI0898,Fall 2026,Research Paper,False,0.4639230287922852,1387.9099257019634,13,57.368437702581886,2026-08-10 21:49:53.119247,63.898553607417604
AI0899,Fall 2026,Lab Report,True,0.39976662040266747,1110.4120690273699,5,59.56983090939549,2026-05-17 21:49:53.119521,81.37682363003148
AI0900,Summer 2026,Lab Report,True,0.3891946751178025,2224.8985620162516,8,27.913098393633657,2026-03-19 21:49:53.119797,88.22703205800116
AI0901,Spring 2026,Essay,True,0.3204676345866183,2443.085544108716,13,39.2000075078546,2026-07-08 21:49:53.120216,77.12048395035363
AI0902,Fall 2026,Lab Report,True,0.39175329504427286,2125.988857719903,8,3.03495263586036,2026-05-01 21:49:53.120660,76.95157575778504
AI0903,Fall 2026,Lab Report,False,0.2668891789532719,1922.7964074012293,4,50.43582818059852,2026-05-17 21:49:53.121217,64.53606283579954
AI0904,Summer 2026,Lab Report,False,0.2432221458433346,1661.09490642738,9,41.230699677010534,2026-06-25 21:49:53.122070,71.28705888497588
AI0905,Fall 2026,Research Paper,False,0.6708700371363296,1598.1201411122352,10,2.919066446450554,2026-08-18 21:49:53.122556,63.829699383477504
AI0906,Fall 2026,Essay,True,0.5785354240054887,1632.8607491373798,9,47.9249768282443,2026-06-20 21:49:53.123253,78.21937007896581
AI0907,Fall 2026,Literature Review,True,0.5636867447268477,2080.6741426949175,1,46.836535630035776,2026-06-27 21:49:53.123785,74.99500564457416
AI0908,Fall 2025,Literature Review,False,0.3355078517934995,1621.452764353665,5,65.86584852606696,2026-04-04 21:49:53.124090,100.0
AI0909,Fall 2026,Literature Review,True,0.610759357849197,2191.4415143233746,8,12.126273641072613,2026-06-18 21:49:53.124340,85.37907895069914
AI0910,Fall 2025,Lab Report,False,0.047415611263901626,1856.1794645000605,5,17.537581897260758,2026-04-09 21:49:53.124589,99.3233410432695
AI0911,Summer 2026,Literature Review,False,0.49072710376911205,1797.495027893684,11,37.7974265799976,2026-03-16 21:49:53.124833,72.60432148130613
AI0912,Fall 2025,Case Study,False,0.10668171221672385,1620.8086420083819,8,26.81241111861568,2026-07-02 21:49:53.125087,79.26754919672233
AI0913,Fall 2026,Lab Report,False,0.29243063408475917,1113.416102053438,8,42.61069483053739,2026-06-02 21:49:53.125335,55.96458090716481
AI0914,Fall 2026,Case Study,True,0.49230287641630754,1463.8472560580349,6,37.19419845084484,2026-08-31 21:49:53.125576,79.78728028800796
AI0915,Spring 2026,Essay,True,0.42458491945074356,1806.754569002315,5,40.819392343372826,2026-07-12 21:49:53.125826,74.47589446563956
AI0916,Fall 2026,Research Paper,True,0.5809364713357147,995.3633765078562,7,17.413675667053585,2026-07-09 21:49:53.126082,78.27551038197038
AI0917,Fall 2026,Research Paper,True,0.543344418631759,1085.7624950045372,10,42.54375099641658,2026-03-20 21:49:53.126333,74.08448407691264
AI0918,Fall 2026,Literature Review,False,0.6106816158866397,1516.6896455752212,11,30.448150350972476,2026-08-30 21:49:53.126581,80.27469568720474
AI0919,Summer 2026,Case Study,False,0.4175757915909274,1880.4069861478915,6,33.20800345544924,2026-08-06 21:49:53.126823,59.97414925644515
AI0920,Fall 2026,Case Study,False,0.46483650532603527,2080.9072431010864,9,32.78263717407952,2026-07-23 21:49:53.127071,73.97461786881256
AI0921,Fall 2026,Lab Report,True,0.4341814565176005,2025.3609120399892,5,50.713559605473556,2026-06-19 21:49:53.127316,77.40557362176149
AI0922,Fall 2026,Case Study,False,0.4719849224393469,2232.439176002924,10,18.046642159028714,2026-08-09 21:49:53.127587,100.0
AI0923,Spring 2026,Essay,False,0.3849141584539833,1381.5697876787735,5,63.159757398310475,2026-06-13 21:49:53.127835,91.26666982094302
AI0924,Fall 2026,Case Study,True,0.4783530019244132,1509.90097454687,6,22.93273909910127,2026-08-11 21:49:53.128083,85.79516333183429
AI0925,Fall 2026,Case Study,False,0.5391948794937453,2324.1416017102983,12,11.924852155754389,2026-04-24 21:49:53.128349,68.22601462749964
AI0926,Fall 2026,Case Study,True,0.5135584745147224,1255.4273558100572,4,27.052675364676222,2026-05-25 21:49:53.128593,81.04278887275765
AI0927,Summer 2026,Case Study,False,0.42964594861040173,1477.6763112363647,9,0.2981615065729832,2026-08-18 21:49:53.128840,78.52262017666827
AI0928,Spring 2026,Literature Review,True,0.3462323462750703,2133.808789977504,4,44.404170201726146,2026-06-17 21:49:53.129088,84.44263248037814
AI0929,Summer 2026,Case Study,False,0.34649687748553337,1721.7660361799315,9,57.602355685255255,2026-05-27 21:49:53.129339,61.27514651698205
AI0930,Summer 2026,Essay,True,0.46556953763833553,895.6127774175743,3,18.60875331831177,2026-06-14 21:49:53.129580,84.1928456379722
AI0931,Spring 2026,Research Paper,False,0.36951981604226614,1296.4383741089769,4,22.49060067324407,2026-06-20 21:49:53.129826,74.94704513912126
AI0932,Spring 2026,Literature Review,False,0.4676150583105829,1384.7844352557624,3,17.834298793108157,2026-05-13 21:49:53.130082,63.894059222796315
AI0933,Summer 2026,Literature Review,False,0.49083802899943746,1801.8471454744588,7,17.20279776740239,2026-08-04 21:49:53.130652,76.98794717434836
AI0934,Spring 2026,Research Paper,False,0.41710154040679875,2334.1906339592506,8,46.91636349386529,2026-03-15 21:49:53.131846,100.0
AI0935,Summer 2026,Lab Report,True,0.35991740777572856,1315.7730973101916,8,62.589556584751804,2026-07-20 21:49:53.132321,76.1890382220727
AI0936,Summer 2026,Case Study,False,0.38509366047551924,1823.2545809281191,8,26.31013615313018,2026-06-10 21:49:53.132758,95.74913028557009
AI0937,Spring 2026,Case Study,False,0.1898328344631849,634.7465802846042,2,44.56642669936407,2026-04-21 21:49:53.133183,83.05842928641039
AI0938,Fall 2026,Essay,False,0.573780065009037,1403.0450846945796,11,19.9987171483645,2026-03-16 21:49:53.133433,76.87797200283093
AI0939,Spring 2026,Lab Report,True,0.26551798722845055,944.5511457888713,5,51.02177688695394,2026-06-14 21:49:53.133713,81.94167602671948
AI0940,Spring 2026,Research Paper,False,0.42067360098266676,2254.8516613731663,16,38.47426380231296,2026-07-18 21:49:53.133970,66.15585421233367
AI0941,Fall 2026,Case Study,False,0.4886123076689406,1079.8319984388181,9,21.2725775181651,2026-03-28 21:49:53.134219,74.83928499705434
AI0942,Spring 2026,Literature Review,False,0.4290810902979313,1104.8808889065158,8,43.27069238807309,2026-06-12 21:49:53.134476,76.00936344142885
AI0943,Summer 2026,Research Paper,True,0.5840743979500983,1115.3775911423118,5,20.248706461333448,2026-08-20 21:49:53.134724,81.45354877160592
AI0944,Summer 2026,Literature Review,False,0.5876538568027774,1433.6151697846806,8,40.99361024751332,2026-03-31 21:49:53.134977,83.86156629045823
AI0945,Spring 2026,Lab Report,False,0.1851933750183319,1458.2607714537294,9,20.552015376302162,2026-08-11 21:49:53.135234,74.74807357809557
AI0946,Summer 2026,Research Paper,False,0.4650414553165576,1699.8695557855228,8,53.84195454376294,2026-05-06 21:49:53.135476,78.38579035502369
AI0947,Fall 2026,Case Study,False,0.4705906681836786,1836.418313548631,5,49.246787971901036,2026-07-22 21:49:53.135726,82.381596674174
AI0948,Fall 2026,Research Paper,True,0.5177621283819303,1113.190628539484,12,24.845587668683304,2026-04-30 21:49:53.136026,76.17137703257677
AI0949,Fall 2026,Research Paper,True,0.6667920342103294,1597.8008620808948,10,43.48343076523749,2026-06-07 21:49:53.136285,72.4194659765516
AI0950,Fall 2025,Case Study,False,0.18824634942663582,1701.385594372232,6,22.53516729217161,2026-05-23 21:49:53.136534,78.29867920827871
AI0951,Fall 2026,Case Study,True,0.5410002209335594,1492.1957638286467,10,11.177685878596764,2026-03-14 21:49:53.136776,75.54197656107604
AI0952,Fall 2025,Research Paper,False,0.13443967146117342,2079.5668981751687,6,52.487133338118106,2026-03-14 21:49:53.137029,69.71928912263301
AI0953,Fall 2026,Literature Review,False,0.6463080616465827,1574.7186561937365,8,29.5039911039369,2026-06-17 21:49:53.137370,71.32319935248067
AI0954,Spring 2026,Case Study,False,0.20183921450810033,1710.7864711609432,9,42.686886146612245,2026-04-06 21:49:53.137878,89.83121753322739
AI0955,Fall 2026,Lab Report,False,0.40845734466175976,706.7464033568551,6,15.130371749032351,2026-06-01 21:49:53.138417,72.06700100462959
AI0956,Fall 2025,Essay,False,0.2245954245305194,2490.8046824591306,7,43.978984139983275,2026-06-14 21:49:53.138799,100.0
AI0957,Spring 2026,Research Paper,False,0.33693868296054175,1201.5689755348244,3,12.222551668513582,2026-06-10 21:49:53.139265,64.38644360980021
AI0958,Summer 2026,Lab Report,False,0.3528094290148274,1319.12800998378,11,15.119607604101818,2026-07-27 21:49:53.139786,91.6178590956894
AI0959,Summer 2026,Research Paper,False,0.4225169831222282,1606.1504148946688,14,41.581008306058514,2026-03-21 21:49:53.140307,70.8400032288637
AI0960,Spring 2026,Research Paper,False,0.2726827209880153,1337.8521054427174,11,31.25420945313025,2026-05-29 21:49:53.140764,74.61891888971182
AI0961,Summer 2026,Literature Review,False,0.6521079704433196,1884.1317409821063,7,54.19642863009129,2026-04-18 21:49:53.141239,87.01155772368571
AI0962,Summer 2026,Lab Report,False,0.34384474608477256,1297.0627571543737,8,20.033119555470318,2026-06-10 21:49:53.141674,76.59254850499153
AI0963,Spring 2026,Case Study,False,0.3315965726167435,1878.274495172294,14,25.541020981401225,2026-06-18 21:49:53.142086,95.5242052302481
AI0964,Fall 2026,Case Study,False,0.4956520670412974,1554.821610372504,12,46.37832358583725,2026-04-21 21:49:53.142448,69.98760738380551
AI0965,Fall 2026,Lab Report,True,0.4212626694868527,2177.019721552108,8,52.58220089511924,2026-03-20 21:49:53.142767,81.5957273587164
AI0966,Summer 2026,Research Paper,False,0.41829675268274186,1342.8672962143182,9,13.755290189104505,2026-06-01 21:49:53.143099,85.21257807997699
AI0967,Fall 2026,Research Paper,False,0.5033969602951076,1735.0182144994146,6,40.62840019285575,2026-08-25 21:49:53.143425,79.4824021102915
AI0968,Summer 2026,Research Paper,True,0.5072837772020963,1210.315066983359,9,8.121440881780705,2026-06-24 21:49:53.143748,75.4940160556026
AI0969,Fall 2026,Research Paper,True,0.6403977068685606,2360.813536029609,7,16.090315589376267,2026-06-29 21:49:53.144162,77.70889423351908
AI0970,Fall 2026,Research Paper,False,0.6104252196677576,1548.3689416961638,8,50.46294508726385,2026-07-12 21:49:53.144620,93.54807462443011
AI0971,Fall 2026,Literature Review,False,0.5890513003152117,2373.3730529510804,9,15.751432720943273,2026-08-22 21:49:53.145077,61.12788912741509
AI0972,Summer 2026,Essay,False,0.45674044295962374,1803.6165488216802,13,24.63899835253185,2026-04-01 21:49:53.145521,100.0
AI0973,Summer 2026,Literature Review,True,0.5377144652090103,2936.7996589492823,8,54.214782091788486,2026-06-12 21:49:53.146036,78.1069719631567
AI0974,Summer 2026,Research Paper,False,0.44660166080613195,1642.9492123286902,7,12.39719162813415,2026-03-16 21:49:53.146501,70.23178645672128
AI0975,Summer 2026,Essay,True,0.5431802311334806,1952.9047869534552,8,46.64972592866623,2026-07-09 21:49:53.147053,72.92401838327996
AI0976,Fall 2026,Essay,True,0.6781605837039179,1205.4598507877367,5,28.1253537534724,2026-04-30 21:49:53.147822,85.52995024850762
AI0977,Fall 2025,Case Study,False,0.14585229943746694,1645.9956776696176,6,19.640926318091193,2026-03-23 21:49:53.148301,77.3193310757599
AI0978,Fall 2025,Research Paper,False,0.3159738318656815,1289.5378646392528,6,38.84839979627748,2026-07-22 21:49:53.148669,100.0
AI0979,Fall 2025,Case Study,False,0.18075331860333496,1050.2274672260523,12,30.944399936348532,2026-05-12 21:49:53.149128,82.35850734744642
AI0980,Spring 2026,Lab Report,False,0.2577985296211488,1009.2178989765127,14,23.97106354632328,2026-05-17 21:49:53.149574,41.42031486588935
AI0981,Fall 2026,Essay,False,0.5113797314675687,1734.1851604777971,12,30.631725848008294,2026-05-16 21:49:53.150010,80.75471130552218
AI0982,Spring 2026,Case Study,False,0.21649694349320003,907.2685627306366,8,12.093901735489947,2026-08-01 21:49:53.150493,89.45360041626913
AI0983,Fall 2026,Case Study,False,0.5062084667620823,1209.5972118142934,8,4.605753358284755,2026-06-27 21:49:53.153297,72.95281488374867
AI0984,Fall 2025,Case Study,False,0.1408650211519716,2020.870385498544,10,41.10614136589687,2026-07-01 21:49:53.154059,72.67063313407957
AI0985,Spring 2026,Research Paper,True,0.32786593833980227,1331.7387815242594,6,23.66954417165082,2026-06-11 21:49:53.154864,71.12344715209785
AI0986,Summer 2026,Literature Review,False,0.575960163001577,1276.2838587846547,9,21.728105117084045,2026-05-12 21:49:53.155387,90.99533161737818
AI0987,Spring 2026,Essay,False,0.3967357606321374,2080.2261534465124,7,12.905446708941056,2026-04-22 21:49:53.155857,78.17762803625824
AI0988,Fall 2026,Lab Report,True,0.40111960923693935,1594.9156890735974,7,26.073936022363224,2026-08-10 21:49:53.156332,89.72990520543732
AI0989,Spring 2026,Literature Review,False,0.4260797482350565,1283.2326127492438,8,9.966831622338663,2026-04-14 21:49:53.156796,60.458629750470834
AI0990,Spring 2026,Research Paper,False,0.37550947120665806,1096.9965627825077,6,65.91796291013713,2026-07-18 21:49:53.157519,67.93927348655596
AI0991,Summer 2026,Research Paper,False,0.4233845907977112,1094.5862230915834,6,61.64903181481799,2026-08-28 21:49:53.158438,79.98652150037633
AI0992,Fall 2026,Case Study,True,0.5185498992920512,1825.2883983646666,12,41.34780505492016,2026-07-01 21:49:53.159044,80.47276799363306
AI0993,Spring 2026,Literature Review,False,0.47623863089746177,1644.6958114994072,8,31.408697461571876,2026-08-11 21:49:53.159548,92.01429416934948
AI0994,Spring 2026,Lab Report,False,0.1411598328800559,1959.6920779928637,9,69.5507375909002,2026-06-17 21:49:53.160023,70.62488428932825
AI0995,Summer 2026,Essay,False,0.4216148452313404,1448.4182536454862,9,14.876769040924342,2026-08-18 21:49:53.160503,59.25449902117072
AI0996,Fall 2025,Essay,False,0.33576518865659716,1361.7171946471249,13,39.77782103254974,2026-09-07 21:49:53.160999,93.267934279822
AI0997,Summer 2026,Case Study,True,0.34443422938592566,1048.0832523761796,12,53.54422312777525,2026-08-02 21:49:53.161515,87.97764886986356
AI0998,Fall 2026,Case Study,True,0.47905536306123764,1771.1831065859285,10,38.10650421240158,2026-07-27 21:49:53.162012,75.04732043909169
AI0999,Fall 2026,Lab Report,False,0.3884447969797871,1589.8965107934705,11,48.58046243235536,2026-06-29 21:49:53.162556,100.0
AI1000,Spring 2026,Literature Review,True,0.48066618301904224,1756.3968777754817,11,56.84300734895123,2026-03-24 21:49:53.163220,73.07896599855468
AI1001,Spring 2026,Essay,False,0.42420044715230387,1182.8558408849617,6,79.65363092757207,2026-07-27 21:49:53.164404,86.86216981920857
AI1002,Fall 2025,Research Paper,False,0.28685595880476555,2008.1486680781218,8,57.15041385646508,2026-03-20 21:49:53.165027,82.02868976434316
AI1003,Fall 2026,Case Study,False,0.5222304204104163,1482.4331541079766,7,8.807526278466296,2026-05-21 21:49:53.165566,58.98062371373919
AI1004,Fall 2025,Literature Review,True,0.32981094803987554,620.5633051728303,9,32.23508070199338,2026-04-11 21:49:53.166055,77.2947046133151
AI1005,Summer 2026,Research Paper,True,0.43949473247978893,1120.3568788014163,15,31.572244547093963,2026-07-06 21:49:53.166520,81.63375229625956
AI1006,Summer 2026,Case Study,True,0.33675098091994643,1820.973444651435,8,60.2385125449939,2026-07-13 21:49:53.166958,89.63351129361436
AI1007,Spring 2026,Literature Review,True,0.4171917601596487,1404.3645953149394,9,5.27404551080349,2026-07-17 21:49:53.167535,79.85908227379524
AI1008,Fall 2026,Essay,False,0.6734015919883406,1495.3160603242293,7,58.80631933603448,2026-07-03 21:49:53.168001,66.50120597600092
AI1009,Fall 2025,Research Paper,False,0.2613340271749109,2000.7900441343875,6,78.74835797057467,2026-08-11 21:49:53.168444,65.2890620718025
AI1010,Summer 2026,Essay,True,0.547785332146155,1641.8672044983336,11,5.957937902871749,2026-09-05 21:49:53.168913,85.41708249662474
AI1011,Fall 2026,Essay,False,0.5869596284518999,2484.4625971129317,9,41.12654374910326,2026-06-05 21:49:53.169602,75.67335256655136
AI1012,Fall 2026,Essay,False,0.6273847966625343,1755.0326247547105,9,28.58395912097864,2026-09-07 21:49:53.170109,64.0800584576003
AI1013,Summer 2026,Lab Report,False,0.2819556506468189,1383.6028193492823,6,85.22823593216738,2026-06-14 21:49:53.170599,86.45010926759485
AI1014,Spring 2026,Literature Review,True,0.5795792775829185,1709.5734732206713,6,35.943969490229286,2026-03-12 21:49:53.171083,78.29726270375048
AI1015,Fall 2026,Literature Review,True,0.7122854622100265,883.661393792542,4,49.47796480306494,2026-08-01 21:49:53.171560,72.17022934041368
AI1016,Fall 2026,Literature Review,False,0.6671087998151719,1160.264930721208,7,6.873453494048391,2026-08-06 21:49:53.172018,85.84081510083166
AI1017,Spring 2026,Literature Review,True,0.41517674709620833,2165.392543547098,9,57.65286514378997,2026-05-29 21:49:53.172468,82.10941304128964
AI1018,Fall 2025,Research Paper,True,0.28505678810115737,1948.063962122406,11,42.02827433192449,2026-06-12 21:49:53.172927,85.72848017956409
AI1019,Summer 2026,Essay,True,0.5499718497467871,987.1461682775199,4,47.82301116247363,2026-06-13 21:49:53.173419,77.30249187858327
AI1020,Summer 2026,Research Paper,True,0.5464880472474211,1216.8870852484129,9,15.534106880808201,2026-09-02 21:49:53.173896,70.67902111928056
AI1021,Summer 2026,Case Study,False,0.40045469358853575,1355.59166813676,5,28.632634176928267,2026-07-30 21:49:53.174361,64.97027038903722
AI1022,Summer 2026,Literature Review,False,0.47823977638175336,1384.2877011524638,3,32.43250140294372,2026-06-12 21:49:53.174685,91.3508821021891
AI1023,Spring 2026,Lab Report,False,0.1367897583246098,910.501131618809,6,40.85286684986351,2026-06-26 21:49:53.174991,58.27331066718947
AI1024,Fall 2026,Research Paper,False,0.6349578785819056,1972.5367819818491,7,32.74810025540639,2026-08-08 21:49:53.175251,75.06669907354386
AI1025,Fall 2026,Essay,True,0.54337382272388,1475.7385237044762,10,25.26380754967529,2026-09-04 21:49:53.175498,72.74645464725477
AI1026,Spring 2026,Research Paper,True,0.3177708970404738,1818.835750842915,16,22.58153983975338,2026-04-09 21:49:53.175744,77.87242847320398
AI1027,Summer 2026,Research Paper,False,0.35698950865372264,1528.843725170552,5,22.607047223274098,2026-04-12 21:49:53.175995,85.19027088107553
AI1028,Spring 2026,Essay,True,0.33377835616422463,1460.615212218016,10,16.565444373275813,2026-03-15 21:49:53.176238,81.62886954670765
AI1029,Fall 2026,Case Study,True,0.4723015988784126,1316.5166496456352,7,24.787607167123717,2026-05-05 21:49:53.176484,76.16808895420077
AI1030,Fall 2026,Literature Review,False,0.5889477058690052,1368.1605524169531,3,42.60633238908691,2026-05-23 21:49:53.176735,75.90541711321362
AI1031,Fall 2026,Research Paper,False,0.5658714098061034,2139.5327710392503,12,63.50750261493962,2026-05-11 21:49:53.176996,70.04419033387775
AI1032,Summer 2026,Research Paper,True,0.43421783075353465,1284.3824226057282,4,27.03957038453442,2026-08-24 21:49:53.177243,72.8089762200101
AI1033,Spring 2026,Case Study,True,0.3273569234524557,1799.3248002076343,9,72.88415248683812,2026-07-08 21:49:53.177493,71.68582141603468
AI1034,Fall 2026,Lab Report,False,0.37299202724916064,2448.15549258179,8,19.549856865422246,2026-06-30 21:49:53.177739,69.09860920612998
AI1035,Fall 2025,Lab Report,False,0.1351035700335824,1482.9997816988764,10,43.989432054712765,2026-04-06 21:49:53.177987,78.62613773480312
AI1036,Fall 2025,Essay,False,0.2796549736464563,1588.371320541448,5,24.65838808728375,2026-03-23 21:49:53.178230,83.00317241900822
AI1037,Summer 2026,Research Paper,True,0.461980616373951,1212.1578944519292,8,38.521883874059405,2026-09-05 21:49:53.178473,73.79127362940926
AI1038,Summer 2026,Essay,False,0.4365310962306007,1864.6673212805435,5,24.3859710841604,2026-05-19 21:49:53.178718,76.14846456777556
AI1039,Spring 2026,Research Paper,False,0.35301376460927475,1318.3547904111847,3,70.46361066010257,2026-05-02 21:49:53.178962,56.73382229174058
AI1040,Fall 2026,Literature Review,True,0.676167959359125,1261.698413895358,10,29.827405598286067,2026-06-03 21:49:53.179205,66.57294067164045
AI1041,Fall 2025,Case Study,False,0.1561781510998805,995.2070572672123,14,22.36848509777306,2026-05-23 21:49:53.179457,69.45847080998323
AI1042,Summer 2026,Essay,True,0.442925307669737,1884.6987750141475,9,15.369802801429952,2026-08-14 21:49:53.179712,78.70146427970418
AI1043,Fall 2026,Essay,False,0.6340302004475126,1251.0798381418922,10,18.477354167175406,2026-08-01 21:49:53.179966,71.49710629378622
AI1044,Spring 2026,Research Paper,False,0.3812643440261371,1393.0871798478104,6,34.76399894633852,2026-08-04 21:49:53.180210,57.47425510502249
AI1045,Fall 2026,Research Paper,True,0.5713994672497658,1096.67957847358,9,54.030535217393926,2026-04-02 21:49:53.180917,78.34739384869607
AI1046,Summer 2026,Literature Review,True,0.5458156378318071,1659.5717791477914,14,20.481662052236295,2026-03-31 21:49:53.181744,71.51985070837434
AI1047,Summer 2026,Research Paper,True,0.41422355056406496,2375.986527036338,10,11.197861141746865,2026-08-23 21:49:53.182602,81.26275290356749
AI1048,Fall 2026,Literature Review,False,0.7259538462296442,1489.696937441527,5,21.100401147590755,2026-07-18 21:49:53.183144,86.44727563228793
AI1049,Fall 2026,Case Study,False,0.4224641304200606,1556.4380665612396,8,31.07545204524711,2026-05-23 21:49:53.183523,81.52893904576595
AI1050,Spring 2026,Essay,False,0.34092470335230807,989.3601450954336,13,34.073505311887295,2026-04-07 21:49:53.183774,76.66764484415272
AI1051,Fall 2025,Research Paper,True,0.2747792616655265,1602.6931654168022,13,26.013245927397932,2026-03-22 21:49:53.184564,76.56786793145713
AI1052,Summer 2026,Literature Review,True,0.5888168004404757,1213.0322480584014,5,59.00026098486407,2026-08-18 21:49:53.185441,79.27971308277627
AI1053,Fall 2025,Essay,True,0.2764305165455023,741.454717037477,7,61.931738931097904,2026-06-18 21:49:53.186264,75.77831876814459
AI1054,Summer 2026,Lab Report,False,0.2187907749205099,1474.9683785936215,4,66.13136790933432,2026-08-09 21:49:53.186723,59.50659132076647
AI1055,Fall 2026,Lab Report,True,0.540078664003207,975.2622234328976,4,38.64823554530246,2026-05-06 21:49:53.187021,75.81212953109801
AI1056,Fall 2026,Research Paper,True,0.5165151559579713,2012.7332297178325,10,40.69891971898795,2026-07-13 21:49:53.187349,74.91786723473824
AI1057,Fall 2026,Literature Review,False,0.6271775140233284,1581.8752170165371,8,50.98087572961953,2026-08-02 21:49:53.187775,78.70044770340226
AI1058,Summer 2026,Research Paper,True,0.5057729193806066,1450.7613898138486,6,50.84054702381923,2026-07-29 21:49:53.188053,76.70269754400597
AI1059,Spring 2026,Essay,False,0.45402066312558576,1384.630717557648,7,6.959077616553689,2026-07-28 21:49:53.188313,89.24602218525737
AI1060,Spring 2026,Essay,False,0.3070723788119408,1748.1344570718259,8,21.61622856137894,2026-05-07 21:49:53.188700,66.27703528025299
AI1061,Summer 2026,Essay,False,0.45065747275760815,1158.8243025805837,5,57.823477020359036,2026-08-30 21:49:53.189151,92.02490104749845
AI1062,Fall 2026,Case Study,False,0.4476466234907421,972.6619383738497,7,10.463900993999372,2026-05-17 21:49:53.189502,74.15358471922414
AI1063,Spring 2026,Essay,True,0.4101036610756193,1464.1490104342442,7,15.831767707654803,2026-06-16 21:49:53.190022,79.90454212854388
AI1064,Summer 2026,Case Study,False,0.3251803650366353,1848.7542611667704,4,58.16244485610864,2026-03-27 21:49:53.190389,81.79075862660845
AI1065,Fall 2026,Essay,False,0.5792612032117723,480.5248709533257,8,50.23489363308806,2026-08-18 21:49:53.190935,66.21885786112131
AI1066,Fall 2026,Essay,True,0.6795593198531331,1573.2573145631527,11,19.368638558652254,2026-07-13 21:49:53.191658,77.24539359754023
AI1067,Spring 2026,Literature Review,True,0.448840773045962,1047.9248171881889,11,33.22864396556138,2026-06-07 21:49:53.192164,79.94030521019818
AI1068,Fall 2025,Essay,False,0.2881865153508122,1519.0678841653244,8,14.0564636078182,2026-08-15 21:49:53.192637,80.5287375602562
AI1069,Fall 2025,Literature Review,True,0.40733157437930806,1348.3333201834603,8,54.58781990195567,2026-06-12 21:49:53.193129,78.22956913196724
AI1070,Summer 2026,Lab Report,True,0.32970908163235657,1583.1307248758405,5,61.38891841053591,2026-05-02 21:49:53.193599,76.67478015363633
AI1071,Fall 2026,Essay,True,0.5847024220553976,1387.4584700137395,4,4.918417012693755,2026-03-24 21:49:53.194107,87.41992904295131
AI1072,Fall 2026,Lab Report,False,0.3943482695283671,1321.7632256331844,3,25.86331258486184,2026-04-16 21:49:53.194580,61.47542403851344
AI1073,Fall 2025,Research Paper,False,0.27925262744940427,1675.9208837043532,7,8.674069950934088,2026-07-10 21:49:53.195055,91.53999218722916
AI1074,Fall 2025,Case Study,False,0.08365720324798029,900.0653368736575,9,59.37674029585662,2026-08-31 21:49:53.195698,65.78543541555119
AI1075,Fall 2025,Essay,False,0.28170686176366483,1311.3459452572154,10,66.99687241737567,2026-04-13 21:49:53.196263,98.2269050060167
AI1076,Summer 2026,Essay,False,0.5518683582074762,1813.5087430621916,3,36.2033063812438,2026-08-04 21:49:53.196897,86.18863129716303
AI1077,Spring 2026,Lab Report,False,0.21146628395140754,1281.7639418462436,11,31.85008069965202,2026-05-18 21:49:53.198226,70.97813090022052
AI1078,Fall 2026,Lab Report,False,0.4423677646783078,1040.4406784989615,6,26.684440374071926,2026-03-23 21:49:53.199093,77.5280087683035
AI1079,Summer 2026,Essay,True,0.5034490550031512,1161.4694606502292,9,6.515673696044891,2026-04-21 21:49:53.199396,79.04216083895435
AI1080,Spring 2026,Research Paper,False,0.33125332054287143,1613.8136875165906,11,20.717908361202507,2026-06-18 21:49:53.199671,88.5834067228077
AI1081,Summer 2026,Essay,False,0.4508876282541398,1245.297994837049,5,14.106015954772571,2026-08-31 21:49:53.200103,70.01785293508166
AI1082,Summer 2026,Lab Report,True,0.25914863374898667,1430.2831956783673,4,22.91119223235279,2026-08-05 21:49:53.200628,75.80548262429603
AI1083,Spring 2026,Literature Review,True,0.46611357028038053,2198.5884106881085,7,19.324429995975585,2026-05-19 21:49:53.201270,73.28958046633873
AI1084,Fall 2026,Literature Review,True,0.6750501289798897,1972.7584019133085,9,64.30006349792224,2026-04-15 21:49:53.202613,75.16793044717906
AI1085,Fall 2026,Case Study,True,0.3640180999788817,1142.4982008921788,5,38.81950933940456,2026-08-03 21:49:53.203226,85.33657876733406
AI1086,Summer 2026,Essay,False,0.5389872678635494,1023.4978557703864,6,65.73524628575073,2026-05-30 21:49:53.203726,81.7962239476971
AI1087,Spring 2026,Essay,True,0.4047143843731517,932.3403436419504,7,64.47928513605106,2026-05-13 21:49:53.204465,82.42006122224217
AI1088,Spring 2026,Literature Review,False,0.4392700706447072,1469.6125438198571,6,40.46248560596247,2026-04-06 21:49:53.204872,100.0
AI1089,Summer 2026,Case Study,False,0.40554587512778717,1587.0817039820652,5,34.96547326471045,2026-05-28 21:49:53.205173,82.15839771996592
AI1090,Summer 2026,Literature Review,False,0.5204074404156769,1271.510414598701,3,15.652785636709703,2026-05-07 21:49:53.205422,77.29054218374235
AI1091,Fall 2026,Essay,True,0.5809970160734,1570.0355787589765,7,13.14833968319109,2026-05-12 21:49:53.205667,78.15383564548827
AI1092,Fall 2026,Case Study,False,0.4848258154192161,1686.4685044813214,14,13.629904824735304,2026-03-15 21:49:53.205917,74.82431048897007
AI1093,Fall 2026,Essay,False,0.6316944980908338,1366.8712265540166,13,36.16913602215946,2026-06-06 21:49:53.206204,59.88285466502241
AI1094,Fall 2026,Research Paper,False,0.5919599565876933,852.1933882114882,11,68.49588026376219,2026-08-13 21:49:53.206449,62.992261845010354
AI1095,Fall 2025,Case Study,False,0.13092960364014225,1397.9792919333138,12,33.74591398731242,2026-09-07 21:49:53.206761,94.96575651967177
AI1096,Fall 2026,Essay,True,0.6764438903136094,1684.920714737736,6,36.516282952604676,2026-03-20 21:49:53.207136,79.1328337910927
AI1097,Fall 2026,Lab Report,False,0.4487915596832569,1818.706604487632,10,35.73060584172089,2026-07-05 21:49:53.207765,59.5864114703822
AI1098,Fall 2025,Research Paper,True,0.24079031709339044,1099.7773400165747,6,9.920724740592743,2026-06-24 21:49:53.208280,83.73550704371826
AI1099,Spring 2026,Research Paper,False,0.41503051485096265,2254.4476037125783,10,11.422835597060377,2026-04-11 21:49:53.208729,94.3140613700258
AI1100,Fall 2026,Literature Review,True,0.8550171137317583,1597.7223754517497,5,37.55237748350805,2026-04-15 21:49:53.209075,77.24002843065492
AI1101,Fall 2026,Case Study,True,0.4757654169234841,2078.222844311481,6,16.378166175557812,2026-05-28 21:49:53.209515,78.70347478574276
AI1102,Fall 2026,Lab Report,False,0.43447410449920687,1731.7965703750465,10,20.27449733840465,2026-06-01 21:49:53.209790,64.71928913003357
AI1103,Fall 2026,Essay,False,0.6073311185745833,1369.0654562107388,8,57.08043276457448,2026-05-28 21:49:53.210041,57.69885487838471
AI1104,Fall 2026,Case Study,False,0.4949721324172517,1728.4565021794585,7,62.489737518216096,2026-03-23 21:49:53.210286,57.73575748556524
AI1105,Summer 2026,Research Paper,True,0.4319966769025389,1841.9784622185816,8,52.350164926896966,2026-05-30 21:49:53.210558,81.76415879536843
AI1106,Summer 2026,Research Paper,False,0.4623426748277199,1555.5260094625553,7,3.2492945863685305,2026-03-31 21:49:53.210818,66.5072121471875
AI1107,Fall 2026,Research Paper,False,0.5509593318591827,1528.422830675167,13,17.77372782913062,2026-06-24 21:49:53.211116,75.38460551973519
AI1108,Fall 2025,Essay,False,0.3785770389183643,1551.9660711323536,7,25.558009359618993,2026-04-14 21:49:53.211364,82.76164672088014
AI1109,Fall 2025,Research Paper,True,0.30470199543495385,1202.0128577083676,8,14.501305678058968,2026-05-13 21:49:53.211605,83.30682402913496
AI1110,Spring 2026,Case Study,True,0.38033217347864806,2141.950612138861,8,45.53218078114765,2026-06-23 21:49:53.211852,85.30292810296082
AI1111,Fall 2026,Literature Review,True,0.5864942087102516,2055.5659586428546,4,45.00661627568445,2026-08-04 21:49:53.212109,72.89696788940809
AI1112,Fall 2026,Case Study,False,0.5137617819548517,1506.0750502302867,6,40.19302082282984,2026-09-05 21:49:53.212362,84.0692867850648
AI1113,Summer 2026,Research Paper,False,0.3902208612581284,1920.0360251229856,7,16.84403736743789,2026-05-10 21:49:53.212603,77.8917410733291
AI1114,Spring 2026,Research Paper,False,0.2106870959150816,1726.7895038477197,9,13.331314551574422,2026-07-05 21:49:53.212845,59.321634001039776
AI1115,Summer 2026,Research Paper,True,0.472177657340632,1153.2837360514561,13,17.481685972181086,2026-08-10 21:49:53.213096,79.34570869022056
AI1116,Spring 2026,Literature Review,True,0.422961671948477,1948.442708556287,6,31.74421911098173,2026-03-17 21:49:53.213356,78.90976807048521
AI1117,Fall 2026,Case Study,False,0.4586823683656729,1171.63228118913,13,35.80606113146928,2026-06-14 21:49:53.214016,81.51925068753984
AI1118,Summer 2026,Case Study,False,0.35153726976157507,1037.021560846078,10,63.339285215909136,2026-04-03 21:49:53.214543,80.7516265860524
AI1119,Fall 2025,Lab Report,True,0.12768553292931134,1876.7370912051222,5,4.1912584447666195,2026-05-01 21:49:53.215292,74.96132475505067
AI1120,Spring 2026,Lab Report,False,0.24689064755908807,1651.8636406219819,9,74.04218507255015,2026-08-12 21:49:53.215834,78.91268659949239
AI1121,Fall 2025,Essay,True,0.3408727553482096,739.9892759370445,6,69.37645201536074,2026-06-16 21:49:53.216735,86.88131558537386
AI1122,Fall 2026,Literature Review,False,0.5530663194143552,1380.9536973584986,7,39.232219070336086,2026-07-09 21:49:53.217585,59.72265995891064
AI1123,Fall 2026,Case Study,False,0.5100502597020464,1894.6084534100564,10,46.170151225119824,2026-06-19 21:49:53.218065,62.44905027503235
AI1124,Spring 2026,Literature Review,False,0.4777879307108352,1525.8844304129057,5,16.42045534246424,2026-08-25 21:49:53.218616,68.05210781296394
AI1125,Fall 2026,Case Study,False,0.33207328669544184,1671.6570082583464,1,41.78480426987777,2026-04-30 21:49:53.219405,89.16100116393159
AI1126,Spring 2026,Literature Review,True,0.3954085218994563,1817.5515764597483,5,7.6353246976531395,2026-05-25 21:49:53.219939,79.11143124146764
AI1127,Fall 2026,Case Study,False,0.3637355560636447,2199.937910348704,8,17.322764223409838,2026-08-25 21:49:53.220697,59.64219031571416
AI1128,Fall 2026,Literature Review,True,0.608035655475065,1334.684909770006,6,46.989065384317556,2026-04-27 21:49:53.221380,80.77586336324798
AI1129,Fall 2025,Research Paper,False,0.25018432455225204,1562.3367299046101,6,36.65581123245442,2026-05-02 21:49:53.222144,80.24710135306246
AI1130,Fall 2025,Lab Report,False,0.06272413637713883,1831.8729723822703,5,44.790588427597314,2026-08-31 21:49:53.222546,77.7251577219973
AI1131,Fall 2026,Essay,False,0.6032850151551211,518.1437547311109,7,58.451543245121314,2026-04-04 21:49:53.222863,66.57965277014546
AI1132,Fall 2026,Lab Report,False,0.41694312486105306,2275.180417855581,11,11.789818933147794,2026-03-18 21:49:53.223742,94.44411702870485
AI1133,Spring 2026,Lab Report,False,0.06549347953206441,1080.3179196213146,6,33.339608413678015,2026-03-21 21:49:53.224263,74.93942958311315
AI1134,Summer 2026,Research Paper,False,0.4066368966449384,1376.3617280027763,4,37.775198891854444,2026-04-20 21:49:53.224722,68.18564334091074
AI1135,Fall 2026,Essay,True,0.6065469606136928,1222.4042796682133,11,37.0042477033907,2026-04-18 21:49:53.225187,72.61491888883306
AI1136,Summer 2026,Literature Review,True,0.5266135993970013,1238.51083925306,4,8.745639306961651,2026-06-16 21:49:53.225644,74.8751492578373
AI1137,Spring 2026,Essay,False,0.29139081719273674,1822.0742203339819,13,44.41301463235103,2026-04-06 21:49:53.226213,90.93127158617833
AI1138,Spring 2026,Essay,False,0.3595297343756504,1530.0822510102976,6,24.810844381504463,2026-07-31 21:49:53.226684,87.13702971812535
AI1139,Spring 2026,Lab Report,False,0.20614153067583335,1455.1954355123582,10,2.1194504500842997,2026-04-01 21:49:53.227145,82.36158500165664
AI1140,Spring 2026,Essay,False,0.4266778585416155,1247.8797768596326,5,44.23184949824183,2026-05-20 21:49:53.227618,95.60248943444958
AI1141,Spring 2026,Research Paper,False,0.477050206329094,1402.1794034539093,4,4.886058734743923,2026-03-25 21:49:53.228067,83.74825212361577
AI1142,Fall 2026,Lab Report,False,0.5127659867159751,1713.0072115393004,7,39.61996358554062,2026-04-23 21:49:53.228516,67.50491951556236
AI1143,Summer 2026,Essay,False,0.48436639392905056,2393.0601007707824,11,57.5033273816163,2026-05-16 21:49:53.228965,73.22397407841498
AI1144,Summer 2026,Case Study,True,0.4085321877739436,857.8087640844935,11,37.62601772434771,2026-05-22 21:49:53.229420,75.98060629330428
AI1145,Fall 2026,Lab Report,False,0.4510360479012343,1211.3526266319445,9,45.75451249351697,2026-03-27 21:49:53.229865,69.17783878207898
AI1146,Fall 2025,Lab Report,False,0.09525546397368265,1240.5937955518295,6,11.10624410906139,2026-04-18 21:49:53.230840,69.3899274799902
AI1147,Spring 2026,Essay,False,0.3235902821081902,1239.127845973018,10,33.68477377069137,2026-03-23 21:49:53.231839,63.62347923632322
AI1148,Spring 2026,Research Paper,True,0.2971547831156021,1664.992572442062,9,35.423248423479976,2026-07-04 21:49:53.232351,85.42851311712997
AI1149,Summer 2026,Research Paper,True,0.4868550189585295,1520.5990430115796,10,45.53840458545359,2026-05-09 21:49:53.232808,73.24470249257949
AI1150,Fall 2025,Essay,False,0.3014245501949551,1689.8159329932296,14,35.223244550184035,2026-08-03 21:49:53.233283,70.0989881951474
AI1151,Fall 2026,Research Paper,False,0.48477516069149273,1847.3839786208423,8,47.24193182558424,2026-06-02 21:49:53.233602,63.34170165183778
AI1152,Spring 2026,Literature Review,True,0.4625044884666929,1298.4852485295612,8,44.24434320013961,2026-08-17 21:49:53.233851,82.09552284333515
AI1153,Fall 2026,Essay,False,0.6229993593255702,1033.3618347888118,4,67.2535281205075,2026-03-13 21:49:53.234453,57.38281852333385
AI1154,Summer 2026,Essay,True,0.5797361131767936,1447.61970613244,6,36.938435390546466,2026-08-31 21:49:53.234800,74.4582132315019
AI1155,Fall 2026,Lab Report,False,0.4101081346886193,1568.3543497949624,6,3.0219026353039897,2026-07-24 21:49:53.235074,65.05433086915895
AI1156,Fall 2026,Essay,True,0.664205352780782,864.7121282601624,12,41.39213349744998,2026-05-31 21:49:53.235432,86.6658363429647
AI1157,Fall 2025,Lab Report,False,0.11172210300670625,1648.2931933865977,7,11.731065604517923,2026-06-05 21:49:53.236028,68.8806054253572
AI1158,Summer 2026,Case Study,True,0.390298058474137,1339.6692550320522,6,12.853235278154651,2026-06-03 21:49:53.236362,81.07810083473147
AI1159,Fall 2026,Research Paper,True,0.5991460083649284,1331.2246140355962,9,47.55987517000456,2026-09-01 21:49:53.236649,77.0663242526767
AI1160,Fall 2026,Research Paper,True,0.5785285873975978,1607.5091779983181,7,38.931704111751806,2026-07-15 21:49:53.236908,74.52347403628234
AI1161,Fall 2026,Essay,False,0.6213161535078212,1762.6723059175342,7,39.391917499396364,2026-03-26 21:49:53.237263,87.94215159723866
AI1162,Fall 2026,Case Study,False,0.4346880887083721,1642.2024964437203,11,62.19385779547996,2026-04-24 21:49:53.237695,62.57260935993887
AI1163,Spring 2026,Case Study,False,0.290630598614552,974.0466814169818,10,21.833429218516752,2026-06-03 21:49:53.238172,55.89555443713543
AI1164,Summer 2026,Lab Report,False,0.3517044706963075,1324.7529249866607,7,63.193783160095286,2026-04-17 21:49:53.238619,72.94381210013515
AI1165,Fall 2026,Case Study,False,0.3054057050917963,1588.5000382863316,10,48.06039660305375,2026-04-26 21:49:53.239070,81.90737854642101
AI1166,Summer 2026,Literature Review,True,0.5836362636144861,1522.0575139627379,11,31.504248744385592,2026-08-01 21:49:53.239507,67.63536660649615
AI1167,Fall 2026,Case Study,False,0.4147503614809764,1685.8546287808995,12,13.488813844890304,2026-06-10 21:49:53.239980,63.597195367306576
AI1168,Summer 2026,Lab Report,False,0.27074596183762123,1898.9614245044804,3,23.55652122518182,2026-08-21 21:49:53.240457,81.24938076012995
AI1169,Fall 2026,Literature Review,True,0.6593360924960909,1755.5430268861858,5,34.05457623602816,2026-04-30 21:49:53.240922,80.53040734796822
AI1170,Fall 2026,Lab Report,False,0.43261853434279424,1223.132396592518,8,24.5783674915853,2026-06-15 21:49:53.241426,89.01734248189865
AI1171,Fall 2026,Literature Review,True,0.7307719343797832,1679.8464849770728,10,18.518121501846345,2026-06-18 21:49:53.241777,75.28449710238729
AI1172,Spring 2026,Literature Review,False,0.4402500863404341,1590.9062360817315,7,34.032208185369996,2026-08-27 21:49:53.242041,79.30234418919308
AI1173,Fall 2026,Lab Report,False,0.3961571844426476,791.4423962904877,7,44.14218987453601,2026-03-31 21:49:53.242291,85.16869198728712
AI1174,Fall 2026,Research Paper,True,0.5448062051589405,1502.3363743546777,6,21.483309110322605,2026-07-01 21:49:53.242535,85.08947465917538
AI1175,Summer 2026,Research Paper,False,0.5326210784723076,1453.7478286220135,12,22.90173412598648,2026-08-28 21:49:53.242785,91.15865696468545
AI1176,Summer 2026,Case Study,False,0.45214545533566086,1263.3435609477951,6,33.20308384374515,2026-08-10 21:49:53.243033,53.25899146976337
AI1177,Fall 2026,Lab Report,False,0.31953019212648237,1159.780767705095,5,19.67591921462182,2026-08-18 21:49:53.243303,61.141569524522055
AI1178,Fall 2026,Essay,True,0.6418828891134941,804.1804399327648,8,47.785699122071755,2026-07-26 21:49:53.243547,76.66890664020175
AI1179,Fall 2026,Literature Review,True,0.6767067594916878,1919.8594673500081,10,31.95927202696995,2026-06-17 21:49:53.243805,87.49110950581276
AI1180,Fall 2025,Lab Report,True,0.10917454782878111,1640.106577906177,4,32.501837554595035,2026-08-02 21:49:53.244137,76.46660406405158
AI1181,Spring 2026,Essay,False,0.4568055359784701,1393.5610980960432,6,14.660885544242044,2026-03-23 21:49:53.244470,79.30602652615765
AI1182,Fall 2026,Literature Review,False,0.6522807128008045,1817.8659967589028,11,36.37941766342125,2026-07-30 21:49:53.244718,93.86838007640375
AI1183,Fall 2026,Case Study,False,0.44209861894917296,2071.7580987468186,7,42.939800383500106,2026-05-30 21:49:53.244973,87.32159391552335
AI1184,Spring 2026,Case Study,False,0.23997101756403025,1613.8460380992015,9,54.058206723293466,2026-06-15 21:49:53.245244,64.93699555752316
AI1185,Fall 2026,Case Study,False,0.49263702815775046,1891.7140141646348,7,49.46719842354227,2026-05-16 21:49:53.245487,100.0
AI1186,Fall 2025,Lab Report,False,0.19346923304525587,1230.8196133501508,9,29.625645275251962,2026-07-28 21:49:53.245729,56.61140964556797
AI1187,Fall 2025,Essay,True,0.2442657182696879,1359.5773552769272,8,13.326494806350727,2026-04-19 21:49:53.245976,83.33435283153781
AI1188,Fall 2026,Literature Review,True,0.7226073289940879,1795.6763784382151,7,13.34625466193744,2026-06-21 21:49:53.246232,75.42112241635697
AI1189,Spring 2026,Essay,False,0.43158307570913723,1662.3357779447479,6,35.7953935815761,2026-04-27 21:49:53.246483,77.03665465310253
AI1190,Fall 2026,Research Paper,False,0.46740171385520873,1137.3080754910575,10,22.63662269963516,2026-03-27 21:49:53.246727,69.70643678861545
AI1191,Spring 2026,Essay,True,0.4089487155925268,1480.623877236258,8,27.737740850191155,2026-03-18 21:49:53.247640,80.47091084469206
AI1192,Fall 2026,Lab Report,False,0.3641104218098503,1710.9720026399077,4,48.75176227410824,2026-07-10 21:49:53.248184,82.00704832241648
AI1193,Summer 2026,Case Study,True,0.38143742472762104,1510.7150311709715,6,33.84514217082341,2026-04-13 21:49:53.248937,76.2454117004303
AI1194,Fall 2026,Essay,True,0.6128850445512287,2050.917216339333,0,31.39802635521794,2026-08-14 21:49:53.249492,82.72376061363511
AI1195,Summer 2026,Literature Review,False,0.4575588900679513,1380.8926445818709,7,50.68827897060335,2026-03-15 21:49:53.250157,79.4255245614125
AI1196,Spring 2026,Lab Report,True,0.24690656019350005,1689.4022720541034,4,2.5794394008095254,2026-03-24 21:49:53.250690,81.78241615193171
AI1197,Fall 2026,Lab Report,True,0.4332918278759708,1528.9893290262419,5,33.71189616738652,2026-04-10 21:49:53.252818,81.13947682642322
AI1198,Spring 2026,Lab Report,True,0.14206892586463446,1525.377746843195,4,28.791726419751097,2026-05-07 21:49:53.253432,80.4684254766348
AI1199,Fall 2026,Case Study,False,0.5046590686019262,1399.5286887948669,9,67.30077995050372,2026-03-28 21:49:53.254049,68.50350197848809
AI1200,Fall 2026,Literature Review,False,0.6872786706377252,1858.5271643345561,7,18.307073977421314,2026-08-31 21:49:53.254537,86.66858949170451
AI1201,Fall 2025,Research Paper,False,0.26301434235866294,1286.7844379956405,6,43.36304968244265,2026-06-02 21:49:53.254795,58.106845234570564
AI1202,Spring 2026,Case Study,False,0.3690751521156309,1563.1349199863384,12,13.529297416559313,2026-08-31 21:49:53.255379,90.63329215802193
AI1203,Summer 2026,Research Paper,True,0.48836902077675015,1439.8250925671405,4,19.322656762567682,2026-08-21 21:49:53.255999,73.42554738589386
AI1204,Fall 2026,Lab Report,True,0.36166171829596916,1997.1465288981917,7,29.337273335897855,2026-07-26 21:49:53.256711,79.40785944155604
AI1205,Fall 2026,Essay,True,0.5607545827255195,1524.4502214547174,4,48.778945035736555,2026-06-17 21:49:53.257334,72.94943026041256
AI1206,Fall 2026,Lab Report,True,0.5298169741002825,2080.6294265415236,10,50.02312730869595,2026-06-25 21:49:53.258199,75.89030972612255
AI1207,Summer 2026,Case Study,False,0.37433348380356224,1733.0945336272853,9,37.76852887626437,2026-08-07 21:49:53.258740,78.0445995418483
AI1208,Fall 2026,Research Paper,True,0.6137268689111591,1164.0676570308246,8,26.793239964765437,2026-07-10 21:49:53.259397,73.52676032971331
AI1209,Summer 2026,Lab Report,False,0.3105581402011969,1876.094780373992,8,16.81896914094452,2026-06-26 21:49:53.260059,83.05137584753868
AI1210,Fall 2025,Literature Review,False,0.38483195332306697,1317.4014308542075,8,33.38429504389891,2026-09-07 21:49:53.260330,66.1091001690036
AI1211,Spring 2026,Research Paper,False,0.3113969621002907,1821.2810461882248,7,1.3005310489879391,2026-06-01 21:49:53.260584,82.08273678648617
AI1212,Fall 2026,Case Study,False,0.39696835175639955,1323.2340645352783,9,36.931038966504644,2026-05-11 21:49:53.260840,75.27836523555173
AI1213,Fall 2026,Essay,True,0.47960649816357176,913.0896957504411,7,24.7694005766767,2026-05-01 21:49:53.261098,70.0363190655341
AI1214,Fall 2026,Literature Review,False,0.6013110843120294,1919.1391435964729,12,34.838276804209215,2026-08-28 21:49:53.261355,83.98463878455148
AI1215,Fall 2026,Research Paper,True,0.6282381486210208,590.6127342116939,4,39.96655551743357,2026-06-19 21:49:53.261661,73.92571211248129
AI1216,Fall 2026,Research Paper,False,0.5844575132192835,873.6109941053476,8,26.92769261434086,2026-03-25 21:49:53.261915,62.695335573975385
AI1217,Spring 2026,Literature Review,False,0.42995501587179524,1197.6701756531693,4,32.47793921575671,2026-03-17 21:49:53.262166,64.44420423632617
AI1218,Fall 2026,Literature Review,False,0.5949666476519551,2546.5746177606693,3,47.01625442954339,2026-04-24 21:49:53.262422,69.06895737778086
AI1219,Fall 2025,Lab Report,False,0.149780575872751,963.0049993641514,4,35.77876321518443,2026-05-17 21:49:53.262666,57.26295231520368
AI1220,Fall 2026,Lab Report,False,0.44690382977551857,1597.55119276931,9,48.962775393984764,2026-05-08 21:49:53.262908,54.16162471392866
AI1221,Fall 2026,Research Paper,False,0.5727904706244664,1249.9985973364232,8,22.877306357698483,2026-04-13 21:49:53.263779,84.52996311690343
AI1222,Fall 2026,Essay,False,0.5841803624789558,1233.6709489690013,11,72.86674639217709,2026-07-01 21:49:53.265389,85.28766090923665
AI1223,Summer 2026,Essay,True,0.4380915744140176,1501.5372490516866,9,15.212415779845227,2026-05-05 21:49:53.266734,81.01804906855284
AI1224,Spring 2026,Research Paper,False,0.2970332298797866,1422.3929098878266,5,11.137453743770308,2026-08-16 21:49:53.267535,61.783320987719954
AI1225,Fall 2026,Case Study,True,0.4455822021042585,1035.8953240901196,9,4.217807534517854,2026-08-21 21:49:53.268149,70.47604897679496
AI1226,Fall 2026,Literature Review,True,0.7490479786660496,1209.9168637924909,6,4.728965478939307,2026-08-04 21:49:53.268637,78.72463973071524
AI1227,Summer 2026,Case Study,False,0.26344531591498155,963.1415377764877,10,70.77637399349938,2026-05-10 21:49:53.269354,59.20929225049266
AI1228,Fall 2025,Lab Report,False,0.1909357281388821,1554.9258148390932,8,53.89354616184083,2026-04-24 21:49:53.269900,52.91595480244722
AI1229,Spring 2026,Literature Review,False,0.35320858184012177,1410.3317786087907,5,15.470434479145222,2026-07-02 21:49:53.270202,88.27307824714522
AI1230,Fall 2026,Research Paper,False,0.5608958854013133,1835.8932874858647,7,31.288511864791595,2026-06-27 21:49:53.270454,71.4829636399236
AI1231,Fall 2026,Lab Report,False,0.4141581316960858,683.544364738062,10,7.956872179858077,2026-06-24 21:49:53.270722,58.02332338879566
AI1232,Summer 2026,Research Paper,True,0.43427338366725027,764.0714869169428,13,20.386530660656963,2026-05-31 21:49:53.271153,80.16129947791484
AI1233,Summer 2026,Literature Review,False,0.5917021930579719,1674.4675509761835,3,25.584150796029654,2026-07-23 21:49:53.271557,87.08558183165592
AI1234,Fall 2026,Case Study,False,0.4092595210388239,1592.8030142222892,8,24.075877887760154,2026-03-12 21:49:53.271917,59.47253994219675
AI1235,Spring 2026,Literature Review,False,0.39442951870446863,1276.4797449780926,10,21.245703468326802,2026-07-23 21:49:53.273301,87.52872046595779
AI1236,Fall 2025,Literature Review,False,0.28929141003159514,1746.9013840002735,7,16.24867465616359,2026-07-15 21:49:53.274564,99.91080848952517
AI1237,Fall 2025,Research Paper,False,0.3217112681159897,1534.3652453559002,12,28.248228665232244,2026-03-16 21:49:53.275478,80.45991494317114
AI1238,Fall 2025,Essay,False,0.25843694382890453,967.6520321419058,13,21.06356934375207,2026-07-08 21:49:53.275951,72.9449537553457
AI1239,Fall 2026,Lab Report,True,0.36024301554802024,1509.740704527798,7,76.42072736182067,2026-07-10 21:49:53.276276,79.52605572340259
AI1240,Spring 2026,Literature Review,True,0.4920816957566507,1450.8360012148275,6,11.492950137658493,2026-07-22 21:49:53.276529,73.66427773184839
AI1241,Summer 2026,Research Paper,False,0.4405140068104074,1771.9021992283901,11,7.945480808235769,2026-04-10 21:49:53.276791,62.87592449398488
AI1242,Summer 2026,Research Paper,True,0.5482571529520625,1526.130265639756,7,26.435689604415092,2026-06-02 21:49:53.277147,73.93728423027845
AI1243,Summer 2026,Case Study,False,0.33980153355830517,1826.739593009859,7,8.88136122936724,2026-05-14 21:49:53.277433,90.99102560744821
AI1244,Summer 2026,Lab Report,False,0.35684576374427557,1655.9226132236329,3,39.16992566245185,2026-06-03 21:49:53.278541,78.29815916628203
AI1245,Spring 2026,Literature Review,False,0.4012056907523062,1642.386727798475,8,39.56002542629788,2026-07-25 21:49:53.280098,61.922137071175506
AI1246,Summer 2026,Essay,True,0.538220067424889,2077.3931451026842,7,48.90714435701268,2026-05-30 21:49:53.282062,70.78258139491562
AI1247,Fall 2026,Lab Report,True,0.44391580039239864,1965.7850838020909,5,16.558677059180212,2026-07-13 21:49:53.282575,77.09278667135594
AI1248,Fall 2026,Essay,True,0.7185312045387818,1626.214495106824,5,6.558962266307579,2026-06-30 21:49:53.282962,77.39185442715056
AI1249,Summer 2026,Research Paper,False,0.3870723011467162,1594.7601040586214,6,8.568517979385529,2026-09-05 21:49:53.283347,86.47385797475509
AI1250,Summer 2026,Literature Review,True,0.4928276387271599,971.4116142763361,11,12.325597865632853,2026-04-30 21:49:53.283761,75.30488141711318
AI1251,Fall 2026,Research Paper,False,0.6021406215669628,2333.6858630338957,9,23.364213039702072,2026-06-17 21:49:53.284357,86.60181049047661
AI1252,Fall 2025,Literature Review,False,0.3201897962260591,1353.9574387066473,7,40.65189687381503,2026-08-10 21:49:53.285143,100.0
AI1253,Summer 2026,Lab Report,False,0.2593949615313767,1175.6809416952203,7,29.586659290357165,2026-03-21 21:49:53.286945,76.48200079752407
AI1254,Spring 2026,Essay,True,0.4617379587908593,1749.9100952627432,9,12.176763037691437,2026-06-16 21:49:53.287552,80.17185233001477
AI1255,Fall 2025,Research Paper,False,0.2605882128680334,1214.3609793626104,9,38.38503037146058,2026-03-14 21:49:53.289066,95.8554941206346
AI1256,Spring 2026,Lab Report,False,0.14016902914155235,1785.7862804074205,6,31.409566337006765,2026-06-12 21:49:53.289401,89.45926649874535
AI1257,Spring 2026,Literature Review,True,0.4689090254014731,1706.4688712957668,5,22.689430216906636,2026-07-21 21:49:53.289740,75.75211065864534
AI1258,Spring 2026,Essay,False,0.4297258121529041,1760.63666845816,12,64.16410571627056,2026-04-14 21:49:53.290088,79.46254686888089
AI1259,Spring 2026,Research Paper,False,0.2907402314175337,1623.2588773467178,4,38.223019904897015,2026-08-13 21:49:53.290381,76.07915399825518
AI1260,Fall 2026,Literature Review,False,0.6876167835461204,1144.44517680049,17,47.87922989784215,2026-04-25 21:49:53.291068,91.38510610719823
AI1261,Spring 2026,Research Paper,True,0.32457846071276847,912.0771447590306,9,27.343555930035834,2026-05-23 21:49:53.291346,82.07200862517239
AI1262,Summer 2026,Literature Review,False,0.6272207789946599,1973.7134554162037,8,37.552523735615324,2026-04-01 21:49:53.291596,78.64246398683876
AI1263,Spring 2026,Case Study,False,0.2027694523320654,1999.4508967498152,8,26.916296074710967,2026-04-21 21:49:53.291840,89.22210973349223
AI1264,Fall 2025,Essay,False,0.24877290818946035,2011.3005184002184,8,47.80222837775728,2026-07-15 21:49:53.292098,53.812744559525406
AI1265,Fall 2025,Lab Report,False,0.11407188201649165,1987.5643935634234,12,8.32426162456209,2026-06-21 21:49:53.292786,89.14524489748094
AI1266,Fall 2026,Lab Report,False,0.44217097019685214,2244.41466565943,6,19.669254730986527,2026-06-06 21:49:53.293320,72.85671941769444
AI1267,Fall 2025,Research Paper,False,0.3026175567730822,832.9871288870784,8,12.99205288608578,2026-04-12 21:49:53.293850,92.40316077229059
AI1268,Fall 2025,Essay,False,0.23455669905543114,1732.2546134774768,4,2.2916072962367995,2026-08-27 21:49:53.294214,58.44733650821069
AI1269,Spring 2026,Case Study,False,0.18947478187515715,1803.284851253918,8,13.999201312247573,2026-08-27 21:49:53.294685,100.0
AI1270,Fall 2026,Essay,False,0.5787170484853984,1553.7830470252688,8,30.905051434978443,2026-08-01 21:49:53.295446,100.0
AI1271,Fall 2026,Case Study,False,0.4247998229359746,2238.7205791551887,11,12.45637176392989,2026-06-27 21:49:53.295887,83.0130420097762
AI1272,Fall 2025,Research Paper,False,0.16952940272280526,1403.875794407564,13,18.17033008125297,2026-06-09 21:49:53.296196,75.14820853778049
AI1273,Fall 2026,Case Study,True,0.43711266781619074,810.2803998673663,6,10.949758065935079,2026-06-19 21:49:53.296452,84.93167231640533
AI1274,Fall 2026,Essay,True,0.6397064531061369,1816.3438708844549,8,33.89467760906807,2026-07-04 21:49:53.296710,78.514454919332
AI1275,Spring 2026,Essay,False,0.3459544215249989,1325.274810187256,14,16.85644835726227,2026-03-23 21:49:53.298154,73.983091278576
AI1276,Fall 2026,Literature Review,True,0.6580926672395013,1938.4069100668523,9,12.553784645865266,2026-07-16 21:49:53.302304,77.69464680836438
AI1277,Summer 2026,Case Study,False,0.3265391087225358,1895.9943016195596,7,54.912235544769,2026-08-09 21:49:53.302862,79.9396265325253
AI1278,Spring 2026,Literature Review,True,0.5052526840245861,1206.0190888722154,8,7.586979594898155,2026-04-07 21:49:53.303441,80.85762280507858
AI1279,Fall 2026,Case Study,True,0.4828881964335776,805.3296330901157,14,52.737685938287825,2026-05-20 21:49:53.304776,72.29138588841614
AI1280,Spring 2026,Case Study,False,0.19879991378950065,1839.3281145278602,9,20.178159024268982,2026-05-10 21:49:53.312831,80.94985801143504
AI1281,Summer 2026,Case Study,False,0.33753708022628337,858.2477831723158,4,10.010058143607234,2026-05-25 21:49:53.315808,90.74828781154886
AI1282,Fall 2025,Case Study,False,0.14902266402487635,1669.4533937969225,11,19.2222576673378,2026-04-02 21:49:53.317888,82.54425903214651
AI1283,Spring 2026,Literature Review,True,0.4595740955916843,1293.8920573552,5,8.701911025647659,2026-05-17 21:49:53.318687,86.29551969132525
AI1284,Fall 2025,Lab Report,False,0.022438447954381907,1014.7428793707497,14,26.329343768342532,2026-06-26 21:49:53.320075,81.6978091229635
AI1285,Spring 2026,Literature Review,False,0.39720184323456365,1432.3403870955306,9,22.34771139859957,2026-07-08 21:49:53.322516,69.88682449699004
AI1286,Fall 2026,Case Study,False,0.4540853843247083,1360.8782325021812,11,25.16976378011464,2026-07-26 21:49:53.322876,59.958572289198116
AI1287,Summer 2026,Essay,True,0.5702925081674577,1431.983514496225,9,8.430320141738317,2026-04-26 21:49:53.323181,83.88828304020365
AI1288,Fall 2026,Essay,False,0.5904983185962125,1849.601928016087,7,21.647503857981967,2026-08-16 21:49:53.323438,95.75170983976204
AI1289,Fall 2025,Research Paper,False,0.2588039303636567,1942.2410807557965,11,55.964203187054075,2026-05-28 21:49:53.323681,66.95757052862638
AI1290,Summer 2026,Essay,False,0.4809753791053675,1184.725618608471,6,20.40279175282987,2026-09-03 21:49:53.323923,82.99372601237461
AI1291,Summer 2026,Case Study,False,0.31885966027829626,1279.762816194772,11,13.271156141654167,2026-09-04 21:49:53.324178,99.4963899715745
AI1292,Fall 2026,Research Paper,False,0.44647045353667847,1193.7138700864393,4,35.7809837620472,2026-05-11 21:49:53.324424,68.01190990023134
AI1293,Fall 2025,Research Paper,False,0.24123245167417012,1316.330937305461,6,33.74433004784643,2026-07-08 21:49:53.324680,81.08425252866628
AI1294,Spring 2026,Research Paper,False,0.4149009380920958,2173.734273854017,7,53.15001890078405,2026-03-13 21:49:53.324978,74.94557471462576
AI1295,Fall 2026,Literature Review,False,0.6329699457507483,1854.235809654299,5,29.265126189086132,2026-07-26 21:49:53.325972,92.94479855783028
AI1296,Fall 2026,Literature Review,True,0.6020976015406807,2004.190154536478,2,8.801268523644907,2026-03-18 21:49:53.327413,72.96316076841255
AI1297,Spring 2026,Case Study,False,0.1807960770440632,2424.2205263867,12,11.792459203335033,2026-04-04 21:49:53.329805,67.7680176298107
AI1298,Fall 2026,Research Paper,False,0.6954756426671291,1508.2128000724813,6,30.21957971708627,2026-08-04 21:49:53.332217,78.06584584105603
AI1299,Fall 2026,Lab Report,False,0.3911997813493385,2258.2887465306567,8,9.943340089254047,2026-09-03 21:49:53.332524,62.63022770029461
AI1300,Fall 2025,Research Paper,False,0.27255491488157263,1910.6163142262615,7,40.931324158700534,2026-06-03 21:49:53.332777,68.07615241382412
AI1301,Fall 2025,Literature Review,False,0.3492906393421895,1048.9418509657057,8,49.92763852562005,2026-03-25 21:49:53.333510,80.89410360295804
AI1302,Fall 2026,Essay,True,0.6204859222034066,1786.1788469867663,13,45.76635107935385,2026-06-29 21:49:53.334110,76.75925408129098
AI1303,Fall 2026,Literature Review,False,0.6502383967112333,2404.2685109849904,10,40.641718300837546,2026-05-17 21:49:53.334590,66.6172148025727
AI1304,Fall 2026,Essay,False,0.691487967575814,1379.2690723279793,10,52.67971742254811,2026-08-13 21:49:53.336832,51.13171770484301
AI1305,Fall 2026,Literature Review,True,0.6289176203952483,1443.5553413634998,6,16.811665760066845,2026-06-23 21:49:53.337381,80.66658763242056
AI1306,Fall 2026,Case Study,False,0.47402942636722756,1618.997298583521,5,31.48426890781434,2026-07-16 21:49:53.338028,91.07199613006338
AI1307,Fall 2026,Case Study,True,0.5058347978125222,1221.0744261631512,6,51.809037655641035,2026-08-24 21:49:53.338924,76.42123793574419
AI1308,Fall 2026,Essay,False,0.5927828981578244,1997.1552934788988,7,64.51360744851452,2026-08-06 21:49:53.339469,68.02431830754776
AI1309,Fall 2025,Case Study,False,0.1738690851599649,853.5867730549135,8,15.927484246007866,2026-08-15 21:49:53.339967,63.94098030394601
AI1310,Spring 2026,Research Paper,False,0.41604969970057015,1431.6296925415834,8,12.737270858786731,2026-06-04 21:49:53.340455,68.95903224231292
AI1311,Summer 2026,Research Paper,True,0.4098866738715046,1520.7041161922605,12,46.74086833275997,2026-09-07 21:49:53.340938,81.67655291350579
AI1312,Fall 2026,Lab Report,False,0.3525497097368117,1078.8306050249614,8,39.68496564859093,2026-03-14 21:49:53.341448,69.96126898888795
AI1313,Fall 2026,Literature Review,True,0.677614832870301,1358.6430526653353,10,18.57732929592165,2026-08-02 21:49:53.342120,77.63799231014194
AI1314,Fall 2025,Lab Report,False,0.09302223137922026,1334.6113178190183,6,27.420651864393946,2026-05-09 21:49:53.343164,97.86142750687787
AI1315,Fall 2026,Case Study,False,0.5380344020201213,1421.4323003580555,8,40.4765585844374,2026-09-05 21:49:53.351310,94.042160100953
AI1316,Summer 2026,Essay,True,0.5339004253022281,1418.785598343402,8,28.649803895061666,2026-08-26 21:49:53.352450,81.53946237085901
AI1317,Spring 2026,Research Paper,False,0.38136173921410016,2031.7748293172913,5,34.76057461447783,2026-06-02 21:49:53.354765,71.01475370086199
AI1318,Fall 2025,Essay,True,0.3022809375266361,1873.2370360021996,8,34.83937397202026,2026-08-10 21:49:53.358520,76.61371315037597
AI1319,Fall 2025,Case Study,False,0.15507780020110093,1805.1260282271542,9,33.52020168423227,2026-06-09 21:49:53.360351,90.71684332254921
AI1320,Fall 2026,Lab Report,False,0.38771665458381477,1403.7922760022384,12,5.092050851973371,2026-06-02 21:49:53.360852,84.27181964498446
AI1321,Fall 2026,Research Paper,False,0.49187837978439686,1417.4499206857347,4,30.393534425281988,2026-04-29 21:49:53.367642,84.89337041353582
AI1322,Fall 2025,Essay,True,0.27276172963555145,1450.6437816309767,10,6.517559339617048,2026-09-01 21:49:53.368592,85.6620688240876
AI1323,Spring 2026,Case Study,False,0.16164917992124456,1217.8706135037153,9,37.101104079452504,2026-08-19 21:49:53.369387,73.72988062060047
AI1324,Spring 2026,Essay,False,0.42646537052397576,916.7371034565855,11,4.525777719498061,2026-07-25 21:49:53.371385,75.91467897711594
AI1325,Spring 2026,Case Study,False,0.23784507123084875,865.8401128015979,10,10.826059262482222,2026-07-29 21:49:53.372116,96.03543343381044
AI1326,Fall 2026,Lab Report,False,0.3505162246662852,1293.0402425351938,6,40.98348421220682,2026-08-01 21:49:53.372745,60.67661488454832
AI1327,Fall 2025,Research Paper,False,0.25219866150820386,1725.9794000147133,9,8.21981901421555,2026-08-19 21:49:53.373313,88.04505135123516
AI1328,Fall 2026,Essay,False,0.5982570062476602,994.038325242901,6,49.98170893262629,2026-04-28 21:49:53.373584,82.30264197017112
AI1329,Summer 2026,Literature Review,True,0.5676795244612496,1512.477091819122,11,80.52168756951521,2026-08-16 21:49:53.373829,70.81545092356964
AI1330,Fall 2025,Lab Report,False,0.2553081303482244,951.0563953959993,7,19.34078435367497,2026-04-23 21:49:53.374561,61.69501094429753
AI1331,Fall 2025,Case Study,False,0.1574841424804631,442.3104349708776,6,68.87510968522635,2026-09-04 21:49:53.375052,83.44401832947356
AI1332,Spring 2026,Case Study,False,0.2860799626661319,1604.952582197454,9,15.307715852681245,2026-06-08 21:49:53.375801,90.56208013275754
AI1333,Spring 2026,Literature Review,False,0.44194032485839757,924.4378371843017,5,43.03488488346132,2026-04-18 21:49:53.376346,81.24938636053133
AI1334,Summer 2026,Research Paper,False,0.38260741763998085,1414.9925764425811,8,13.261050203898685,2026-05-03 21:49:53.378344,98.98623102956725
AI1335,Fall 2025,Literature Review,True,0.34492935624308246,1474.5357216685352,7,52.294690747070696,2026-07-24 21:49:53.379101,76.75406438656557
AI1336,Fall 2025,Lab Report,False,0.14901540472169852,2307.620862573638,9,31.228679135407315,2026-04-09 21:49:53.379662,61.65663365828978
AI1337,Spring 2026,Literature Review,False,0.5229186873771585,1706.8466655823318,11,45.00951514626309,2026-08-16 21:49:53.380723,73.39261386432393
AI1338,Summer 2026,Case Study,False,0.35266603947706415,1281.3416880540447,8,60.31879619002556,2026-03-31 21:49:53.381266,73.93849004212223
AI1339,Summer 2026,Literature Review,True,0.6494577005567046,635.8867801633443,12,12.080498920211904,2026-05-28 21:49:53.388257,74.91030212515123
AI1340,Fall 2026,Research Paper,True,0.5281528916381155,487.23586979922175,7,46.8975965305928,2026-03-16 21:49:53.389094,76.98896253096403
AI1341,Fall 2026,Literature Review,False,0.6540934848976887,1490.4728327598664,4,50.106572767923176,2026-07-13 21:49:53.392569,90.16626429752323
AI1342,Summer 2026,Literature Review,True,0.579107064630519,1539.1555088271978,8,7.0258389387479765,2026-06-10 21:49:53.393488,82.11191011071725
AI1343,Fall 2025,Case Study,False,0.2533534953248339,1103.3532971116867,8,61.616500606028715,2026-06-07 21:49:53.394403,78.97895125076874
AI1344,Summer 2026,Literature Review,True,0.606182301497316,936.7660724870286,9,23.766605549402836,2026-08-08 21:49:53.395291,75.09753956345597
AI1345,Fall 2026,Lab Report,True,0.3435088920862056,2012.8541203135833,9,29.278393495378086,2026-04-14 21:49:53.396425,81.51709529777101
AI1346,Summer 2026,Lab Report,False,0.23639430759998697,1897.1008394940354,8,5.415846886391516,2026-04-21 21:49:53.421193,74.84257919307296
AI1347,Fall 2026,Literature Review,True,0.6401952902703186,1514.7095858206033,5,33.567128995985094,2026-03-24 21:49:53.424345,75.34576910521943
AI1348,Fall 2026,Literature Review,True,0.6196172507309201,1607.7804739651308,14,49.04410519696237,2026-03-31 21:49:53.424896,82.12647806391226
AI1349,Summer 2026,Research Paper,True,0.4127537314362746,1328.7192057799043,7,31.133274248591853,2026-06-06 21:49:53.427571,72.65620814415504
AI1350,Fall 2025,Case Study,False,0.13174065142904998,908.2340773095242,8,5.3721853705390465,2026-04-15 21:49:53.429547,82.84253309686162
AI1351,Fall 2026,Essay,True,0.5835477932179793,1306.7584968553174,8,35.26525390142475,2026-06-26 21:49:53.431528,79.2417370345911
AI1352,Fall 2026,Literature Review,True,0.6896563422761796,1480.1457207947378,9,14.82566885174056,2026-03-23 21:49:53.434949,86.22238587585801
AI1353,Summer 2026,Literature Review,True,0.6308012821549392,1642.7534360077352,14,17.231013911791276,2026-04-09 21:49:53.443701,82.38225530288113
AI1354,Fall 2026,Research Paper,True,0.5648371684528285,2378.823257032254,10,11.640200140541353,2026-08-05 21:49:53.445643,82.2921225635786
AI1355,Fall 2025,Essay,False,0.3123463205809885,1433.390775129475,8,25.055784190869097,2026-05-06 21:49:53.449715,60.78314401376146
AI1356,Summer 2026,Lab Report,False,0.4170492263735319,1424.4655593768518,8,5.128602301521998,2026-05-07 21:49:53.450783,57.32330081338781
AI1357,Fall 2025,Essay,False,0.3681541525794752,1540.0856273076206,3,63.97643610996974,2026-08-15 21:49:53.451390,49.61235920198888
AI1358,Summer 2026,Essay,True,0.41768959894520324,1311.1336474797886,5,23.869782870775587,2026-05-03 21:49:53.460728,80.01765368235216
AI1359,Spring 2026,Literature Review,True,0.5488283635450628,1265.979022063258,6,27.54373404564508,2026-08-21 21:49:53.462785,71.83016797454987
AI1360,Summer 2026,Essay,True,0.5961286684884333,1213.9494960838942,9,30.870540410932616,2026-04-10 21:49:53.463905,75.74132741678845
AI1361,Fall 2026,Literature Review,False,0.6881556938633266,2117.411254280737,13,37.68621814563892,2026-05-02 21:49:53.464989,58.038534449504624
AI1362,Spring 2026,Research Paper,True,0.36154700448241434,1653.2236652647537,6,18.433491382811773,2026-03-26 21:49:53.465521,72.63911976845955
AI1363,Summer 2026,Lab Report,False,0.3735523021421069,1829.6384041481083,9,21.603388219681158,2026-06-14 21:49:53.466075,73.34661405370551
AI1364,Fall 2026,Research Paper,False,0.49336586499581164,1810.5564485479974,4,54.044358450658336,2026-05-19 21:49:53.466562,85.46985585594997
AI1365,Spring 2026,Research Paper,True,0.3209920001525591,1662.2415228403852,9,7.002324824248003,2026-05-23 21:49:53.468778,78.53271023062582
AI1366,Fall 2025,Lab Report,False,0.13506732731326498,1329.103916607781,8,12.310686853179083,2026-07-08 21:49:53.469638,71.26565263254653
AI1367,Fall 2025,Literature Review,False,0.29965803741858665,1361.8218808622719,10,31.398657940656832,2026-06-11 21:49:53.470673,88.57650475929348
AI1368,Fall 2025,Case Study,False,0.13712605960625218,1599.1804470960574,12,9.62078812973912,2026-07-12 21:49:53.471263,79.91314871324018
AI1369,Fall 2026,Research Paper,True,0.6027888096759457,2019.7208712263773,8,22.252163432415923,2026-06-01 21:49:53.471731,72.92261777126352
AI1370,Fall 2026,Lab Report,False,0.43699868540021164,1576.9835733715179,9,64.3088886205891,2026-07-27 21:49:53.472337,54.79377039429953
AI1371,Summer 2026,Literature Review,True,0.5805532080307412,2320.878345116319,5,35.97340940649784,2026-04-06 21:49:53.478386,74.57259190790865
AI1372,Summer 2026,Case Study,False,0.31669629937738,1568.7181901664303,10,20.840619846496107,2026-06-27 21:49:53.478898,63.632216081412956
AI1373,Fall 2025,Literature Review,False,0.4314337685654359,1938.2413312406734,9,28.916408504177554,2026-07-22 21:49:53.479575,65.57853805431141
AI1374,Summer 2026,Lab Report,False,0.33996872598159916,1412.3599644803373,6,43.1856664235277,2026-03-14 21:49:53.482604,85.85012087077419
AI1375,Fall 2026,Lab Report,True,0.3600975925664008,1277.8080865164718,4,24.41432132448669,2026-08-27 21:49:53.483214,72.57212834533937
AI1376,Summer 2026,Essay,True,0.5296426565731422,1071.7827415609515,6,66.72362436229712,2026-04-26 21:49:53.483718,81.83249889954202
AI1377,Summer 2026,Lab Report,True,0.2631510502882619,1475.9016288931898,7,30.57754601858243,2026-03-27 21:49:53.484543,80.5936254005682
AI1378,Summer 2026,Essay,True,0.5082181558723456,1277.480889075257,10,52.253299516162,2026-04-23 21:49:53.485315,82.82084134952032
AI1379,Fall 2026,Lab Report,False,0.4085382383555059,1745.5242174404175,9,34.890215089838314,2026-06-21 21:49:53.485847,85.83679078945279
AI1380,Spring 2026,Literature Review,True,0.40866590001226477,1944.8944600054115,5,21.614004569728067,2026-08-30 21:49:53.487052,75.34125515094199
AI1381,Fall 2026,Literature Review,False,0.5745350550137249,1594.577309765451,6,56.19611184686361,2026-08-18 21:49:53.487608,78.78117371296186
AI1382,Fall 2026,Literature Review,False,0.6401701659997837,1809.6133407817065,10,19.189249855630266,2026-04-25 21:49:53.488095,67.49403413991664
AI1383,Fall 2026,Essay,False,0.6070585949377595,1425.6605854264105,4,56.38683360392829,2026-03-28 21:49:53.488529,76.93703343520707
AI1384,Fall 2026,Lab Report,False,0.3787963970233536,1410.4884085247133,10,62.18319294439032,2026-05-27 21:49:53.488925,50.23388991751223
AI1385,Fall 2025,Lab Report,False,0.07641331090388319,1734.1191703935883,8,54.760066804303484,2026-08-07 21:49:53.489433,76.22659333209984
AI1386,Fall 2026,Lab Report,False,0.42472081087829405,1341.860805303431,6,35.060260594378725,2026-05-26 21:49:53.489907,95.6017672172361
AI1387,Spring 2026,Literature Review,True,0.4389654329393972,1694.558837278637,8,43.94128335069718,2026-05-25 21:49:53.490443,80.97978853409509
AI1388,Spring 2026,Research Paper,False,0.33921908349844276,2000.2876520993354,10,53.110738262663084,2026-07-21 21:49:53.491200,90.58378244892688
AI1389,Spring 2026,Lab Report,False,0.2016211299180457,1651.279465815541,6,18.531449432771076,2026-04-01 21:49:53.491707,77.22922407061186
AI1390,Fall 2026,Essay,False,0.5852133242149078,1826.478417618124,5,23.701175442268216,2026-03-28 21:49:53.492241,69.77132158141016
AI1391,Fall 2026,Case Study,False,0.40704207995599834,1571.7319267632345,11,25.20101227631747,2026-06-04 21:49:53.492722,93.09720688072686
AI1392,Fall 2026,Case Study,False,0.48282915782292757,1533.4235606138027,10,31.43397121744937,2026-06-13 21:49:53.493294,80.17084743369631
AI1393,Fall 2025,Essay,False,0.28645342789253586,1636.7918472175877,9,56.863960727673415,2026-08-22 21:49:53.493824,71.20168526610396
AI1394,Spring 2026,Lab Report,False,0.19222724200859287,1963.5972652919863,4,22.589100059628116,2026-05-25 21:49:53.494348,91.26237403830487
AI1395,Summer 2026,Essay,True,0.4558244794799131,1708.591185696598,7,54.948701241794076,2026-05-28 21:49:53.494826,84.45458063129891
AI1396,Spring 2026,Lab Report,False,0.15734287016869486,1102.0759394954562,14,38.02501794468671,2026-08-13 21:49:53.495548,83.53482695543003
AI1397,Spring 2026,Case Study,False,0.2616052877787975,2067.00067911291,9,35.771010661109734,2026-06-22 21:49:53.496272,63.32306687699896
AI1398,Fall 2026,Case Study,False,0.41009720182098686,1873.8534218868276,8,46.78723649158095,2026-05-08 21:49:53.499675,58.3560821604492
AI1399,Fall 2026,Essay,False,0.5117578800958781,1877.0708751276545,9,75.52540628843026,2026-05-28 21:49:53.501427,84.02321772957309
AI1400,Summer 2026,Lab Report,False,0.3298120965904396,1114.3030694156325,6,40.62391848628144,2026-06-20 21:49:53.501783,54.2087293385912
AI1401,Summer 2026,Literature Review,False,0.5300775555213091,981.1199075203206,6,60.9395614631628,2026-09-06 21:49:53.502262,86.15764884625852
AI1402,Fall 2026,Case Study,True,0.5252841988007793,881.3972132373759,10,16.437128235407343,2026-08-24 21:49:53.502727,79.22663498448198
AI1403,Fall 2026,Literature Review,True,0.6875434899341967,977.7240065666214,7,37.35842299421221,2026-05-10 21:49:53.503197,76.74165299488483
AI1404,Summer 2026,Lab Report,False,0.3139094015808288,1643.4574700379726,11,49.07922076551601,2026-08-04 21:49:53.504024,79.24187053140315
AI1405,Spring 2026,Research Paper,False,0.27883805611894275,1623.8132919391107,10,9.00470675556202,2026-08-01 21:49:53.504902,50.63925740156882
AI1406,Fall 2026,Research Paper,True,0.5492522765267063,1705.6214722385341,6,50.3570241868459,2026-05-16 21:49:53.505564,76.26390851867232
AI1407,Fall 2025,Lab Report,False,0.17754927231807205,1242.5369984197496,5,60.35208046963938,2026-07-19 21:49:53.505869,73.59350097502883
AI1408,Spring 2026,Research Paper,True,0.38727608097709865,2214.0809621224516,5,21.204564463821693,2026-05-31 21:49:53.506135,85.99474532452717
AI1409,Fall 2026,Lab Report,False,0.3912261825080756,1641.2250076521407,7,35.70156174819056,2026-05-25 21:49:53.506392,70.96472329234476
AI1410,Spring 2026,Case Study,False,0.26821100357665206,1518.2352682588823,3,23.801032223887297,2026-07-14 21:49:53.506641,77.13119574617984
AI1411,Summer 2026,Case Study,False,0.28495572614342357,1221.2308325116196,5,33.79350137076062,2026-05-11 21:49:53.506888,76.62699981599359
AI1412,Spring 2026,Essay,False,0.4262951595264599,1103.8359013288014,10,42.59901016830034,2026-05-30 21:49:53.507149,76.0063486486409
AI1413,Fall 2026,Research Paper,True,0.5690819535900976,1695.944459432148,6,12.010573276422495,2026-07-25 21:49:53.507457,76.93854856181511
AI1414,Spring 2026,Case Study,False,0.2705716555684895,1829.191476034245,3,31.75056016575697,2026-04-30 21:49:53.507716,61.86852358702181
AI1415,Fall 2026,Literature Review,True,0.6739386936676874,1250.373118995205,8,62.31367899689193,2026-07-09 21:49:53.507966,79.96965033409576
AI1416,Summer 2026,Essay,False,0.5195102178617155,833.287149596864,11,65.96417899909697,2026-04-17 21:49:53.508221,74.30348636929554
AI1417,Fall 2026,Case Study,False,0.44397099219830194,1164.6129439390286,8,49.802431331528396,2026-07-14 21:49:53.508546,87.52588636889021
AI1418,Spring 2026,Lab Report,False,0.23385311609443954,1345.630963631841,8,30.514140374524384,2026-05-27 21:49:53.509594,81.5266130063765
AI1419,Fall 2026,Lab Report,True,0.4286802563586836,1640.035396253727,6,67.69861142690611,2026-05-06 21:49:53.510563,76.52114778428225
AI1420,Summer 2026,Essay,True,0.4004445859031661,1237.2497044154948,6,65.80345287580849,2026-04-30 21:49:53.511188,78.65139593036375
AI1421,Fall 2026,Lab Report,False,0.45075814495125854,1294.7826428076658,5,21.93761700142134,2026-06-14 21:49:53.511701,75.16325313868249
AI1422,Spring 2026,Case Study,False,0.34577509861241873,1859.851098109098,3,3.311014519792646,2026-07-20 21:49:53.512209,75.42074159898496
AI1423,Fall 2025,Case Study,False,0.18772028078348346,1663.214965094483,10,33.438248665520184,2026-06-11 21:49:53.513009,43.976057474348536
AI1424,Summer 2026,Lab Report,False,0.35552905470755525,1435.3908888071287,10,29.586158867894685,2026-05-19 21:49:53.514999,71.42954027453202
AI1425,Fall 2026,Case Study,False,0.49160694235046887,1923.9141644705442,7,13.115292971072668,2026-07-12 21:49:53.515530,55.8144335119648
AI1426,Spring 2026,Lab Report,True,0.1630485823387754,1216.292848359242,12,44.24405246208082,2026-03-18 21:49:53.515848,70.72999608766399
AI1427,Fall 2025,Research Paper,False,0.2830763957914892,1546.5163254194367,9,62.78625911068946,2026-05-11 21:49:53.516403,93.74746782547713
AI1428,Summer 2026,Research Paper,True,0.4749203370875516,1276.6357546692484,6,44.38381436965509,2026-08-09 21:49:53.517444,82.10358178952818
AI1429,Summer 2026,Research Paper,True,0.557035161713289,1903.6240623212693,12,33.72902814123634,2026-07-15 21:49:53.517860,76.73618275993802
AI1430,Spring 2026,Essay,True,0.4538304239631677,1390.5963870648084,10,25.40184298264107,2026-04-27 21:49:53.518305,82.43917094532121
AI1431,Fall 2026,Case Study,True,0.501640356851566,1920.7379353694082,7,61.59552811714942,2026-08-02 21:49:53.518872,75.33825809081614
AI1432,Fall 2026,Lab Report,True,0.4088814310806004,1539.0180471167025,5,6.500763729436564,2026-05-05 21:49:53.519472,76.7957659887353
AI1433,Summer 2026,Research Paper,False,0.4270516844640368,1991.4786222860046,15,34.14744925693368,2026-07-05 21:49:53.519924,73.56508503593399
AI1434,Fall 2026,Lab Report,False,0.39121884122829664,1311.652152002435,6,30.512904193673997,2026-07-15 21:49:53.520457,73.71621434210121
AI1435,Spring 2026,Case Study,False,0.25985987914619085,1314.5328897312186,8,7.283705512089809,2026-07-03 21:49:53.521087,74.39064464885115
AI1436,Fall 2025,Case Study,False,0.10392173460643159,756.1321724596868,9,27.98196525819514,2026-08-06 21:49:53.521616,68.91513229536616
AI1437,Fall 2026,Case Study,False,0.3860982108559495,2267.9048472789136,12,10.077923407905063,2026-07-09 21:49:53.522113,69.42381290205232
AI1438,Spring 2026,Case Study,False,0.22946370663958424,1452.7237747349795,4,59.491934500231025,2026-05-12 21:49:53.522553,77.37906500997978
AI1439,Fall 2025,Case Study,True,0.17332318691998966,1477.5768798039135,7,17.185078845454903,2026-08-12 21:49:53.522918,82.4182924485541
AI1440,Fall 2026,Case Study,False,0.5022465822508917,1119.581829354548,9,17.61245991500977,2026-07-29 21:49:53.523636,84.71859402588015
AI1441,Fall 2026,Research Paper,True,0.5316444797973514,1779.4613171411656,4,50.442128817179935,2026-07-22 21:49:53.524172,71.29408163011072
AI1442,Fall 2026,Literature Review,False,0.6064122251289719,1749.2613759202902,2,26.31392626646033,2026-08-30 21:49:53.524701,86.13014324867176
AI1443,Summer 2026,Case Study,True,0.3838728573743523,1919.5553956888466,12,48.06248548167706,2026-08-01 21:49:53.525401,87.88740322804583
AI1444,Summer 2026,Literature Review,False,0.4088552540012921,1177.8998838949237,10,16.32179153985022,2026-09-02 21:49:53.525906,77.59765666412163
AI1445,Fall 2026,Lab Report,False,0.39249360320824367,2411.8625702123445,10,31.57345612566645,2026-06-22 21:49:53.526403,59.830284589010866
AI1446,Summer 2026,Essay,False,0.4526265686185428,945.5492177631635,11,31.13945632366101,2026-08-04 21:49:53.526963,82.31461043891869
AI1447,Fall 2025,Essay,False,0.2717181959593458,1597.1475160063874,5,41.262800617341526,2026-04-29 21:49:53.527607,78.90463141041985
AI1448,Fall 2026,Case Study,False,0.4173777157681189,1700.7014753857045,12,34.27934622240782,2026-07-10 21:49:53.528096,86.56797453617166
AI1449,Fall 2026,Case Study,True,0.4653521252116078,1615.865945626948,8,34.334031858064655,2026-08-09 21:49:53.528823,70.63660340018505
AI1450,Fall 2026,Lab Report,True,0.32585161905739035,1701.9257670579811,12,18.195676780036667,2026-05-05 21:49:53.529337,79.90461183517053
AI1451,Spring 2026,Literature Review,False,0.3929073798806191,1067.7244817348364,11,46.96182784153818,2026-05-23 21:49:53.529802,61.667889312395175
AI1452,Summer 2026,Literature Review,True,0.5602363602713927,1470.1709420226655,8,58.38442794850983,2026-05-18 21:49:53.532220,82.27445477318662
AI1453,Summer 2026,Literature Review,True,0.5112850657340716,1081.3240772752313,9,31.266342897999603,2026-08-17 21:49:53.533206,76.81672208037416
AI1454,Summer 2026,Literature Review,False,0.5980348639366685,714.05966118288,9,44.58312577596734,2026-06-24 21:49:53.534654,57.510860419500275
AI1455,Summer 2026,Research Paper,False,0.45321839199288205,1908.497815018794,4,56.805846562120244,2026-05-17 21:49:53.535510,100.0
AI1456,Fall 2025,Research Paper,False,0.19516485323742488,1311.3211807897565,9,79.28100641585465,2026-06-13 21:49:53.535937,67.8229021360327
AI1457,Summer 2026,Case Study,False,0.3401703965284518,2469.463940362956,7,63.50337574782701,2026-06-20 21:49:53.536441,67.45294030137678
AI1458,Fall 2026,Literature Review,True,0.6249977735908834,752.6380842634188,13,28.668532438246324,2026-06-19 21:49:53.537192,84.41020360812765
AI1459,Spring 2026,Literature Review,True,0.43776923989810557,1281.6100678526632,10,44.8882311900409,2026-06-29 21:49:53.537695,80.78954164962134
AI1460,Fall 2026,Lab Report,True,0.3728052229039303,1040.1219207593524,14,15.83584591252018,2026-03-27 21:49:53.538188,72.36203365955956
AI1461,Spring 2026,Essay,False,0.37081079924502364,1017.9388573522344,8,40.208169929188095,2026-06-07 21:49:53.538656,59.42361756321543
AI1462,Fall 2025,Research Paper,False,0.3029803981156646,1882.3983760452488,9,35.539659921950374,2026-05-13 21:49:53.539127,83.75445119512555
AI1463,Summer 2026,Lab Report,True,0.36300331736389213,1025.274456513461,4,31.044084133246486,2026-08-16 21:49:53.539585,76.65679429169316
AI1464,Summer 2026,Lab Report,False,0.2771210277919898,1664.365658472496,11,1.8220220501545856,2026-05-31 21:49:53.540034,79.88564250251085
AI1465,Fall 2026,Literature Review,True,0.6578020909411861,1171.6974162385095,7,31.12044352527042,2026-08-15 21:49:53.540483,75.98817668433273
AI1466,Summer 2026,Lab Report,False,0.32272015989344965,1156.2890400521508,9,51.739062569593166,2026-08-02 21:49:53.540950,70.89672254475377
AI1467,Fall 2026,Lab Report,False,0.4129966922713069,2124.741268780019,8,46.613463300191306,2026-03-26 21:49:53.541451,73.38314876354264
AI1468,Fall 2026,Case Study,True,0.4385284120266693,1505.5948167642161,12,22.500615282513106,2026-06-14 21:49:53.541916,73.08988377169392
AI1469,Spring 2026,Essay,False,0.3236313576332747,1207.484750782644,9,50.10832317893914,2026-07-19 21:49:53.542571,100.0
AI1470,Spring 2026,Case Study,False,0.24145776210784126,1869.71637712139,8,25.827217037225786,2026-04-07 21:49:53.543099,79.93825731232715
AI1471,Fall 2026,Case Study,False,0.47026828949996835,1043.5635519048496,9,20.76837024243301,2026-07-27 21:49:53.543600,60.590634207233904
AI1472,Summer 2026,Research Paper,False,0.48943837257121875,1625.5847428676907,10,52.3929916969781,2026-06-03 21:49:53.544067,91.96814869304909
AI1473,Summer 2026,Essay,True,0.5480482121461672,792.0824697204556,5,49.74640585872019,2026-05-08 21:49:53.544514,83.56384128588027
AI1474,Fall 2025,Research Paper,False,0.2175221088818174,1810.203706352436,13,48.680386598001185,2026-08-29 21:49:53.544969,87.89653419271599
AI1475,Summer 2026,Research Paper,False,0.4737578385573405,1496.427505729633,4,42.53739007007275,2026-08-04 21:49:53.545420,84.06282640606133
AI1476,Fall 2026,Lab Report,True,0.4061026163450945,1876.3712120588707,9,7.650392944523325,2026-07-12 21:49:53.545859,71.88850008095955
AI1477,Spring 2026,Research Paper,True,0.3270641425610058,1364.1070527410393,9,45.20221061210578,2026-05-08 21:49:53.546360,76.28398912315672
AI1478,Spring 2026,Case Study,False,0.32898945621508474,1861.4974862375939,6,31.28986336073234,2026-06-02 21:49:53.547735,76.4356198422004
AI1479,Fall 2026,Literature Review,False,0.623407600269625,1104.692717995797,6,46.81122231317093,2026-03-28 21:49:53.548295,59.78306174608501
AI1480,Summer 2026,Literature Review,False,0.5322023064959374,1502.0361228271713,10,33.52058545630507,2026-06-26 21:49:53.548554,64.5597839252459
AI1481,Summer 2026,Literature Review,True,0.5641122796709904,2202.482537594664,10,33.18510172337468,2026-04-04 21:49:53.548797,77.39059041517997
AI1482,Fall 2026,Case Study,True,0.3926221912423976,1101.5367850067628,11,35.58952932809329,2026-07-07 21:49:53.549387,85.94919734744464
AI1483,Spring 2026,Case Study,False,0.19300607328967892,1688.7860261426397,7,41.312750989251775,2026-06-05 21:49:53.549678,65.62062387675546
AI1484,Summer 2026,Case Study,False,0.31750178382147803,1603.8148162371347,14,12.297011951832404,2026-07-25 21:49:53.549926,66.09428471622559
AI1485,Fall 2026,Lab Report,False,0.43062171193067483,2299.1545622157064,11,22.263419166243917,2026-03-17 21:49:53.550404,59.658386662247054
AI1486,Summer 2026,Case Study,False,0.2953469918417919,1238.8240581244402,8,49.537011128133344,2026-05-16 21:49:53.550675,76.05899671021979
AI1487,Fall 2026,Research Paper,True,0.5684574742074615,1156.148100819302,3,43.89211301152191,2026-08-12 21:49:53.551419,75.48837999151425
AI1488,Spring 2026,Research Paper,False,0.33654340017311846,1470.3168828757887,11,18.199633007018324,2026-04-25 21:49:53.552033,77.76273908253485
AI1489,Spring 2026,Essay,True,0.42892950982913997,1698.400359598454,6,75.58426763210842,2026-07-12 21:49:53.552546,79.95011582266335
AI1490,Summer 2026,Essay,False,0.494661785655236,1700.8044153232424,9,41.71509510847081,2026-06-10 21:49:53.553025,78.92133403315597
AI1491,Fall 2025,Literature Review,True,0.36406377898899633,634.3321391787772,6,28.482032359363014,2026-07-01 21:49:53.553676,80.61952065207221
AI1492,Fall 2026,Literature Review,True,0.6012727365071215,2133.1904376057932,9,17.95870014744625,2026-08-21 21:49:53.553977,66.41540845212646
AI1493,Spring 2026,Essay,True,0.3984592927672843,1372.908556652023,7,42.25545014559333,2026-05-15 21:49:53.554235,76.61145039839771
AI1494,Fall 2026,Case Study,True,0.39931671476997516,1764.0748156618213,6,24.089731613521014,2026-07-01 21:49:53.554488,80.71224059175783
AI1495,Fall 2026,Research Paper,False,0.5250162690431968,1838.1129622031413,12,51.37340846848472,2026-05-18 21:49:53.554735,81.56939291967156
AI1496,Fall 2026,Case Study,False,0.4630537891286234,1282.9168882074619,7,32.20607195511901,2026-04-07 21:49:53.554996,72.39657330057533
AI1497,Fall 2025,Literature Review,False,0.41741324447089323,1208.1227732179525,13,23.077183267152588,2026-03-31 21:49:53.555253,90.53518352841144
AI1498,Spring 2026,Lab Report,False,0.2210493226922955,1020.4116949595284,4,5.117169933640562,2026-04-23 21:49:53.555494,85.73750924179843
AI1499,Fall 2026,Essay,False,0.505947573670748,1369.093635374413,4,60.55052581274509,2026-03-17 21:49:53.555735,82.1330492987993
AI1500,Spring 2026,Lab Report,True,0.25372252928957495,1695.4464170479496,7,56.72657568748789,2026-05-16 21:49:53.556062,84.20437627478822
AI1501,Fall 2026,Case Study,False,0.43069910113392507,1480.1319550230107,5,21.260770611774102,2026-06-09 21:49:53.556455,69.6354032044566
AI1502,Summer 2026,Research Paper,True,0.45998559231883107,1203.328453412289,14,38.60876832842035,2026-09-04 21:49:53.556703,83.53542507276579
AI1503,Fall 2025,Literature Review,False,0.2817254027156311,1444.1131777340684,14,60.57426412591166,2026-04-14 21:49:53.556977,63.31637947133141
AI1504,Spring 2026,Case Study,True,0.3111058478765871,1091.1110075135766,8,39.13474533037711,2026-04-03 21:49:53.557233,79.98166801649106
AI1505,Fall 2026,Literature Review,False,0.6468728834019174,1629.6692613454168,8,42.07805389413213,2026-05-25 21:49:53.557482,83.72441470336432
AI1506,Fall 2025,Research Paper,False,0.1970798847762424,913.8641625348354,6,10.949333104859361,2026-05-02 21:49:53.557783,63.889442446525344
AI1507,Summer 2026,Essay,True,0.5346048221327492,1452.1107391431733,9,36.6781608324309,2026-06-11 21:49:53.558049,75.66918855408272
AI1508,Fall 2026,Lab Report,True,0.3596735351709296,1613.5938678578846,4,14.745591639371526,2026-07-05 21:49:53.558299,80.92813580073451
AI1509,Summer 2026,Essay,True,0.5069905413191893,2050.7413956627433,9,20.21041717906612,2026-07-17 21:49:53.558569,78.46368561881724
AI1510,Summer 2026,Literature Review,False,0.5999634757430152,940.495250922682,9,42.63359748140386,2026-03-30 21:49:53.558827,45.61548884348773
AI1511,Fall 2026,Lab Report,False,0.3487612239679181,1114.6398092909667,10,21.755920053885692,2026-05-29 21:49:53.559228,56.49485186633906
AI1512,Summer 2026,Essay,False,0.48371499000094065,1667.1388106074842,9,54.260133327758865,2026-05-12 21:49:53.559494,75.61562902817897
AI1513,Summer 2026,Research Paper,True,0.4718471489990897,1075.9487745593801,3,19.977822007591286,2026-04-23 21:49:53.559735,68.7747387920953
AI1514,Fall 2026,Essay,False,0.5231446166624032,1258.1896302179537,11,62.27072960764971,2026-04-22 21:49:53.560090,88.51701938024539
AI1515,Fall 2026,Research Paper,False,0.5153319234956613,932.0627503941776,9,37.57533524605599,2026-03-24 21:49:53.560351,82.64158666682326
AI1516,Fall 2025,Lab Report,False,0.0,944.578157373163,7,74.69040686430974,2026-05-02 21:49:53.560595,87.27689084089084
AI1517,Summer 2026,Essay,False,0.5048091172451672,2002.3214502941441,8,27.241718387228218,2026-06-29 21:49:53.560838,62.70194757918081
AI1518,Fall 2025,Literature Review,False,0.4101134143475107,1569.4260269786942,8,24.205165575588868,2026-06-12 21:49:53.561100,73.11218512640878
AI1519,Summer 2026,Lab Report,False,0.21847268494092195,1203.4605261136676,15,20.987843007906395,2026-08-02 21:49:53.561372,100.0
AI1520,Spring 2026,Essay,False,0.35275902784083,1672.4938011409613,13,57.44424280939286,2026-05-26 21:49:53.561629,82.2644717636629
AI1521,Fall 2025,Lab Report,False,0.13926487297023915,1109.9010709819656,5,65.96274979674051,2026-07-07 21:49:53.561872,54.93491674225424
AI1522,Fall 2025,Lab Report,False,0.08125803867823986,1760.7737761443484,4,40.5123723799907,2026-05-24 21:49:53.562125,93.10473746668522
AI1523,Summer 2026,Case Study,False,0.3191813896834062,1031.6250755135466,3,42.505920539069436,2026-06-26 21:49:53.562373,91.03623391357196
AI1524,Summer 2026,Literature Review,True,0.5805600871323888,1358.4658827766361,8,6.564115660104039,2026-07-07 21:49:53.562616,90.82735499943928
AI1525,Spring 2026,Essay,False,0.45666230378825556,1751.7497990065262,8,24.04452357968598,2026-08-04 21:49:53.562864,75.99515652900459
AI1526,Fall 2025,Literature Review,True,0.4085962287479116,1965.972011796627,7,36.158441707574866,2026-03-18 21:49:53.563526,78.28828685353488
AI1527,Spring 2026,Literature Review,True,0.5022596846376439,1620.3737551132306,13,28.06148519874972,2026-07-04 21:49:53.564073,76.7026774587681
AI1528,Summer 2026,Case Study,True,0.34051773023051296,1293.316338858389,8,28.312744632748633,2026-06-09 21:49:53.564572,85.73210371441886
AI1529,Fall 2025,Essay,False,0.3397910261635593,1497.126813521008,9,32.27846857088198,2026-07-07 21:49:53.564936,65.90505156629756
AI1530,Fall 2025,Case Study,False,0.12711628160449667,1911.3017006564714,6,12.713544076408953,2026-07-25 21:49:53.565227,81.8065611605005
AI1531,Spring 2026,Research Paper,False,0.30540541146599975,1589.0626692213584,5,37.847975420370084,2026-08-01 21:49:53.565473,64.47579314744488
AI1532,Summer 2026,Research Paper,False,0.45312690246509174,1470.849630025269,4,44.383784213689346,2026-07-31 21:49:53.565719,86.29027500337386
AI1533,Summer 2026,Research Paper,False,0.5086164118746443,1421.1184779438474,3,44.1833809980406,2026-03-19 21:49:53.565966,79.78662735570524
AI1534,Fall 2026,Research Paper,False,0.5782147648796373,1502.3310889097877,11,10.99892315004831,2026-08-02 21:49:53.566271,64.9746093310485
AI1535,Fall 2025,Lab Report,False,0.15879043883343416,2263.488405354603,13,1.2758319005802934,2026-06-25 21:49:53.566835,71.03623645423387
AI1536,Summer 2026,Research Paper,True,0.4750164449983091,1399.4093618355853,6,50.12220150839449,2026-08-23 21:49:53.567297,74.52448112850571
AI1537,Summer 2026,Essay,False,0.5257255592185945,1507.9129454036263,9,28.307101968844854,2026-03-19 21:49:53.567607,100.0
AI1538,Spring 2026,Case Study,True,0.2509975439098446,1903.0845796060687,12,13.987429729199716,2026-05-19 21:49:53.567862,79.67609909107938
AI1539,Fall 2026,Lab Report,True,0.43223591974209796,1206.9137918375986,8,58.144644161094625,2026-08-10 21:49:53.568133,84.3210642277756
AI1540,Fall 2026,Literature Review,True,0.7264385703256394,1891.4941568256181,14,28.4980780272724,2026-04-28 21:49:53.568395,82.85904248013559
AI1541,Fall 2026,Case Study,False,0.35916425664887197,1642.8112536071142,6,62.077174800238396,2026-07-04 21:49:53.568650,68.67654657952019
AI1542,Fall 2025,Essay,False,0.3857246092756531,1816.5524964482731,13,17.068634374889637,2026-08-22 21:49:53.568893,75.89371391092665
AI1543,Summer 2026,Literature Review,True,0.5578409914070729,1409.399019474297,10,61.591557813204446,2026-03-30 21:49:53.569465,76.3497902862785
AI1544,Fall 2025,Lab Report,False,0.11053086487810616,1654.5825897253324,4,12.966300955852098,2026-07-05 21:49:53.570005,74.11525535366309
AI1545,Fall 2026,Research Paper,True,0.672198636191772,1511.567815088855,11,85.43624672105207,2026-06-12 21:49:53.570492,75.6126863706966
AI1546,Fall 2025,Lab Report,False,0.07157944037789137,1164.2526697029832,4,50.66155703553563,2026-06-30 21:49:53.570988,91.14709259922893
AI1547,Summer 2026,Case Study,False,0.2690997285391369,2222.162456217808,7,31.964151073945036,2026-06-16 21:49:53.571459,68.63046353761347
AI1548,Fall 2025,Essay,False,0.3322538540892461,1223.5853496301193,10,32.589139886251246,2026-05-08 21:49:53.571915,77.41978549519763
AI1549,Summer 2026,Case Study,False,0.3311450990030675,1792.6841004370308,8,11.606209389188905,2026-07-01 21:49:53.572447,65.10414733339518
AI1550,Summer 2026,Essay,False,0.45413811417882954,1897.238096225502,12,84.6973364744268,2026-08-13 21:49:53.572982,55.80844376947612
AI1551,Fall 2026,Case Study,False,0.4751174209795826,1168.1596761399833,5,37.55090221521373,2026-06-25 21:49:53.573446,62.479041002975826
AI1552,Summer 2026,Essay,True,0.46466548124802054,1670.4975000903764,10,26.957824936087892,2026-07-05 21:49:53.573844,84.18421160826117
AI1553,Fall 2025,Literature Review,False,0.27125323852596345,1662.4383791666417,5,25.285645063259977,2026-05-12 21:49:53.574174,84.29823332348587
AI1554,Spring 2026,Essay,True,0.3669221040970503,1154.9356393503026,10,42.176904671504325,2026-05-17 21:49:53.574425,87.0723415317634
AI1555,Summer 2026,Lab Report,True,0.2377621648212167,2138.0658259810207,4,30.538903623600433,2026-07-09 21:49:53.574674,75.97045566390604
AI1556,Fall 2026,Lab Report,True,0.42107450928014867,1151.5937928569083,19,32.654534562840695,2026-07-29 21:49:53.574924,72.33830202693527
AI1557,Summer 2026,Case Study,True,0.3228517087772927,1523.7741114061182,8,30.517669084727654,2026-06-26 21:49:53.575180,71.73517030517758
AI1558,Summer 2026,Essay,True,0.42404640017404144,1577.8796810031445,10,56.20034510223667,2026-06-28 21:49:53.575429,76.38708581248517
AI1559,Fall 2026,Research Paper,False,0.5212140121012454,2120.3110368563666,9,3.2631174927904336,2026-06-24 21:49:53.575700,81.34941559048254
AI1560,Fall 2026,Research Paper,True,0.543995434462037,1380.0213195268202,6,50.71076059965086,2026-07-18 21:49:53.575943,81.84459299374498
AI1561,Fall 2026,Research Paper,True,0.5669109115918141,1553.6214709612489,7,54.60110776153893,2026-08-03 21:49:53.576200,75.76358514781133
AI1562,Fall 2025,Research Paper,False,0.2416392557155508,1110.5615242499064,6,32.439030202071464,2026-07-25 21:49:53.576463,74.20220348883885
AI1563,Summer 2026,Essay,True,0.5272322298713392,1180.8159373099597,9,35.22493285068015,2026-07-03 21:49:53.576706,73.41437232498363
AI1564,Fall 2026,Essay,True,0.5857711190093096,1833.3676726542276,6,25.194351394578536,2026-06-02 21:49:53.576960,85.11075873738896
AI1565,Summer 2026,Literature Review,True,0.5120534845536817,1769.1958948309332,6,11.277610209873957,2026-06-20 21:49:53.577212,83.25677249919978
AI1566,Fall 2025,Literature Review,False,0.3399056855012103,1949.0421604011647,10,16.986714224519808,2026-07-19 21:49:53.577463,89.95063389714844
AI1567,Spring 2026,Lab Report,False,0.2117170704638347,1273.308506430627,5,34.00983294558985,2026-06-23 21:49:53.577707,89.7657593930854
AI1568,Summer 2026,Case Study,False,0.3598450848100712,1680.596600561221,12,61.09986139215767,2026-05-10 21:49:53.577951,75.51929546480115
AI1569,Fall 2026,Lab Report,False,0.4006452046865363,1290.5013133627792,9,34.18764789558611,2026-03-28 21:49:53.578212,89.32782005113185
AI1570,Fall 2026,Case Study,True,0.4486453259762882,1641.3900488826625,5,29.843374393426796,2026-04-25 21:49:53.578466,74.99480897410268
AI1571,Spring 2026,Research Paper,False,0.43477786466561186,1541.8395619667606,8,16.54242001554153,2026-07-17 21:49:53.578718,82.25771822821245
AI1572,Fall 2026,Essay,False,0.608118502806653,1939.1205540710935,6,15.14429717949346,2026-08-24 21:49:53.578965,84.90832056817223
AI1573,Fall 2025,Research Paper,False,0.21909111061349032,1948.937871965721,10,15.86753729073351,2026-08-07 21:49:53.579211,71.48228043808192
AI1574,Fall 2026,Research Paper,True,0.5422036688348066,2265.6178658632207,9,43.824629490643225,2026-09-01 21:49:53.579452,79.97095707160499
AI1575,Fall 2026,Research Paper,False,0.5557657891206301,1920.507567006236,10,30.731839190643655,2026-09-06 21:49:53.579698,76.38277509296499
AI1576,Fall 2025,Case Study,False,0.21032057012922428,1140.9270694912475,9,16.938082356396315,2026-07-13 21:49:53.580171,85.02341260550726
AI1577,Spring 2026,Research Paper,True,0.36292153418862627,1629.5601289514887,9,21.505013676257885,2026-06-13 21:49:53.580529,78.91307771876147
AI1578,Fall 2026,Case Study,False,0.5191135376776391,2338.6489420419643,15,47.5712146851216,2026-08-02 21:49:53.580799,83.62114308586753
AI1579,Fall 2026,Lab Report,False,0.2932696077776235,1614.683791661654,11,15.99977763036922,2026-07-21 21:49:53.581415,84.39517296855668
AI1580,Fall 2026,Research Paper,True,0.6192625768495241,1686.6709834123865,6,29.901504724360272,2026-08-06 21:49:53.581900,83.95523648286711
AI1581,Fall 2025,Essay,True,0.33982344186618124,1232.1902508946075,13,19.482323757974076,2026-05-05 21:49:53.582419,89.08331239986879
AI1582,Summer 2026,Lab Report,False,0.3279354917429369,2046.664674743322,8,6.471531921237691,2026-04-01 21:49:53.582834,61.27401294615707
AI1583,Spring 2026,Case Study,False,0.2283827537944034,412.11825570975907,5,27.76886014841197,2026-04-27 21:49:53.583109,82.8644814171947
AI1584,Summer 2026,Research Paper,False,0.5050565991570503,1441.5146877804684,10,23.14032422737436,2026-07-06 21:49:53.583358,77.9819387267611
AI1585,Fall 2026,Literature Review,True,0.6788536392182344,1257.4056097102239,3,11.933352171627634,2026-03-25 21:49:53.584025,69.56907066858523
AI1586,Summer 2026,Essay,True,0.468915171880604,917.5297209267619,6,27.468841327195353,2026-03-29 21:49:53.584366,71.70771822029452
AI1587,Summer 2026,Essay,False,0.5049388583581035,1782.929770675038,8,45.83577701758781,2026-05-27 21:49:53.584624,68.1257613647361
AI1588,Spring 2026,Literature Review,True,0.4699536318494044,1243.2844942458423,6,28.327588833167844,2026-08-20 21:49:53.584895,83.0090642486205
AI1589,Spring 2026,Lab Report,False,0.26921524944200476,1319.2594789200082,11,24.101499749554943,2026-07-14 21:49:53.585184,63.084346873871006
AI1590,Fall 2026,Lab Report,True,0.3319597402605634,1754.0477652184434,6,65.11886476629805,2026-03-27 21:49:53.585439,83.66753271150687
AI1591,Fall 2026,Lab Report,False,0.38677743113069485,1345.71643815784,10,60.990674039858064,2026-06-13 21:49:53.585689,73.85889605691466
AI1592,Summer 2026,Essay,True,0.5274860908613789,1919.5312234423172,4,55.32650242191309,2026-05-17 21:49:53.585937,76.16126583179272
AI1593,Fall 2026,Case Study,True,0.4826799458478649,1442.1780126233077,8,70.11787459638794,2026-06-10 21:49:53.586217,72.5045695678212
AI1594,Summer 2026,Lab Report,False,0.38085772622238967,1025.344213542894,16,79.20955565810586,2026-07-07 21:49:53.586477,60.981762734758206
AI1595,Fall 2025,Lab Report,False,0.0733228536352826,1962.6302093206534,8,35.821181684046884,2026-08-25 21:49:53.586729,73.52845355361714
AI1596,Fall 2026,Case Study,False,0.479990027188591,1474.78125280369,9,22.410386119996385,2026-04-20 21:49:53.586984,65.8866897864154
AI1597,Summer 2026,Research Paper,False,0.4121036586890468,2123.5343935543033,6,35.87829448378348,2026-03-13 21:49:53.587240,76.40104127921968
AI1598,Summer 2026,Case Study,True,0.2842849232258383,1845.1204876267739,6,46.980618164562905,2026-08-30 21:49:53.587538,83.30670280403798
AI1599,Fall 2026,Lab Report,False,0.3742477301642372,759.8207715419634,9,13.942028282032812,2026-06-12 21:49:53.587823,83.13900306560762
AI1600,Spring 2026,Case Study,True,0.3099234255929033,1438.703065572442,12,58.23097732724004,2026-03-20 21:49:53.588121,82.15798620456692
AI1601,Fall 2026,Lab Report,False,0.3797350861762685,1469.9068755081425,12,14.47295931367408,2026-07-02 21:49:53.588385,74.31109523805755
AI1602,Fall 2026,Research Paper,True,0.6333883720759002,1741.1124458106,9,8.667125269573516,2026-06-14 21:49:53.588634,81.55729039228443
AI1603,Fall 2026,Literature Review,True,0.7067917797085269,1229.3144149202342,10,47.39091982279203,2026-09-07 21:49:53.588917,72.72904292122118
AI1604,Summer 2026,Case Study,False,0.33743719814127016,798.2036276111328,8,39.207666559462936,2026-04-01 21:49:53.589200,72.29817221958203
AI1605,Spring 2026,Case Study,False,0.2476821800827617,2178.677437013287,9,30.26991198484082,2026-03-18 21:49:53.589516,86.04957331801064
AI1606,Fall 2025,Lab Report,False,0.10001728771154163,1160.0101100490674,10,15.603993676095932,2026-08-31 21:49:53.589763,59.197181540560806
AI1607,Fall 2026,Research Paper,False,0.5795476415964624,1049.3949586144267,10,68.66978863970552,2026-06-18 21:49:53.590016,59.53818806144909
AI1608,Fall 2026,Essay,False,0.6229528179718637,2139.471325655222,9,14.326947258652591,2026-08-19 21:49:53.590286,68.01463926877426
AI1609,Summer 2026,Literature Review,False,0.6364274218962926,488.53821514244237,4,42.07367793694255,2026-06-10 21:49:53.590535,100.0
AI1610,Spring 2026,Lab Report,True,0.2779453665713562,1527.6741467976026,13,47.67834209201012,2026-08-08 21:49:53.590778,81.6635725630268
AI1611,Fall 2025,Research Paper,False,0.2765713154499261,1427.8154805984261,16,27.5377606882422,2026-08-19 21:49:53.591046,73.95155392198203
AI1612,Fall 2026,Research Paper,False,0.5323930970071542,1137.564573239244,14,31.53847746680692,2026-08-06 21:49:53.591316,87.33738745889407
AI1613,Spring 2026,Essay,False,0.3984872132521083,1610.6546898458746,12,35.965530227266484,2026-05-11 21:49:53.591561,83.9811476881583
AI1614,Spring 2026,Essay,True,0.5503017266441979,1754.8176644846035,10,23.518088993136775,2026-05-12 21:49:53.591805,73.91880260076832
AI1615,Spring 2026,Case Study,False,0.14058516174941998,1882.0444694409234,9,33.577087101949836,2026-07-30 21:49:53.592066,75.05701409125902
AI1616,Summer 2026,Case Study,True,0.3774837902873972,962.7517727205524,2,58.95221656959523,2026-04-16 21:49:53.592323,83.45767040096077
AI1617,Fall 2026,Lab Report,True,0.34410568031874944,1756.0339131151163,9,41.58772400493473,2026-09-01 21:49:53.592571,82.6624835253287
AI1618,Fall 2026,Literature Review,True,0.5091555172410015,1273.9667489209846,3,50.735004101829695,2026-05-19 21:49:53.592820,67.91160496949078
AI1619,Summer 2026,Research Paper,False,0.5339825708228475,1241.4880364203962,7,10.199031988001622,2026-04-18 21:49:53.593078,80.26753120667925
AI1620,Spring 2026,Research Paper,False,0.3953688805662912,2237.974626844149,15,52.7148343720289,2026-03-12 21:49:53.593327,61.533410615703936
AI1621,Summer 2026,Literature Review,False,0.5302549785559642,2334.0801063855656,5,28.138319533536944,2026-04-13 21:49:53.593570,60.780429810944185
AI1622,Summer 2026,Case Study,False,0.3793559054146799,1694.6293959702325,9,34.127756831709256,2026-07-17 21:49:53.593811,73.11525331184367
AI1623,Summer 2026,Case Study,False,0.31089894359827974,2216.5376367785047,10,15.763587500623444,2026-09-06 21:49:53.594060,69.1204883938666
AI1624,Fall 2026,Literature Review,True,0.6077483726703079,1328.5789657060495,6,19.168031318658198,2026-08-06 21:49:53.594303,84.07939699442751
AI1625,Fall 2026,Literature Review,False,0.695756874414959,1229.690901597593,7,64.75207813658153,2026-08-05 21:49:53.594551,66.88292014599803
AI1626,Fall 2025,Literature Review,False,0.23129555071099778,1990.8073655763285,10,16.372954498550936,2026-03-16 21:49:53.594792,83.89912770863984
AI1627,Fall 2026,Essay,True,0.5783367335799651,1503.4118250949464,9,92.56232322288638,2026-04-24 21:49:53.595062,76.29863109158217
AI1628,Fall 2026,Case Study,False,0.4699665432924806,1602.3478042479326,10,48.60607174171736,2026-03-18 21:49:53.595314,66.03561396759322
AI1629,Fall 2025,Essay,False,0.3452246413537286,1418.6624163332845,5,29.728578017155343,2026-05-11 21:49:53.595557,72.16284331784864
AI1630,Summer 2026,Research Paper,True,0.47396076886113325,802.3347458555235,8,23.057790564980124,2026-05-11 21:49:53.595800,77.52679242691642
AI1631,Fall 2025,Literature Review,False,0.3372392110530651,1096.5854733356255,10,48.435153778421494,2026-07-06 21:49:53.596056,75.83002946231213
AI1632,Fall 2026,Literature Review,False,0.5994940441443999,2138.489518997728,7,54.38128622779171,2026-07-22 21:49:53.596301,92.46637659969305
AI1633,Fall 2026,Lab Report,True,0.36166276930609875,827.9002444510348,9,20.894895986301915,2026-03-16 21:49:53.596839,72.29307134310491
AI1634,Fall 2026,Essay,True,0.6409004847580209,1855.1393068359926,4,33.69512364005146,2026-05-30 21:49:53.597948,74.3766444340202
AI1635,Fall 2025,Essay,False,0.30026068218412383,1052.0047990246194,6,31.167733949467618,2026-07-17 21:49:53.598725,76.49076106823499
AI1636,Spring 2026,Case Study,False,0.23827380287770805,2051.1437684730054,5,23.421045985542072,2026-06-13 21:49:53.599263,46.796516803783746
AI1637,Fall 2026,Literature Review,False,0.6427273850089439,1387.4553255986418,3,31.678380669202728,2026-04-05 21:49:53.599712,60.17085868293776
AI1638,Fall 2026,Essay,True,0.6491422532496136,2368.461718658403,8,16.626363702145863,2026-03-21 21:49:53.600201,84.86552018306229
AI1639,Summer 2026,Case Study,False,0.28936786293430306,1663.7001998169633,7,17.371809093158195,2026-07-25 21:49:53.600660,100.0
AI1640,Spring 2026,Case Study,False,0.2786333344152664,2062.091312094645,11,37.26841957770029,2026-06-27 21:49:53.601305,80.3770739665255
AI1641,Fall 2026,Case Study,True,0.5088543160453401,1492.4097714127854,6,17.436960107088083,2026-05-16 21:49:53.602237,86.31834031272957
AI1642,Fall 2026,Lab Report,True,0.44502265219653714,635.4447599135231,6,63.698665587122406,2026-08-07 21:49:53.603358,72.47065992129691
AI1643,Fall 2026,Essay,False,0.5135874444853423,858.9216243092699,11,58.573281848223814,2026-06-14 21:49:53.604015,82.97685509946365
AI1644,Summer 2026,Case Study,False,0.3089284753801918,1230.194450988275,9,17.444375782293523,2026-04-20 21:49:53.604822,94.8940512134258
AI1645,Spring 2026,Case Study,False,0.26731154145393576,1360.9863376913306,13,55.96795392723709,2026-07-13 21:49:53.605302,69.30260340751879
AI1646,Fall 2026,Essay,True,0.6515742981296997,1135.1638352484936,5,34.90547921434847,2026-07-19 21:49:53.605775,74.19705432407969
AI1647,Summer 2026,Essay,False,0.43108529166545695,1452.2541890316286,10,38.66354318672752,2026-03-13 21:49:53.606275,100.0
AI1648,Spring 2026,Essay,False,0.4572372760689505,745.453991662331,11,16.454760704703254,2026-05-14 21:49:53.606715,80.56669800498324
AI1649,Fall 2025,Case Study,False,0.19063076964679931,1351.8353253004875,9,66.15401258487881,2026-07-30 21:49:53.607169,43.36138810641634
AI1650,Fall 2025,Case Study,False,0.15870798119846666,1491.110713599338,15,69.28670363256703,2026-06-01 21:49:53.607607,69.9830447481453
AI1651,Summer 2026,Lab Report,False,0.32948571820613376,1300.6700383540085,7,48.074546571333755,2026-05-01 21:49:53.608056,59.47340956985297
AI1652,Fall 2026,Lab Report,False,0.3725125849070196,1690.4645074948885,9,65.6007330662269,2026-06-18 21:49:53.608629,63.0361121647629
AI1653,Spring 2026,Case Study,False,0.16909065821985353,1671.79817856426,8,12.762565650001207,2026-08-30 21:49:53.609091,76.25834972261681
AI1654,Spring 2026,Essay,True,0.3919168437792661,1777.9253270897211,10,45.796596716784705,2026-04-18 21:49:53.609532,71.67611225295116
AI1655,Spring 2026,Research Paper,True,0.2696794440266323,1546.8603121189694,7,21.336734214622034,2026-08-28 21:49:53.609985,76.6222608472587
AI1656,Summer 2026,Research Paper,False,0.42092144208676546,1451.9631815152875,1,36.2684423797943,2026-03-16 21:49:53.610438,76.50041912354281
AI1657,Fall 2025,Case Study,False,0.07504284938449682,1347.2031526278686,10,32.30263884752817,2026-05-10 21:49:53.610882,71.71854344902755
AI1658,Summer 2026,Lab Report,False,0.2620999048697269,988.7905128505165,5,20.773929498115812,2026-05-05 21:49:53.611333,67.59604266704115
AI1659,Spring 2026,Literature Review,False,0.4836743617834762,860.8961312795416,7,3.677886191420529,2026-05-25 21:49:53.611771,66.022269348201
AI1660,Fall 2026,Research Paper,True,0.5612364599271469,1354.7937946695308,8,70.71193846425385,2026-07-27 21:49:53.612205,85.17467391156393
AI1661,Fall 2026,Research Paper,True,0.558910373803345,1426.2509132568728,5,60.75344840218377,2026-03-15 21:49:53.612505,79.98039926734721
AI1662,Summer 2026,Lab Report,True,0.3799831776357799,1461.068374445288,3,37.17806274210416,2026-09-02 21:49:53.612760,72.03231234896799
AI1663,Fall 2026,Research Paper,False,0.5202921755742658,2502.3516630854656,14,16.97238589810978,2026-06-10 21:49:53.613020,63.750870059685745
AI1664,Fall 2025,Lab Report,False,0.01753714915803574,2022.9680262578245,8,20.476327355445314,2026-06-19 21:49:53.613968,75.52332241191493
AI1665,Fall 2026,Lab Report,False,0.33852026604375096,1363.499044282811,8,32.34971574854692,2026-03-24 21:49:53.614896,78.13105085537339
AI1666,Fall 2026,Literature Review,True,0.6891821652982226,951.1293395449987,3,31.33494873504672,2026-05-16 21:49:53.615309,83.59830941987394
AI1667,Fall 2025,Essay,False,0.2441513078422082,1386.3768773510353,12,48.441257314609985,2026-08-11 21:49:53.615571,55.45142020688372
AI1668,Fall 2025,Research Paper,True,0.24888604738265438,1611.3115105038348,6,15.403102471386212,2026-06-22 21:49:53.615818,84.34722934420596
AI1669,Fall 2026,Case Study,True,0.46290073110398056,1414.6063449984936,12,18.573099198201458,2026-09-02 21:49:53.616085,80.16707637750373
AI1670,Summer 2026,Case Study,False,0.3374415328068827,1532.7493095836987,6,54.95202910846372,2026-06-09 21:49:53.616402,85.23662301117733
AI1671,Fall 2026,Essay,True,0.6528814745024658,1658.4360170626687,8,17.43405776306164,2026-05-13 21:49:53.616796,79.83994852874473
AI1672,Fall 2026,Research Paper,False,0.6124385725201312,1442.326876891179,5,27.02655202855166,2026-05-04 21:49:53.617610,56.623215001728504
AI1673,Fall 2026,Essay,True,0.5920812956757441,2278.7928572259193,14,28.694470780854076,2026-04-04 21:49:53.618050,70.75795235082211
AI1674,Summer 2026,Lab Report,False,0.2753562467737585,1827.3666828146836,6,12.635084605521406,2026-08-03 21:49:53.618424,71.82955075816541
AI1675,Fall 2026,Lab Report,False,0.43062163686001614,1845.5176892952375,6,80.91325793745257,2026-06-09 21:49:53.619319,78.00262355526118
AI1676,Fall 2026,Essay,True,0.5288397587064089,464.83154340776946,5,27.34111355920274,2026-04-05 21:49:53.619867,79.33765416269611
AI1677,Fall 2026,Literature Review,True,0.6405703186658138,1245.8488500957412,14,12.074959349975586,2026-08-12 21:49:53.620361,73.90764479677318
AI1678,Spring 2026,Research Paper,False,0.3906543218316371,1431.5424263502734,7,48.59620743532738,2026-04-10 21:49:53.620833,54.065361823471314
AI1679,Summer 2026,Case Study,False,0.344331747613465,1969.8238221599295,5,28.128712710124915,2026-06-19 21:49:53.621313,86.3973222871771
AI1680,Fall 2025,Literature Review,False,0.28665475680151087,1576.0961803986584,7,11.271402976999994,2026-06-02 21:49:53.621772,81.97061858749942
AI1681,Fall 2026,Lab Report,False,0.36277484306401514,1314.7626134242332,11,44.696521195935276,2026-07-10 21:49:53.622238,91.0695524009567
AI1682,Fall 2025,Lab Report,False,0.06401267270757861,1285.9855220854301,13,49.27954081482023,2026-05-11 21:49:53.622689,63.11568607365916
AI1683,Fall 2026,Research Paper,True,0.5703098171571841,1865.4196726037808,5,52.517152894291165,2026-06-24 21:49:53.623168,77.35220876481965
AI1684,Summer 2026,Research Paper,True,0.5267597780724864,1487.48429352957,11,60.98425265902859,2026-05-26 21:49:53.623649,73.86122448654731
AI1685,Summer 2026,Essay,False,0.4383823566188463,1286.1615643010432,8,53.65817647683847,2026-08-15 21:49:53.624230,86.12403360473945
AI1686,Fall 2026,Case Study,False,0.3772167380191402,982.1041251912745,12,24.656152744744887,2026-06-24 21:49:53.625060,80.16500781055244
AI1687,Fall 2026,Case Study,False,0.38509893942372053,1555.8928790651644,5,28.62835703007438,2026-04-10 21:49:53.625558,61.958873066552435
AI1688,Fall 2025,Lab Report,False,0.21802096125157122,1460.2413920911506,10,26.407700356983767,2026-09-05 21:49:53.625816,77.20383006302319
AI1689,Fall 2026,Research Paper,True,0.5427176998963508,1765.6966246906675,12,25.68955149760001,2026-06-08 21:49:53.626083,78.3948763628151
AI1690,Fall 2026,Literature Review,True,0.6409064531703955,1970.039491241212,7,31.633327482851058,2026-05-23 21:49:53.626352,77.7309287383049
AI1691,Summer 2026,Lab Report,False,0.3340097245367655,964.2030316849449,6,23.266596467429455,2026-08-05 21:49:53.626604,56.4563151050296
AI1692,Fall 2026,Case Study,False,0.49663135126742924,1914.770590473458,4,29.84642140478569,2026-05-28 21:49:53.626847,69.89521067066974
AI1693,Spring 2026,Case Study,True,0.25278117871038264,1775.5810731967836,8,52.06683122455779,2026-03-26 21:49:53.627119,83.42898350412145
AI1694,Spring 2026,Essay,False,0.5221068459441993,1512.3736732186162,13,64.37863216520981,2026-05-01 21:49:53.627381,90.84254456251189
AI1695,Fall 2026,Case Study,False,0.44779774178361553,825.040158430585,9,42.216538392030486,2026-06-26 21:49:53.627624,85.74255948754437
AI1696,Fall 2026,Case Study,False,0.47239566103758507,1759.1585734267792,15,13.52126152817837,2026-04-11 21:49:53.627864,79.63643002794875
AI1697,Fall 2026,Research Paper,False,0.5212270841964862,1121.6928304001797,6,23.543651570988146,2026-09-03 21:49:53.628129,67.89429297649164
AI1698,Fall 2025,Research Paper,True,0.17498575882172696,2017.5550491442584,5,55.92742083730258,2026-07-04 21:49:53.628377,70.6224990804816
AI1699,Fall 2026,Research Paper,False,0.5353565742312407,1656.8446469679175,12,25.98048371985006,2026-06-07 21:49:53.628624,80.7851125080392
AI1700,Fall 2026,Essay,True,0.6015475322657506,1453.0577546578122,9,8.99812210420546,2026-06-05 21:49:53.628864,79.30294271486177
AI1701,Spring 2026,Essay,False,0.48067272793618515,2108.3135764917142,6,27.15588957700708,2026-08-15 21:49:53.629159,76.40681208336889
AI1702,Fall 2026,Lab Report,True,0.3709962499593333,1076.844013069395,7,17.31396343824384,2026-06-18 21:49:53.629406,69.52524221401168
AI1703,Fall 2025,Case Study,False,0.19462536520449145,1534.0759782427792,14,10.985020841184262,2026-07-10 21:49:53.629808,77.65591788558581
AI1704,Spring 2026,Research Paper,False,0.34679813658757097,1774.102070080108,11,52.36070260397231,2026-08-17 21:49:53.630537,84.2506706002568
AI1705,Summer 2026,Lab Report,False,0.22400959991307817,710.9596261252707,9,50.56675537644993,2026-05-13 21:49:53.631215,87.50551818311152
AI1706,Fall 2026,Lab Report,False,0.4270961812520906,2102.5966683597917,9,31.480712494028868,2026-08-01 21:49:53.632120,69.17754392194766
AI1707,Fall 2026,Lab Report,True,0.47955631793523706,1129.9618277817808,11,61.70121195780551,2026-06-23 21:49:53.632543,75.19324345839334
AI1708,Fall 2026,Lab Report,True,0.5204599555350052,763.1638467766834,4,16.71980489070827,2026-09-07 21:49:53.632805,77.26617141677303
AI1709,Fall 2026,Research Paper,True,0.5982362301918591,1481.0629716608214,9,27.686707450647436,2026-06-21 21:49:53.633156,83.65603535154138
AI1710,Fall 2026,Literature Review,True,0.5976832257352097,2025.5840013897441,6,48.11550489467507,2026-07-15 21:49:53.633657,72.62523685110021
AI1711,Fall 2026,Research Paper,False,0.5592944885004486,1022.2762113369402,6,33.90361097985446,2026-08-14 21:49:53.634126,74.33058989262187
AI1712,Fall 2026,Research Paper,False,0.504911926150701,997.8303075162731,7,24.960286978616057,2026-08-04 21:49:53.634565,73.43038392087728
AI1713,Spring 2026,Research Paper,False,0.37782165927938793,1488.3092208156647,13,24.644518855261293,2026-08-13 21:49:53.635149,82.54154018329703
AI1714,Fall 2026,Case Study,False,0.5477363478507615,1387.9187180927674,8,13.912561463502973,2026-08-23 21:49:53.635740,73.46406473692893
AI1715,Fall 2026,Case Study,False,0.44050560853791776,1971.042019578685,3,15.073364742808506,2026-04-01 21:49:53.636245,89.04801987496413
AI1716,Fall 2026,Lab Report,True,0.3926387165222872,1568.1349405038463,14,42.34558137425816,2026-08-05 21:49:53.636721,75.27114147775416
AI1717,Spring 2026,Essay,True,0.4005233384089465,2082.311440862326,6,32.13415491950754,2026-03-17 21:49:53.637205,70.6957008492863
AI1718,Summer 2026,Research Paper,True,0.4930353614053117,1428.615303828474,8,11.034524689014187,2026-06-26 21:49:53.637665,73.75472996713984
AI1719,Summer 2026,Literature Review,True,0.6134271344533515,1894.8564043024526,11,33.28553096910257,2026-06-18 21:49:53.638136,78.14393071636091
AI1720,Spring 2026,Essay,False,0.3490619495613422,2167.233178815609,5,63.2861054545662,2026-06-10 21:49:53.638601,56.43639371589082
AI1721,Fall 2026,Lab Report,True,0.36832634180651835,2150.693411850048,6,8.231548261678933,2026-09-03 21:49:53.639090,74.22591595747521
AI1722,Fall 2026,Case Study,True,0.46253037134740255,1443.1562853317328,12,59.76671398442185,2026-08-21 21:49:53.639573,76.41423678136523
AI1723,Spring 2026,Literature Review,False,0.409718919409223,1213.8424828525613,4,52.33696190822261,2026-08-13 21:49:53.640052,87.50447273759967
AI1724,Fall 2026,Case Study,False,0.5005452138440395,1253.1689583525817,5,31.464910179372634,2026-07-18 21:49:53.640448,61.58833315249945
AI1725,Fall 2026,Case Study,False,0.4564965090241165,1418.609407357134,8,37.52885337945292,2026-08-25 21:49:53.640735,59.96408008975384
AI1726,Fall 2026,Lab Report,False,0.39938437865100707,1441.3421987902889,6,6.107591267009046,2026-07-17 21:49:53.640991,63.78922943359282
AI1727,Spring 2026,Literature Review,False,0.3782974120310433,1614.2246684751271,12,40.08711732709582,2026-08-15 21:49:53.641239,64.85968375673605
AI1728,Fall 2026,Research Paper,True,0.5403654360581507,2269.9163827456023,10,55.63657442433965,2026-03-30 21:49:53.641484,79.80543168403554
AI1729,Fall 2026,Research Paper,True,0.5349306297923898,1150.7777334542418,12,57.72655820124013,2026-04-20 21:49:53.641733,80.36856094704696
AI1730,Spring 2026,Case Study,True,0.29418583250479297,1092.7335245107975,8,19.73974934806149,2026-05-10 21:49:53.641985,75.61539414062216
AI1731,Summer 2026,Research Paper,True,0.3351959045508078,1800.2042070101406,10,28.69645146937022,2026-09-05 21:49:53.642236,73.9169369579416
AI1732,Spring 2026,Case Study,False,0.23788722527370598,1466.3615887143653,3,21.712042989444246,2026-04-25 21:49:53.642497,54.00829636834257
AI1733,Spring 2026,Research Paper,True,0.3967546076970785,1239.3572273427799,9,25.61094229418679,2026-08-13 21:49:53.642741,83.67880902436178
AI1734,Fall 2025,Research Paper,True,0.18342879239499588,1064.07417598628,8,35.64540687506753,2026-07-14 21:49:53.642995,76.10305717118214
AI1735,Spring 2026,Research Paper,True,0.33332669817797955,767.3223449750731,6,21.658561983794037,2026-05-05 21:49:53.643245,89.02071953663257
AI1736,Fall 2026,Essay,False,0.6258955970977788,1879.1970769378306,8,9.963143352975855,2026-04-02 21:49:53.643506,77.88712208002869
AI1737,Spring 2026,Literature Review,False,0.4250016106300628,673.3998326010573,9,67.4328363603872,2026-07-15 21:49:53.643750,61.00046036370336
AI1738,Spring 2026,Literature Review,False,0.29411320139532215,1812.2431686574762,11,39.4745402632626,2026-06-12 21:49:53.644008,79.74440547210864
AI1739,Fall 2026,Lab Report,False,0.3830667234934581,2133.1639020995085,7,24.079022733386296,2026-07-09 21:49:53.644254,74.32133114217395
AI1740,Fall 2026,Research Paper,False,0.6221197398261354,2189.5874652974553,5,38.26166247682693,2026-05-14 21:49:53.644496,73.73904992076895
AI1741,Fall 2025,Essay,True,0.3143983837776685,1376.645143906177,13,37.069839980440584,2026-07-26 21:49:53.644737,68.39880984931035
AI1742,Fall 2025,Research Paper,True,0.35585607499000105,2095.3596720268197,9,50.23386358028101,2026-08-17 21:49:53.644988,72.73123966843937
AI1743,Spring 2026,Literature Review,True,0.4256349948555642,1225.089704149226,11,7.317076629087762,2026-06-27 21:49:53.645347,84.57629714178255
AI1744,Summer 2026,Essay,False,0.511883696470011,1599.7949546609627,7,32.96737479164417,2026-06-07 21:49:53.645760,79.16539926917862
AI1745,Summer 2026,Essay,True,0.5153380889978797,892.6175138791201,9,40.29533469564946,2026-07-10 21:49:53.646140,79.39838044250078
AI1746,Spring 2026,Lab Report,False,0.17232146074897065,1768.9159292654044,7,8.718832788039222,2026-04-03 21:49:53.646862,69.2687526597936
AI1747,Fall 2026,Essay,False,0.6288897498638683,1821.591154645769,6,34.874079142584044,2026-06-26 21:49:53.647389,84.68353133393455
AI1748,Spring 2026,Essay,False,0.416211130140542,1543.1580496621548,10,18.855895339221934,2026-06-05 21:49:53.647757,71.34245638788036
AI1749,Fall 2026,Literature Review,False,0.6654190245952393,895.6634739747594,7,39.75497723149684,2026-08-02 21:49:53.648211,99.6482903805622
AI1750,Summer 2026,Literature Review,True,0.5777016613125184,1850.6668967026903,12,14.720972645703748,2026-03-20 21:49:53.648669,62.821713176112674
AI1751,Fall 2025,Lab Report,False,0.025672491420182825,1814.1972023611122,6,26.73554142041511,2026-04-23 21:49:53.649123,81.54274383003715
AI1752,Spring 2026,Research Paper,False,0.3822333074372854,1197.975664036207,5,30.069900749752293,2026-03-16 21:49:53.649589,64.53919385657574
AI1753,Fall 2026,Essay,True,0.6063757199589449,1134.541482596106,7,28.44716949815102,2026-03-23 21:49:53.650018,83.34307225286231
AI1754,Fall 2025,Case Study,False,0.07987274052994185,1266.822777011351,13,50.85071305196208,2026-05-02 21:49:53.650359,77.83555033412854
AI1755,Summer 2026,Research Paper,False,0.46016624741009515,1482.7408869764956,13,53.42774399160412,2026-06-29 21:49:53.650612,61.27651337176043
AI1756,Fall 2025,Literature Review,False,0.39033345661445074,1365.6182627291946,3,58.6956670086489,2026-03-17 21:49:53.651166,89.92056809158055
AI1757,Fall 2026,Lab Report,True,0.34265047363216755,1287.3973228989462,6,52.3164433101477,2026-06-04 21:49:53.651845,88.08038714507725
AI1758,Fall 2025,Case Study,False,0.137914152879067,1499.4961366916157,8,24.14477063093967,2026-07-06 21:49:53.652370,65.46694678376352
AI1759,Spring 2026,Research Paper,True,0.42316970648013114,1204.675726382012,9,43.87514685055384,2026-03-17 21:49:53.652830,81.44407166347185
AI1760,Spring 2026,Essay,False,0.3292768998254821,1500.5935642949808,8,30.285308934686945,2026-05-15 21:49:53.653531,80.14835975399212
AI1761,Summer 2026,Essay,True,0.5189658915724672,1833.4771665210365,8,21.132706629843064,2026-07-24 21:49:53.653868,74.59116333334457
AI1762,Summer 2026,Research Paper,True,0.462530413283571,1470.0645077306801,6,58.580966351670284,2026-06-08 21:49:53.654173,77.91185171596389
AI1763,Summer 2026,Literature Review,False,0.4913271670160659,1821.0764076839912,5,40.25714045179438,2026-03-17 21:49:53.654449,73.04692804795947
AI1764,Spring 2026,Literature Review,True,0.3965257219897285,1526.0233323811615,8,41.32475942608846,2026-05-17 21:49:53.654712,87.71061598226916
AI1765,Spring 2026,Literature Review,True,0.5272461975163953,1602.1977879897431,9,54.52501955906983,2026-08-22 21:49:53.654987,69.82723528228117
AI1766,Spring 2026,Research Paper,False,0.3372095247183637,1717.4554035665644,7,30.20654646567764,2026-08-12 21:49:53.655253,68.09731242533033
AI1767,Fall 2026,Essay,True,0.7155514686570336,1497.6633967809967,6,23.660291738459673,2026-07-22 21:49:53.655502,77.92980756301718
AI1768,Summer 2026,Literature Review,False,0.5520778634310226,935.0714460838549,6,45.627587749329344,2026-04-20 21:49:53.655754,60.757161453363466
AI1769,Summer 2026,Research Paper,True,0.41998672097392087,1245.2176560790554,7,65.01703014525731,2026-05-07 21:49:53.656003,82.11545057866824
AI1770,Spring 2026,Lab Report,False,0.21977603825399292,1332.670552885444,10,21.289760723012698,2026-03-14 21:49:53.656261,62.674645851734674
AI1771,Spring 2026,Lab Report,False,0.1929883607448911,950.5171601852917,8,79.56106057745089,2026-08-10 21:49:53.656512,94.89575520446559
AI1772,Summer 2026,Case Study,False,0.3218273259391701,1006.0888057654628,8,3.5119782913688424,2026-05-11 21:49:53.656764,68.54163187493845
AI1773,Fall 2026,Lab Report,False,0.49099638707239457,2196.072356546121,8,27.52083819968733,2026-04-18 21:49:53.657019,71.96440605491304
AI1774,Fall 2026,Essay,False,0.5877193725191471,1457.3946896544105,5,21.871288726797644,2026-07-01 21:49:53.657268,84.88426937596675
AI1775,Spring 2026,Lab Report,False,0.15653290244576515,1802.1898627257765,5,45.58745716849689,2026-03-23 21:49:53.657533,84.54306161270418
AI1776,Fall 2025,Essay,False,0.282303342511333,1456.9955509392519,9,41.467003320237474,2026-04-02 21:49:53.657807,59.90232971274694
AI1777,Fall 2026,Research Paper,True,0.5325824144080291,660.9793868227417,8,19.123042260573836,2026-03-30 21:49:53.658060,86.62923478042192
AI1778,Spring 2026,Essay,False,0.36169142433053675,2170.699970585683,13,28.110587712358676,2026-05-28 21:49:53.658308,76.38644809318329
AI1779,Spring 2026,Essay,False,0.3609979704278739,1041.9614130019804,5,24.101794285505857,2026-06-14 21:49:53.658547,82.52336051813857
AI1780,Fall 2025,Essay,True,0.30664744558256757,935.8983156232453,8,9.666410477297655,2026-04-27 21:49:53.658788,76.34506240711778
AI1781,Fall 2026,Research Paper,True,0.5328736921794486,1739.7413745030076,6,50.3806179002185,2026-04-09 21:49:53.659040,77.49569382101629
AI1782,Fall 2026,Case Study,False,0.4554706372783134,1749.7586222302948,8,31.761844569632515,2026-04-13 21:49:53.659287,64.22341805088048
AI1783,Fall 2025,Literature Review,True,0.42106013536517256,759.3167884014007,10,30.33351014964609,2026-04-20 21:49:53.659548,77.78111604681521
AI1784,Summer 2026,Lab Report,True,0.38297323227024005,1787.5846307095107,7,37.813117792574644,2026-07-12 21:49:53.659804,73.48325721912961
AI1785,Fall 2026,Case Study,True,0.4449426171177104,1205.7842638236684,13,34.72940409509455,2026-04-05 21:49:53.660064,80.1548152061913
AI1786,Fall 2025,Research Paper,False,0.2580964208928757,1875.4237531618592,7,14.876456839036331,2026-07-22 21:49:53.660314,73.01651028706777
AI1787,Summer 2026,Lab Report,True,0.3086864694925624,1770.7932456614406,7,41.47661071777019,2026-05-03 21:49:53.660556,76.49778875321289
AI1788,Summer 2026,Lab Report,False,0.3169817767469185,1041.9301736012806,7,29.533891397901087,2026-06-26 21:49:53.660803,79.59557261625632
AI1789,Fall 2026,Research Paper,False,0.48398432850282574,1655.2861106641678,10,2.1929028065172047,2026-06-06 21:49:53.661119,84.90265483626503
AI1790,Fall 2026,Research Paper,True,0.6172144720184789,1238.2414050433988,9,33.61344971302335,2026-08-24 21:49:53.661496,69.05083096157453
AI1791,Spring 2026,Case Study,False,0.2529282551737766,944.9243606686523,5,33.10037359688605,2026-07-26 21:49:53.661776,70.73966299936286
AI1792,Summer 2026,Research Paper,True,0.4275328024002409,954.6890011024161,7,36.08280874294855,2026-04-13 21:49:53.662028,74.46338225788757
AI1793,Spring 2026,Case Study,True,0.2723760841706211,1381.50831746561,8,27.828135330149912,2026-06-30 21:49:53.662284,72.41174515228295
AI1794,Fall 2026,Lab Report,False,0.39487820249573846,1456.051666292794,7,36.937346233822076,2026-06-09 21:49:53.662534,70.89527742019614
AI1795,Fall 2025,Research Paper,True,0.2846743286746237,690.4577147561071,5,21.623450867746104,2026-05-02 21:49:53.662776,79.25230858758287
AI1796,Summer 2026,Case Study,False,0.35942515400295355,1268.4041328419225,8,17.32867829102006,2026-07-06 21:49:53.663032,71.65504921987784
AI1797,Summer 2026,Research Paper,True,0.5348671028919985,1138.9723838744258,10,41.79377973871833,2026-08-13 21:49:53.663585,74.56957779285686
AI1798,Fall 2026,Essay,False,0.6526981875314823,1281.417507421148,9,46.23963022611,2026-06-10 21:49:53.663910,79.5266585926896
AI1799,Fall 2026,Research Paper,True,0.6236205628994915,1389.128162874038,7,55.88130233070226,2026-07-26 21:49:53.664219,74.41585113139939
AI1800,Fall 2025,Research Paper,False,0.28959236674070765,783.1735220083334,6,31.524766129123915,2026-05-09 21:49:53.664502,90.7630501911268
AI1801,Summer 2026,Research Paper,False,0.4176914230925065,901.1666830053845,12,13.852465392915558,2026-07-28 21:49:53.664746,57.52792885095726
AI1802,Fall 2026,Lab Report,True,0.43538385026479004,1681.1951364586735,3,20.302514222501785,2026-04-04 21:49:53.664996,80.1238165670922
AI1803,Fall 2026,Research Paper,True,0.5150065301724795,2067.751529164898,8,17.746642124754484,2026-06-03 21:49:53.665279,82.55048096503405
AI1804,Summer 2026,Case Study,False,0.3514678462744541,1473.7147669583917,8,37.68084784469771,2026-06-11 21:49:53.665531,77.9832145643062
AI1805,Summer 2026,Lab Report,False,0.33062204230488956,1948.1914031449237,10,16.95616377388468,2026-05-16 21:49:53.665777,97.41101029475847
AI1806,Fall 2026,Essay,False,0.5648629373454643,2093.5944058340488,6,23.409003143531887,2026-09-04 21:49:53.666139,81.466151502589
AI1807,Spring 2026,Research Paper,True,0.3869900742435318,1137.2437897190543,8,33.096449389039535,2026-05-20 21:49:53.666546,78.3912220402913
AI1808,Fall 2026,Lab Report,False,0.456297030420596,1303.532796452977,7,46.38297418092749,2026-08-14 21:49:53.667132,84.61225881440294
AI1809,Fall 2026,Case Study,False,0.47630402544228334,2311.9463518918874,7,38.31933579671599,2026-08-22 21:49:53.667420,85.00645307727552
AI1810,Spring 2026,Research Paper,False,0.35917514419273905,1694.9129788782154,8,37.46801025682135,2026-04-24 21:49:53.667672,83.62723796761125
AI1811,Fall 2026,Lab Report,False,0.37725229238462366,1450.7401876795566,5,58.62097663334925,2026-06-26 21:49:53.668001,62.20167806120041
AI1812,Fall 2025,Lab Report,False,0.1050732181422692,1004.1225532829687,3,14.168246526199955,2026-07-03 21:49:53.668434,61.783203010083156
AI1813,Summer 2026,Literature Review,True,0.5760889623267403,977.1388384920657,9,2.1845985812052207,2026-07-30 21:49:53.668886,79.15427828830153
AI1814,Fall 2026,Literature Review,False,0.6464952616077391,931.0787309828684,5,61.31038227991389,2026-03-30 21:49:53.669365,76.55754289681165
AI1815,Summer 2026,Research Paper,True,0.5050480124203159,1874.1139776700225,9,41.48214080802791,2026-03-29 21:49:53.669862,80.53458442874673
AI1816,Fall 2025,Case Study,False,0.1721569377442242,987.2252533886442,9,69.48661497230117,2026-03-18 21:49:53.670356,71.87467884067911
AI1817,Fall 2026,Research Paper,False,0.595989351383667,1547.586118377426,14,23.302731197755918,2026-04-11 21:49:53.670854,60.498220430474774
AI1818,Fall 2026,Literature Review,False,0.6430942809183574,1355.1664655044551,6,46.47148311686507,2026-04-03 21:49:53.671325,59.94082813427314
AI1819,Fall 2026,Case Study,True,0.5213318941630712,1356.8829704018722,12,39.06683683012802,2026-05-08 21:49:53.671764,82.21352299776528
AI1820,Summer 2026,Research Paper,True,0.44942459822764,1854.1721021908602,7,30.9260313232591,2026-05-27 21:49:53.672237,83.46004503539025
AI1821,Summer 2026,Lab Report,False,0.3955474218920948,1311.968048243591,12,35.363714295601575,2026-09-02 21:49:53.672710,84.30977344971697
AI1822,Fall 2026,Lab Report,True,0.45240506515563117,1352.4135220327573,8,44.90394655774427,2026-06-09 21:49:53.673238,78.91370242195224
AI1823,Summer 2026,Case Study,False,0.3007588441765838,853.3321278691109,8,54.81872619201579,2026-06-21 21:49:53.673705,86.07194063297085
AI1824,Spring 2026,Lab Report,False,0.14509526531080266,2149.7525673590067,8,53.72156574295289,2026-04-28 21:49:53.674151,64.53883835203375
AI1825,Fall 2025,Research Paper,False,0.28481420060187373,1830.7938596645947,6,22.6914995170262,2026-05-22 21:49:53.674455,86.96490033257255
AI1826,Fall 2026,Case Study,True,0.5141312404258969,1603.454773981507,5,26.476506466631673,2026-06-19 21:49:53.674706,74.86032914650185
AI1827,Fall 2026,Research Paper,False,0.6512293832533216,1953.7661690481602,7,54.599793617101845,2026-05-09 21:49:53.674962,63.02480153530646
AI1828,Spring 2026,Case Study,True,0.23323729018910713,1777.7845119630547,7,11.532451273297811,2026-06-26 21:49:53.675222,76.97042794368492
AI1829,Fall 2026,Lab Report,True,0.43379461294388594,1554.696166753933,7,15.112460568109345,2026-08-30 21:49:53.675472,75.97718769974075
AI1830,Summer 2026,Research Paper,False,0.43147049685258115,1363.0203232240128,10,27.790034463050024,2026-07-23 21:49:53.675721,73.41400963464577
AI1831,Fall 2026,Lab Report,True,0.45227429852693507,1721.5955394621753,13,49.1203023486871,2026-08-07 21:49:53.676019,71.49659488036573
AI1832,Spring 2026,Case Study,False,0.24465754183756105,788.2007882887775,14,31.573440141967453,2026-07-31 21:49:53.676281,66.85614548274108
AI1833,Spring 2026,Research Paper,False,0.41240542270604447,1577.4455848406492,7,21.370769666864067,2026-07-03 21:49:53.676523,64.80740960201035
AI1834,Spring 2026,Research Paper,False,0.4007967511913334,1416.9338058233236,6,57.39924972939393,2026-07-22 21:49:53.676769,65.10851872283706
AI1835,Fall 2025,Research Paper,True,0.2577481815763829,1472.3225179938129,10,42.957682503793336,2026-07-11 21:49:53.677019,79.36371398433799
AI1836,Fall 2025,Case Study,False,0.1578727815358871,1314.1896058162022,7,15.543503958315421,2026-04-27 21:49:53.677345,75.68391582199352
AI1837,Spring 2026,Essay,True,0.4874828242471371,1207.8777856903973,10,19.475591832549828,2026-05-08 21:49:53.677641,74.53864634903996
AI1838,Fall 2026,Research Paper,False,0.6651002576975498,1829.8450037917655,11,23.290398257224506,2026-03-26 21:49:53.677896,72.7016896493963
AI1839,Fall 2026,Case Study,False,0.47095611939812826,1905.3013601699,8,15.171759975446244,2026-07-23 21:49:53.678152,52.93643213117174
AI1840,Spring 2026,Lab Report,True,0.2184256691958038,1559.1183552949105,6,51.798753896908565,2026-04-20 21:49:53.678424,73.10274074163286
AI1841,Fall 2025,Research Paper,True,0.15462833630466608,1556.7270784535822,7,32.964172925672216,2026-03-23 21:49:53.678680,72.24469100139038
AI1842,Fall 2026,Essay,True,0.5312269463634142,870.3779783336597,6,12.052776498331227,2026-03-26 21:49:53.678942,83.23650303294446
AI1843,Spring 2026,Essay,True,0.4654972506144648,1901.5821678374364,8,46.896633243281286,2026-03-12 21:49:53.679199,82.96347984863334
AI1844,Summer 2026,Lab Report,False,0.29917279749111675,1260.3831979769484,8,45.70299934898146,2026-08-15 21:49:53.679448,58.47456268427267
AI1845,Fall 2026,Case Study,True,0.5427830477207388,2097.967827104232,4,52.411627471682785,2026-06-24 21:49:53.679692,75.85545991644335
AI1846,Fall 2026,Literature Review,True,0.7171221575315334,943.131808152934,10,45.71042395132025,2026-05-25 21:49:53.681158,74.42297208740749
AI1847,Fall 2026,Case Study,True,0.484163198270667,1329.389966897137,5,57.04929622926416,2026-06-10 21:49:53.681793,82.68558571013767
AI1848,Summer 2026,Essay,True,0.5332857102727648,1523.2511687004398,13,26.778788642796137,2026-05-24 21:49:53.682392,76.11404016092281
AI1849,Fall 2026,Literature Review,False,0.6579405987874594,2258.078598043361,10,21.841456239594102,2026-08-20 21:49:53.682749,71.45744340879361
AI1850,Spring 2026,Lab Report,False,0.145203249631445,1945.0112564634417,3,47.66451721426237,2026-03-27 21:49:53.683712,76.20419434100154
AI1851,Summer 2026,Lab Report,False,0.34349971750818453,843.375390775348,8,49.24679031376463,2026-06-19 21:49:53.684253,84.32704598845638
AI1852,Summer 2026,Lab Report,True,0.3253549036961877,1503.3115150602603,2,20.30625618816291,2026-03-16 21:49:53.684571,80.00599216264406
AI1853,Fall 2026,Lab Report,True,0.43451666690169766,1615.6114591054795,11,18.022279031209642,2026-06-10 21:49:53.685123,80.44803855720936
AI1854,Summer 2026,Lab Report,False,0.22636797491326394,1756.4118022383425,5,43.22511481183493,2026-05-23 21:49:53.685802,78.9120425005133
AI1855,Fall 2025,Case Study,True,0.19478469169896798,1629.948309085333,10,23.697056882658707,2026-06-26 21:49:53.686319,73.93250356692722
AI1856,Fall 2025,Literature Review,False,0.25231289855314876,1675.552292743175,7,12.290321113111832,2026-08-24 21:49:53.686995,75.98496737489315
AI1857,Fall 2025,Lab Report,False,0.017155933872498294,2072.3979364124434,7,35.48273587307307,2026-03-14 21:49:53.687600,93.63819338385369
AI1858,Fall 2025,Research Paper,False,0.2993657168734055,1404.5015891296082,9,42.99170178143251,2026-05-15 21:49:53.688106,66.15404342542182
AI1859,Spring 2026,Essay,False,0.3362469096547571,2016.2330275909844,7,28.57061135530533,2026-05-11 21:49:53.688614,61.872672151970974
AI1860,Fall 2026,Lab Report,False,0.365858554478549,1970.9748584676424,4,41.40396237758885,2026-08-11 21:49:53.689466,57.64252224856091
AI1861,Spring 2026,Lab Report,False,0.25130635045593697,849.5829382329566,9,35.42985415292994,2026-05-10 21:49:53.689976,46.08869157946614
AI1862,Summer 2026,Research Paper,False,0.48399832815070865,1602.4894470067377,12,17.729711390274634,2026-07-06 21:49:53.690443,72.64045504931214
AI1863,Spring 2026,Literature Review,False,0.39916528609876867,2308.243209498768,5,20.234027286137916,2026-07-15 21:49:53.690762,68.11051103738998
AI1864,Fall 2026,Research Paper,False,0.5728870421116622,976.7121388888751,6,16.34300423632327,2026-07-28 21:49:53.691085,76.3895518729428
AI1865,Fall 2026,Lab Report,True,0.39477390280388447,883.3833224245515,10,35.36991337397661,2026-03-15 21:49:53.691368,82.89720415438315
AI1866,Fall 2026,Essay,True,0.5782383663084057,2014.3265591834356,7,15.179413148948399,2026-07-29 21:49:53.691621,80.0727110099619
AI1867,Fall 2026,Case Study,False,0.4107018399858695,1597.175973768123,15,29.3992890245124,2026-06-13 21:49:53.691876,60.64056744608297
AI1868,Fall 2026,Lab Report,True,0.408933935487303,1351.8061033045724,5,23.666651218274453,2026-05-14 21:49:53.692127,73.99285838070719
AI1869,Fall 2025,Essay,False,0.31732035890247484,1752.8358074423497,7,49.97070829798666,2026-08-19 21:49:53.692377,71.18196926027785
AI1870,Summer 2026,Research Paper,True,0.46519909559218764,1702.2606487680034,6,38.25073826494736,2026-08-04 21:49:53.692624,77.78634391032666
AI1871,Fall 2025,Literature Review,False,0.2750008414516829,723.0650386785379,6,9.659556914234741,2026-06-03 21:49:53.692872,57.362273360799875
AI1872,Summer 2026,Case Study,False,0.37741526646519374,1042.4003987234576,3,27.644527317215438,2026-07-01 21:49:53.693137,77.7221252124918
AI1873,Fall 2026,Lab Report,False,0.42402275868771655,1506.0496766506797,6,29.124040665826485,2026-05-04 21:49:53.693483,77.59472325434486
AI1874,Fall 2026,Lab Report,False,0.3977966682961388,904.0252932565232,8,18.263580158394976,2026-06-04 21:49:53.693770,90.79165832367968
AI1875,Summer 2026,Essay,False,0.4790275026579626,961.5144054493161,8,52.16040227306495,2026-08-30 21:49:53.694032,68.58311403108178
AI1876,Summer 2026,Literature Review,False,0.5707876057708997,1284.6991525646713,7,78.21878519600308,2026-08-19 21:49:53.694278,78.19026249659595
AI1877,Fall 2026,Lab Report,False,0.3753561537418282,1378.4987991628961,7,34.13508093543329,2026-08-31 21:49:53.694521,74.18542101627561
AI1878,Fall 2025,Essay,False,0.2717332550426502,2060.959628406177,7,8.34030613764673,2026-06-19 21:49:53.694765,82.69571069760686
AI1879,Fall 2025,Research Paper,False,0.1486976817284883,935.1056826052525,7,63.71561022413351,2026-06-16 21:49:53.695014,77.25818775442615
AI1880,Spring 2026,Essay,True,0.42324529513192616,1476.6120982294137,10,7.799176289561627,2026-08-30 21:49:53.695259,76.88665814500543
AI1881,Summer 2026,Lab Report,False,0.3107379808066369,1037.2559795290626,10,20.64214529317409,2026-05-20 21:49:53.695536,73.46115493434556
AI1882,Summer 2026,Literature Review,True,0.5585695878719696,1560.5940291358704,7,48.91850500917291,2026-06-11 21:49:53.695781,73.31125993331385
AI1883,Fall 2026,Case Study,True,0.5366383229488599,1220.5490013977983,11,30.191674021067666,2026-04-22 21:49:53.696036,78.46817579118917
AI1884,Summer 2026,Lab Report,False,0.2940698379417158,1088.4369627873084,8,24.946716290807462,2026-03-26 21:49:53.696287,87.91301760454294
AI1885,Fall 2026,Research Paper,False,0.5558462247468113,1735.6054827507912,8,24.000590887194175,2026-03-27 21:49:53.697221,60.49593749058805
AI1886,Fall 2026,Essay,False,0.5669949449291175,1883.9378276320515,7,14.962555520332831,2026-06-30 21:49:53.698315,84.79387894670364
AI1887,Fall 2026,Essay,False,0.6149449829063633,1046.1356924016002,6,59.72833526537089,2026-06-11 21:49:53.698882,55.89678005097478
AI1888,Fall 2026,Essay,False,0.615793865928937,1012.6904625333409,13,18.177480688857322,2026-03-24 21:49:53.699408,63.625750854960046
AI1889,Fall 2026,Research Paper,True,0.5580299901974907,1604.900064214324,7,38.83149268148746,2026-07-17 21:49:53.700208,76.6415319574403
AI1890,Spring 2026,Lab Report,False,0.22120646347026895,1037.126561299285,7,13.46817962610512,2026-05-23 21:49:53.700774,78.55758440185015
AI1891,Spring 2026,Research Paper,False,0.36107846643518393,1536.879246785005,9,11.16143070252757,2026-03-18 21:49:53.702143,67.47514090567833
AI1892,Fall 2026,Literature Review,False,0.7318367139866567,1618.0468144424874,7,3.776847503483899,2026-08-22 21:49:53.702825,66.75370471560358
AI1893,Fall 2025,Lab Report,False,0.17292346487839227,1113.9089943391516,11,51.683664149788896,2026-09-07 21:49:53.703893,79.71405935020313
AI1894,Spring 2026,Case Study,False,0.2054785719079077,1386.5503276329896,6,7.2489307418183895,2026-06-15 21:49:53.704566,80.70103897127444
AI1895,Summer 2026,Research Paper,False,0.33566649750111366,1649.0298723155229,7,17.045534479073122,2026-06-02 21:49:53.705030,57.741154392586125
AI1896,Fall 2026,Case Study,False,0.4957981767228752,1120.810048941365,8,16.83261781172323,2026-03-30 21:49:53.705471,65.64647528680212
AI1897,Fall 2025,Essay,False,0.2626506529481597,1218.9190645861113,11,19.305570598768757,2026-06-18 21:49:53.705903,66.76937297046175
AI1898,Summer 2026,Case Study,False,0.35979576176324835,1427.75590436537,9,45.05679085227433,2026-08-29 21:49:53.706464,73.85758553120421
AI1899,Fall 2025,Lab Report,False,0.10360664767665786,882.8562124044006,5,2.2330751257730532,2026-08-08 21:49:53.706727,69.57648108404936
AI1900,Fall 2026,Essay,True,0.6237492745492718,785.5414547363952,10,33.83451214995654,2026-06-07 21:49:53.707010,78.66846844925111
AI1901,Fall 2025,Research Paper,True,0.30696781949805185,1142.4878388563757,4,60.91725544269687,2026-06-03 21:49:53.707265,78.74244866944576
AI1902,Fall 2025,Essay,False,0.32374716622870586,1787.1239267057656,10,50.893623380388256,2026-08-30 21:49:53.707526,64.33792528210597
AI1903,Fall 2025,Literature Review,True,0.30738960923400843,1740.9963630836057,12,19.480401023665458,2026-05-14 21:49:53.707770,73.97909098451338
AI1904,Fall 2026,Literature Review,False,0.7400631311408354,1559.2492387610748,7,15.757403363828363,2026-07-14 21:49:53.708023,72.54670355002153
AI1905,Fall 2026,Case Study,False,0.487730467713345,1179.381444677791,11,15.975469946243347,2026-07-23 21:49:53.708288,94.9857946821579
AI1906,Fall 2026,Essay,True,0.6578039855570638,2323.888537938029,4,17.260340614293913,2026-08-25 21:49:53.708551,78.14185041239611
AI1907,Spring 2026,Lab Report,False,0.17048149923410572,1408.0985224288704,10,41.79070368955931,2026-05-15 21:49:53.708800,61.72063386907972
AI1908,Fall 2025,Essay,False,0.36649247587838135,1093.671845175898,6,44.755708224443296,2026-04-25 21:49:53.709047,75.29374397560288
AI1909,Summer 2026,Lab Report,False,0.29765939078831816,895.3494066936216,8,61.551448554992646,2026-07-21 21:49:53.709293,53.82306336139728
AI1910,Fall 2026,Research Paper,True,0.5651211259352091,1351.8858097757247,9,11.885624456725234,2026-06-23 21:49:53.709532,76.75269900819956
AI1911,Summer 2026,Research Paper,False,0.35610750018581666,1618.6005062525026,7,51.573877672683075,2026-09-04 21:49:53.709778,83.65123589839621
AI1912,Fall 2026,Lab Report,False,0.4183854439083198,1522.2857294050982,13,45.892161920829054,2026-08-03 21:49:53.710023,81.92988647818808
AI1913,Summer 2026,Research Paper,False,0.4973649529091776,1098.6450545899825,6,19.213565491286396,2026-04-04 21:49:53.710305,78.63174872182897
AI1914,Fall 2026,Research Paper,False,0.5382956181859582,1290.2574053741998,14,15.683198292284828,2026-06-02 21:49:53.710565,59.56500685143159
AI1915,Summer 2026,Essay,True,0.4497966452200145,1734.0949745934515,10,44.66719942779439,2026-06-22 21:49:53.710808,74.94284403748254
AI1916,Fall 2026,Lab Report,True,0.357302141620244,1702.161541104385,4,63.438769789033735,2026-07-24 21:49:53.711066,77.08663897906027
AI1917,Fall 2026,Case Study,False,0.41768408794291345,1470.0965308227749,4,38.48654451933143,2026-07-16 21:49:53.711342,86.5277749088243
AI1918,Fall 2026,Lab Report,True,0.27122604735648337,1483.6333961495998,5,11.409342603612286,2026-07-21 21:49:53.711590,74.16300812114363
AI1919,Fall 2026,Essay,True,0.6179987901111708,1600.2161673559945,12,43.61818225079239,2026-05-01 21:49:53.711846,71.02308908348364
AI1920,Summer 2026,Essay,True,0.5610810498549805,1349.9508118939398,14,60.09181700322883,2026-07-28 21:49:53.712113,80.53175577520632
AI1921,Fall 2026,Research Paper,True,0.5552905406932706,1667.3980724487412,9,58.926726995795555,2026-08-31 21:49:53.712377,79.87498510324697
AI1922,Summer 2026,Essay,True,0.5172794795579301,1535.9440742554773,10,23.868945473620904,2026-06-08 21:49:53.712627,79.80956044898397
AI1923,Fall 2026,Literature Review,True,0.6265759087739045,1189.0437615328444,7,24.426385392063672,2026-07-01 21:49:53.712880,77.86344932227637
AI1924,Fall 2026,Literature Review,False,0.6427337905913565,799.1966671732466,5,27.179190884470316,2026-07-01 21:49:53.713344,75.1850119205469
AI1925,Summer 2026,Case Study,False,0.3777090310047929,1420.121600463116,6,44.92086691734265,2026-03-17 21:49:53.713716,68.43598510959323
AI1926,Summer 2026,Essay,True,0.5221232278107657,1816.7821544783387,11,44.8259848654695,2026-04-30 21:49:53.713990,84.0689541031343
AI1927,Fall 2026,Research Paper,True,0.6323616260429952,1380.0286627061412,7,27.047881632879346,2026-03-26 21:49:53.714280,77.2569934218028
AI1928,Spring 2026,Lab Report,True,0.21505021256847798,1111.4323642914387,8,25.626888006251786,2026-05-25 21:49:53.714560,77.73240198787242
AI1929,Fall 2026,Case Study,True,0.46470676408271194,1630.0862457362643,6,19.596737654927427,2026-07-20 21:49:53.714812,78.63947234563686
AI1930,Summer 2026,Essay,True,0.45979382278948583,1200.4270211433113,10,44.991834454464424,2026-04-27 21:49:53.715069,79.1984359985224
AI1931,Summer 2026,Lab Report,False,0.2845963934110988,773.4589467427259,6,32.075373370499044,2026-05-29 21:49:53.715320,75.63248198495305
AI1932,Fall 2026,Research Paper,False,0.43278105330930033,1220.153169254028,9,13.713210963964343,2026-06-22 21:49:53.715563,62.795697500348155
AI1933,Summer 2026,Case Study,False,0.29091671404496633,1982.9797255670978,5,63.9286268462054,2026-08-23 21:49:53.715805,56.42845998386528
AI1934,Spring 2026,Literature Review,False,0.5639753645048048,1667.6887451826733,8,22.008302906287426,2026-07-22 21:49:53.716053,95.18315556215106
AI1935,Spring 2026,Lab Report,False,0.1611423366769721,1269.2863555789033,4,45.28729618219739,2026-05-27 21:49:53.716480,70.9727684730934
AI1936,Fall 2025,Literature Review,False,0.38440321196216737,1128.2547261998502,8,44.296250120284434,2026-05-23 21:49:53.717089,59.43403071276807
AI1937,Spring 2026,Research Paper,False,0.30128730644583673,1931.1806833980538,13,10.810592226026797,2026-05-15 21:49:53.717676,64.94906946438032
AI1938,Fall 2026,Essay,True,0.6705426631387829,1268.850543103318,8,29.271315680190686,2026-08-12 21:49:53.718145,76.8533587142186
AI1939,Fall 2026,Literature Review,True,0.5945216912921014,1140.8883883697915,4,21.853050518460574,2026-03-12 21:49:53.718621,76.62991358396708
AI1940,Spring 2026,Literature Review,True,0.49246887385031307,1251.5861712648766,6,61.75786403762871,2026-06-16 21:49:53.718924,75.36987910849365
AI1941,Spring 2026,Lab Report,False,0.2684086861846431,1407.149702726686,7,28.418432158117174,2026-04-16 21:49:53.719197,68.76683410481459
AI1942,Fall 2026,Research Paper,False,0.5440409368182133,824.2352522684928,10,46.53028770752587,2026-04-15 21:49:53.719473,79.27279106144923
AI1943,Fall 2025,Literature Review,True,0.29849673907519125,1570.8430818771074,9,53.3537750578857,2026-05-02 21:49:53.719727,73.37186512057303
AI1944,Summer 2026,Essay,True,0.5059786897928993,1459.347950423303,6,32.23088053431708,2026-05-01 21:49:53.719981,79.71076779780016
AI1945,Summer 2026,Research Paper,False,0.5004505909476775,1690.2204747273224,3,48.361547639229514,2026-08-28 21:49:53.720247,81.34750289137949
AI1946,Spring 2026,Research Paper,True,0.3280036930714008,1729.2163448825474,5,4.668568972481301,2026-03-21 21:49:53.720495,69.94991641478411
AI1947,Fall 2026,Essay,True,0.5883422558850119,896.9390716127498,8,43.73971985082721,2026-08-07 21:49:53.720750,86.753070851239
AI1948,Spring 2026,Case Study,True,0.32285623082792575,1235.9377085022054,7,14.463083694739945,2026-06-20 21:49:53.721058,88.97713738320321
AI1949,Summer 2026,Research Paper,True,0.4590249510148958,1382.3939875570302,4,24.443923622139643,2026-06-28 21:49:53.721331,80.3741053834214
AI1950,Fall 2026,Case Study,False,0.4405275053706964,2127.0088777118517,1,27.969287754911328,2026-05-22 21:49:53.721583,57.543889006050314
AI1951,Fall 2025,Essay,False,0.2901537173828216,1109.3233123646874,7,20.853932434830156,2026-05-11 21:49:53.721846,100.0
AI1952,Fall 2026,Literature Review,False,0.5193505254504258,1961.2822940858382,9,16.030723410527003,2026-06-02 21:49:53.722138,62.89329684716036
AI1953,Spring 2026,Case Study,False,0.3186278537370184,1891.3439317857487,10,40.66353936464203,2026-06-07 21:49:53.722388,79.89893588247371
AI1954,Spring 2026,Essay,False,0.40582498149289375,1544.0535947855487,12,38.12125268668835,2026-03-19 21:49:53.722660,65.51903844887141
AI1955,Summer 2026,Literature Review,True,0.63013276946147,1821.2798914593427,9,10.979156371301613,2026-05-19 21:49:53.722916,75.91263069847311
AI1956,Fall 2025,Case Study,False,0.10611397429973204,1229.5906503494707,4,23.964055784952958,2026-07-02 21:49:53.723173,62.04244247804056
AI1957,Fall 2026,Literature Review,True,0.6498903124886019,2405.6078246471006,5,40.94609679053894,2026-04-04 21:49:53.723417,81.04695993436819
AI1958,Summer 2026,Research Paper,False,0.32482080028336624,1392.8012502859146,7,30.82468552632176,2026-05-11 21:49:53.723667,77.80272766727865
AI1959,Fall 2026,Lab Report,True,0.44808393447044104,1454.154840505541,6,44.41007850392837,2026-07-17 21:49:53.723935,74.56209079223366
AI1960,Fall 2025,Case Study,True,0.293618525372467,886.4891834512034,8,52.7122933088221,2026-07-06 21:49:53.724191,77.36531827590879
AI1961,Fall 2025,Essay,True,0.33498335740967355,1164.1790821256436,9,44.84883608167113,2026-04-14 21:49:53.724439,76.88497605533259
AI1962,Summer 2026,Essay,True,0.5427507694683392,1267.9876926316206,10,5.42467867852441,2026-09-05 21:49:53.724686,77.08640803814387
AI1963,Spring 2026,Case Study,True,0.17469682880576937,1501.7328063722573,3,42.083962451436754,2026-08-20 21:49:53.724933,81.38951906476132
AI1964,Fall 2026,Lab Report,False,0.3566325544839997,1533.9217819632338,3,11.883751155331069,2026-08-11 21:49:53.725224,73.203481470635
AI1965,Spring 2026,Literature Review,False,0.48669637565667934,1414.4711650225245,7,15.225612274184602,2026-07-22 21:49:53.725555,81.51819074653262
AI1966,Summer 2026,Essay,True,0.4828758090352712,1503.0308302638373,11,57.902010809796344,2026-06-15 21:49:53.725802,80.26682825398197
AI1967,Fall 2026,Research Paper,False,0.5679574767183423,2094.488379883102,8,51.165182859794974,2026-06-30 21:49:53.726084,62.72289040291285
AI1968,Fall 2025,Literature Review,False,0.3369222400902542,1587.5358232178537,7,19.80174472928154,2026-07-06 21:49:53.726330,73.07312967077814
AI1969,Fall 2026,Literature Review,False,0.64920740024357,689.9859219404808,7,31.817234722511294,2026-07-20 21:49:53.726571,74.3273833904475
AI1970,Spring 2026,Case Study,False,0.22971223663562748,1363.3071742727952,8,56.387150424073226,2026-08-15 21:49:53.726814,75.42604930306494
AI1971,Fall 2026,Case Study,False,0.40567830009817973,1757.135900431928,12,42.39749028583523,2026-07-01 21:49:53.727062,74.02122515483592
AI1972,Summer 2026,Lab Report,False,0.2884790522336087,1816.7707771313899,6,36.305763074813775,2026-09-07 21:49:53.727306,63.74244212513026
AI1973,Summer 2026,Essay,False,0.5827887405878655,429.66333662923716,8,9.12378055683412,2026-08-18 21:49:53.727551,66.89763846885717
AI1974,Summer 2026,Essay,True,0.5088084232974626,1010.5349519191616,6,7.359505482492784,2026-04-23 21:49:53.727792,79.95815111920126
AI1975,Spring 2026,Research Paper,False,0.40563068449879663,1509.7963802871554,5,30.189944161051564,2026-04-25 21:49:53.728044,83.22820714127818
AI1976,Spring 2026,Lab Report,True,0.2427339237054906,2554.8785433949615,5,28.9218591445895,2026-05-23 21:49:53.728287,84.44599955799823
AI1977,Spring 2026,Literature Review,True,0.41737815275182755,1388.493232892568,11,19.133355450905647,2026-05-14 21:49:53.728534,79.79820505904209
AI1978,Spring 2026,Essay,False,0.4318414136991006,1316.6723411596347,9,14.675797995365183,2026-07-01 21:49:53.728795,78.72361869773347
AI1979,Summer 2026,Case Study,False,0.29906505551454554,1019.3476034824413,6,13.895021554595353,2026-09-06 21:49:53.729045,40.1349430828748
AI1980,Fall 2026,Case Study,False,0.4964387042950683,2236.524319690984,11,47.43261768551642,2026-09-05 21:49:53.729292,83.08570153691313
AI1981,Summer 2026,Research Paper,True,0.5204603526392578,1670.3506290023186,7,28.380416485033223,2026-08-20 21:49:53.729535,78.17031653963842
AI1982,Fall 2026,Lab Report,False,0.382875386839066,1285.3917171032956,5,48.89747466685696,2026-07-17 21:49:53.730209,58.2896045645186
AI1983,Spring 2026,Essay,False,0.5404533864252411,1738.1289263277424,7,17.690986333630455,2026-05-09 21:49:53.730722,71.356566521645
AI1984,Summer 2026,Essay,False,0.50897949024466,1391.8428150623167,3,43.60276075929327,2026-07-11 21:49:53.731230,55.46071187822165
AI1985,Summer 2026,Case Study,True,0.3772437164330888,2395.019954418571,10,47.66276765668511,2026-08-05 21:49:53.731604,82.67285371100049
AI1986,Fall 2026,Lab Report,True,0.4200807122108922,800.4756961174428,9,25.19901843020385,2026-03-26 21:49:53.731893,72.39026005254705
AI1987,Summer 2026,Lab Report,True,0.41535911110313095,939.4169755887241,7,32.95312835391834,2026-04-28 21:49:53.732299,78.394660705717
AI1988,Fall 2026,Case Study,True,0.49870541987610584,1837.3349486355044,9,14.108715066560542,2026-06-30 21:49:53.732721,70.80167441817623
AI1989,Fall 2026,Research Paper,False,0.5702533109523198,1950.978735174739,8,46.39952314654129,2026-03-22 21:49:53.733333,99.30217745803314
AI1990,Fall 2025,Case Study,False,0.15719909123702452,1496.8835327781028,13,59.79460814644963,2026-07-15 21:49:53.733669,68.56510337234285
AI1991,Fall 2026,Lab Report,True,0.4685273718468072,1297.1217389889262,8,51.63329582231605,2026-03-26 21:49:53.733938,83.4832006285585
AI1992,Summer 2026,Lab Report,False,0.2003192151665516,1752.6842734315653,6,27.325027208288567,2026-07-23 21:49:53.734202,53.211716743184006
AI1993,Fall 2025,Case Study,False,0.04566857427278946,1262.2374988115628,6,26.476319174755464,2026-05-15 21:49:53.734479,84.25248128093533
AI1994,Fall 2026,Research Paper,False,0.5904293532159544,1001.0986899475295,7,29.398527244152582,2026-05-17 21:49:53.734733,61.98528164566438
AI1995,Fall 2026,Research Paper,True,0.631609143162872,1613.9792855279757,13,45.83904799247736,2026-05-30 21:49:53.734989,80.30096245803463
AI1996,Fall 2025,Lab Report,False,0.0,1697.9691701546485,5,60.31329572063725,2026-08-31 21:49:53.735250,92.08373778892829
AI1997,Fall 2025,Literature Review,True,0.43330452487078297,1466.2900409252463,6,13.255134689459203,2026-08-21 21:49:53.735495,73.2516051118348
AI1998,Fall 2026,Literature Review,False,0.6529204910887293,1555.1865991930379,14,30.061130397467267,2026-08-22 21:49:53.735764,79.46788289441439
AI1999,Fall 2026,Essay,True,0.6020456376706149,439.3846262222221,3,17.983797948642096,2026-07-10 21:49:53.736021,77.60723336336684
AI2000,Fall 2026,Essay,True,0.5344936108415436,2161.9323649999797,10,2.892704058175595,2026-07-29 21:49:53.736276,65.45213456937519
AI2001,Summer 2026,Research Paper,False,0.4125899963345819,1546.8032566162722,5,33.90827420822093,2026-08-31 21:49:53.736522,73.26951959482486
AI2002,Fall 2026,Essay,False,0.6579914593567586,2107.0696657073886,6,23.460165274647895,2026-04-05 21:49:53.736812,75.92882706128017
AI2003,Fall 2026,Literature Review,True,0.7060139377308934,1239.926319412522,7,60.95597470227403,2026-03-25 21:49:53.737089,77.68309254521549
AI2004,Fall 2026,Case Study,False,0.4595584992676668,1343.229934055393,11,48.04961219899451,2026-06-05 21:49:53.737368,85.10832037573374
AI2005,Fall 2026,Research Paper,True,0.582938924335542,1173.609559357776,10,9.152946362142634,2026-04-08 21:49:53.737626,77.3040876043738
AI2006,Spring 2026,Lab Report,False,0.17735627649004224,1247.1108735043379,3,38.559285880110075,2026-07-11 21:49:53.737872,99.99747210685072
AI2007,Summer 2026,Essay,False,0.4574375702784154,1910.9348957669467,3,50.35712943338244,2026-06-02 21:49:53.738122,91.18277559817423
AI2008,Spring 2026,Lab Report,False,0.17232689626349965,1445.7820746134532,6,33.80723825069651,2026-08-08 21:49:53.738373,50.294702910698454
AI2009,Fall 2026,Essay,True,0.5151358509286522,1556.8312056088216,10,24.73315506701673,2026-05-05 21:49:53.738621,77.61583369033382
AI2010,Fall 2025,Lab Report,False,0.04305492281084733,1915.2488629104396,7,20.303635409160815,2026-05-07 21:49:53.738902,73.4961191233705
AI2011,Fall 2026,Essay,True,0.6915528685107196,1720.4666481017366,10,27.22695802213598,2026-04-12 21:49:53.739168,73.98048487305037
AI2012,Summer 2026,Research Paper,True,0.47049735620494826,2440.5557511280267,4,25.770072312339508,2026-07-22 21:49:53.739422,84.21627896845669
AI2013,Fall 2026,Literature Review,True,0.6898684971005461,1338.6099882000776,12,26.129050752143822,2026-07-09 21:49:53.739698,86.74444468978207
AI2014,Fall 2026,Essay,True,0.6165043938779635,1687.2259009137288,12,51.398658105929194,2026-08-28 21:49:53.739992,71.34183684736674
AI2015,Summer 2026,Lab Report,True,0.4284027616663171,1530.556532110129,6,29.744449765614323,2026-06-16 21:49:53.740274,76.11667131592401
AI2016,Fall 2026,Research Paper,True,0.5800481092501747,1489.1600909831723,8,36.56169624928138,2026-07-24 21:49:53.740541,75.58906294139159
AI2017,Spring 2026,Research Paper,True,0.34640122029154374,1694.4498642353553,13,26.836311442857703,2026-05-12 21:49:53.740832,87.01778597744335
AI2018,Fall 2025,Research Paper,False,0.21603853729759215,1664.3060792623219,13,48.97948004619281,2026-04-21 21:49:53.741098,57.35944527158761
AI2019,Fall 2026,Literature Review,True,0.7534544365072846,1422.7071255983597,7,27.542044145738103,2026-04-25 21:49:53.741379,71.48795657811456
AI2020,Fall 2025,Lab Report,False,0.11723297722948367,1982.791052771534,9,13.428314854571294,2026-08-02 21:49:53.741634,77.98676347233713
AI2021,Fall 2026,Research Paper,False,0.49799616630492394,1670.7468623843986,5,4.235829380101503,2026-05-01 21:49:53.741876,68.69553167487695
AI2022,Summer 2026,Lab Report,False,0.34224527549158634,2049.0884697025976,10,6.967401841107525,2026-04-24 21:49:53.742126,66.89609818116247
AI2023,Fall 2025,Research Paper,True,0.23718687985790046,1717.8641376829482,13,61.83007171957902,2026-04-04 21:49:53.742370,67.65476002166218
AI2024,Fall 2025,Case Study,True,0.15067382191730974,1807.1921047354808,10,35.0682474587193,2026-04-05 21:49:53.742619,78.42096434744694
AI2025,Spring 2026,Essay,False,0.3896523340096034,1835.1761883016788,8,55.509764708588825,2026-07-23 21:49:53.742867,83.40534704350945
AI2026,Summer 2026,Case Study,False,0.37817384961205686,1226.9376112598543,6,18.806507679766156,2026-07-05 21:49:53.743128,72.25906250827182
AI2027,Fall 2026,Case Study,False,0.4341124817916378,1583.367420723167,7,38.514813525424486,2026-06-25 21:49:53.743422,71.42511701512461
AI2028,Fall 2026,Essay,False,0.5314967491038878,1476.4302395772763,8,26.03862633672851,2026-08-25 21:49:53.743669,64.4706773692327
AI2029,Summer 2026,Literature Review,True,0.6251938404563215,1341.9213008383529,15,63.74187387071222,2026-04-05 21:49:53.743914,80.40263037864801
AI2030,Fall 2026,Lab Report,True,0.38388429475680425,1915.2814275870596,4,64.81359278426567,2026-03-14 21:49:53.744203,75.68701225953414
AI2031,Fall 2026,Literature Review,True,0.7102093396066795,1920.5364610458578,6,55.56070252008283,2026-06-19 21:49:53.744459,80.57130295714833
AI2032,Fall 2026,Lab Report,False,0.352465667513604,2044.522228807343,8,23.70822287620719,2026-06-20 21:49:53.744708,71.93016722848435
AI2033,Spring 2026,Literature Review,False,0.3156002593646383,1912.48663678115,4,45.502366388618384,2026-07-11 21:49:53.744954,84.89718244934211
AI2034,Fall 2026,Lab Report,False,0.38706720177773135,2171.383056474559,7,42.799578747416234,2026-03-15 21:49:53.745207,65.86119649056704
AI2035,Fall 2026,Lab Report,False,0.36821651064837996,1175.9788377782097,11,35.92425780207839,2026-08-06 21:49:53.745450,63.24746360146299
AI2036,Summer 2026,Essay,True,0.5000704406061565,2061.050847546093,13,24.26371988479351,2026-04-05 21:49:53.745701,79.80237562725542
AI2037,Fall 2026,Essay,False,0.6437553323734869,1279.5993125952991,11,20.903378750158318,2026-05-04 21:49:53.745974,75.06329626703977
AI2038,Summer 2026,Lab Report,False,0.417908218065872,1283.4879083089804,10,6.168604054021761,2026-04-23 21:49:53.746245,82.73864116569712
AI2039,Fall 2025,Case Study,False,0.1538589237134331,1685.131736649342,8,19.404295080092854,2026-07-09 21:49:53.746842,63.93990989785174
AI2040,Fall 2026,Case Study,False,0.42411637069082897,1292.6053335057468,3,23.352241381386573,2026-05-26 21:49:53.747356,71.62428207059202
AI2041,Fall 2026,Literature Review,True,0.6506182297383831,1828.1841776903343,6,39.8134759812286,2026-07-29 21:49:53.747730,80.93216707887758
AI2042,Fall 2026,Literature Review,True,0.6141723539041865,899.8206580974206,8,30.16981804941463,2026-04-17 21:49:53.748544,78.30739461960388
AI2043,Spring 2026,Lab Report,False,0.1891271559687908,1623.2762247748499,10,30.049054258216156,2026-08-27 21:49:53.749109,99.24853830880022
AI2044,Spring 2026,Research Paper,False,0.3334328112261367,1482.42390876311,8,43.12518382629126,2026-04-01 21:49:53.749949,79.56446243129396
AI2045,Fall 2025,Research Paper,True,0.24094700670103927,1504.3360107984352,13,30.32085871412275,2026-07-11 21:49:53.750480,80.8356979814941
AI2046,Spring 2026,Research Paper,False,0.3763358574145166,1022.474874229272,12,27.58046777742131,2026-07-02 21:49:53.751184,71.41956641331706
AI2047,Summer 2026,Essay,True,0.47035828530374835,1615.8947691845706,8,4.344759851333181,2026-08-22 21:49:53.751685,73.67517598090201
AI2048,Spring 2026,Lab Report,True,0.23374856445338177,1982.8361109198947,4,53.91534517845757,2026-04-22 21:49:53.752028,79.11829028750918
AI2049,Spring 2026,Literature Review,False,0.43371379434895513,970.2615585223103,11,59.790430950263676,2026-08-24 21:49:53.752287,74.46525724074348
AI2050,Summer 2026,Case Study,False,0.3085506961804817,1826.8688070601763,5,22.327046649953857,2026-03-24 21:49:53.752538,65.05783998210302
AI2051,Fall 2026,Essay,False,0.6809838981087787,1332.1409788850065,9,76.99702880262737,2026-05-06 21:49:53.752786,59.99780724269174
AI2052,Fall 2025,Literature Review,True,0.2864946336097444,1178.0870128490233,10,22.29756263514391,2026-07-03 21:49:53.753037,75.88987549032629
AI2053,Summer 2026,Research Paper,False,0.5343719225188417,1407.3542608782332,8,45.273995189413654,2026-03-31 21:49:53.753702,68.4440392017867
AI2054,Fall 2026,Literature Review,False,0.6874804797409417,932.0249503812994,8,29.98292115046104,2026-06-25 21:49:53.754032,77.24296427981324
AI2055,Fall 2026,Essay,False,0.6068037706205393,1440.8537014771198,8,29.558439277158687,2026-06-26 21:49:53.754282,94.41841384419958
AI2056,Fall 2025,Essay,False,0.3005975042950234,1607.2654271407537,4,43.28052021596357,2026-05-01 21:49:53.754553,64.70432040793287
AI2057,Spring 2026,Literature Review,False,0.483431221494429,1163.9596555213925,7,31.988238588079355,2026-04-30 21:49:53.754797,86.39174969742075
AI2058,Summer 2026,Research Paper,False,0.5048525514883272,1803.1702009415767,7,24.93108743389757,2026-05-13 21:49:53.755045,77.41903390487522
AI2059,Spring 2026,Case Study,False,0.319615535107153,1196.1618275934734,7,39.5479937870364,2026-03-14 21:49:53.755289,83.08159104412613
AI2060,Fall 2026,Essay,False,0.6438606318319257,1203.5227021792657,7,30.39978173326633,2026-06-24 21:49:53.755534,65.75067822521994
AI2061,Fall 2026,Essay,False,0.6291134339589189,1454.3158225033737,10,52.85503052264497,2026-05-27 21:49:53.755784,54.99481011745789
AI2062,Summer 2026,Essay,False,0.4476493272383936,1813.5761969550651,9,13.310439748314787,2026-06-21 21:49:53.756035,75.55887413832632
AI2063,Fall 2026,Lab Report,False,0.3520002819397531,1727.0400378952293,7,25.797889715342016,2026-07-09 21:49:53.756281,67.23584097672911
AI2064,Fall 2026,Lab Report,True,0.5198940363066501,1752.105756016993,7,8.170974514511068,2026-07-26 21:49:53.756528,74.58296542511508
AI2065,Summer 2026,Research Paper,False,0.4121320009071301,1588.344997771485,7,39.41819683540324,2026-05-13 21:49:53.756792,81.25950160090864
AI2066,Summer 2026,Lab Report,True,0.30594240210705287,1792.5259913567138,7,24.072785859632933,2026-09-01 21:49:53.757229,87.57459882814109
AI2067,Summer 2026,Literature Review,False,0.5464842127626095,1583.822386823672,7,12.19772676173054,2026-08-14 21:49:53.757819,86.36138537557008
AI2068,Summer 2026,Case Study,False,0.25087324117708937,921.6908486386802,8,41.14763798135716,2026-05-19 21:49:53.758457,73.92568360630618
AI2069,Fall 2025,Research Paper,False,0.28129072198328475,2603.479275528239,8,43.18028274440279,2026-06-18 21:49:53.758895,82.55698994508748
AI2070,Fall 2026,Lab Report,False,0.31043468989413664,1534.3874689360955,12,60.085272146120005,2026-06-15 21:49:53.759423,97.05076773335402
AI2071,Spring 2026,Literature Review,True,0.4735534083106825,1652.7449244667516,11,27.68141123789793,2026-06-17 21:49:53.759941,79.06930638581811
AI2072,Spring 2026,Lab Report,False,0.31497547253626573,1670.9036115394078,8,66.98772516029857,2026-08-26 21:49:53.760475,86.33170624071995
AI2073,Spring 2026,Case Study,False,0.31116830972061826,1300.8206373390353,8,34.73992578459096,2026-03-17 21:49:53.760968,73.65033868093765
AI2074,Fall 2025,Lab Report,False,0.08858681135058916,1015.6593754933384,7,11.072325476577657,2026-07-10 21:49:53.761423,65.01316285580577
AI2075,Spring 2026,Literature Review,False,0.506419411530979,356.0805428231604,10,27.3220551872616,2026-07-30 21:49:53.761813,82.54785650390986
AI2076,Fall 2026,Research Paper,False,0.5495717122044758,2091.593535327997,11,34.69859721087883,2026-04-24 21:49:53.762176,81.75326365124218
AI2077,Fall 2026,Lab Report,False,0.4260061466051959,1475.0534089441226,9,50.27054008477842,2026-08-27 21:49:53.762488,94.73368167745824
AI2078,Fall 2026,Lab Report,True,0.3838383100281478,2059.761567170912,11,16.484014074708764,2026-03-31 21:49:53.762788,87.75740536881014
AI2079,Spring 2026,Essay,True,0.43128774309518225,1492.5528559408756,11,9.743909310917442,2026-08-06 21:49:53.763698,76.36519074056534
AI2080,Fall 2026,Case Study,True,0.4640502263342658,1351.034541715101,7,40.48430603236114,2026-08-10 21:49:53.764814,87.41879169411645
AI2081,Summer 2026,Lab Report,False,0.2397470467781517,1439.033629170137,7,20.222362044271456,2026-07-29 21:49:53.765229,60.78373947977212
AI2082,Fall 2026,Case Study,False,0.5222783178234439,1185.356565851877,10,38.95263267169963,2026-07-19 21:49:53.765485,81.13650726170111
AI2083,Fall 2025,Essay,True,0.33485869242137156,1831.6085694324197,12,19.7666223156677,2026-09-01 21:49:53.765773,81.46207307048257
AI2084,Fall 2025,Research Paper,False,0.20957242229843426,1861.2725325768752,7,36.844595701994855,2026-09-05 21:49:53.766264,72.23978681227325
AI2085,Spring 2026,Research Paper,False,0.3544251603128867,1631.8022793444775,7,36.479842044752615,2026-07-11 21:49:53.767154,76.1679453320287
AI2086,Fall 2026,Literature Review,True,0.63645867631616,1725.867301408518,11,43.954353267194584,2026-05-09 21:49:53.767572,73.15747399701442
AI2087,Fall 2026,Research Paper,True,0.5853297786879526,1490.5488963709743,5,57.242810847331135,2026-05-26 21:49:53.767916,89.39772566093657
AI2088,Summer 2026,Essay,True,0.5817537694679968,1204.3928501004802,8,3.0599602554766743,2026-07-27 21:49:53.768906,77.2692021574102
AI2089,Fall 2026,Lab Report,False,0.29704689703328935,1779.4526926878236,5,50.84654304067486,2026-05-10 21:49:53.769461,85.7754577516654
AI2090,Summer 2026,Research Paper,True,0.420896586766595,1070.4050439891887,6,24.690900330808034,2026-06-08 21:49:53.770043,88.33884250515443
AI2091,Summer 2026,Essay,True,0.5550338718371141,2049.8421022540424,7,60.51163040250167,2026-09-05 21:49:53.770540,66.02722691398725
AI2092,Spring 2026,Lab Report,True,0.22995268717057762,2117.6301890580476,9,13.397085435372405,2026-06-15 21:49:53.771042,69.14190307643081
AI2093,Summer 2026,Research Paper,True,0.42703954607181216,1518.1600122665968,7,11.460990655748862,2026-07-05 21:49:53.771528,76.74618977968579
AI2094,Fall 2026,Research Paper,False,0.5936836941194996,1344.8732478106385,6,27.085689968712735,2026-03-16 21:49:53.772328,68.5247269948706
AI2095,Fall 2026,Lab Report,True,0.39834887647305606,1839.6342119538858,6,18.04747815948707,2026-08-24 21:49:53.773162,82.09694983080259
AI2096,Fall 2025,Literature Review,True,0.34807587035665455,1549.005714901965,4,62.50084629304639,2026-08-13 21:49:53.773782,70.79722024418845
AI2097,Spring 2026,Research Paper,False,0.31832215616295356,1606.8259713814148,11,41.96884990708223,2026-04-04 21:49:53.774288,89.30319557665754
AI2098,Fall 2026,Lab Report,True,0.4079773984770817,1882.0087862145494,0,17.437255955871873,2026-03-26 21:49:53.774738,74.2536712798737
AI2099,Fall 2026,Literature Review,False,0.7216692347672864,1634.6193228666357,6,50.18359856701363,2026-06-09 21:49:53.775374,73.14042331957404
AI2100,Fall 2026,Literature Review,True,0.7110630266403711,1902.742725872585,6,52.62237475384012,2026-06-30 21:49:53.775744,75.81193036895786
AI2101,Fall 2026,Essay,True,0.6091159450082879,1435.4245524160808,11,52.93026388609838,2026-03-29 21:49:53.776009,83.32992145827157
AI2102,Spring 2026,Case Study,False,0.25827127607499545,2174.0145285292037,17,4.340650157744435,2026-07-18 21:49:53.776267,86.42979642732065
AI2103,Fall 2026,Lab Report,True,0.3823461355146518,1796.097515679578,9,34.30631361202035,2026-06-05 21:49:53.776511,77.66933523005687
AI2104,Spring 2026,Essay,False,0.38082991579907377,1934.6413242592712,11,3.3650964216783237,2026-06-29 21:49:53.776790,71.40763623229121
AI2105,Fall 2026,Literature Review,False,0.690781089956469,1087.4058499271462,13,33.71876659378714,2026-06-26 21:49:53.777044,74.80700926707024
AI2106,Fall 2026,Research Paper,False,0.586912552140074,1579.235574374581,5,54.71599446240559,2026-07-03 21:49:53.777289,48.41332749602508
AI2107,Fall 2026,Research Paper,True,0.5992987306762114,1213.9729023448208,9,11.388074697344157,2026-09-07 21:49:53.777531,72.2324119166179
AI2108,Summer 2026,Case Study,False,0.2664397199116451,1264.3331431944837,8,52.02131707849493,2026-07-22 21:49:53.777777,77.03893035197349
AI2109,Summer 2026,Literature Review,True,0.6261414042908674,1676.110594487347,6,11.207576830282308,2026-03-26 21:49:53.778025,81.93524631750783
AI2110,Fall 2025,Essay,False,0.2928038506383444,1180.8494441693642,10,46.47473714948621,2026-07-22 21:49:53.778274,100.0
AI2111,Fall 2025,Case Study,False,0.11035348874946586,2283.0659915146653,9,58.02703528104346,2026-05-19 21:49:53.778515,64.30634399322689
AI2112,Fall 2026,Literature Review,False,0.6256156921888989,1561.6939661485405,8,9.298454748996216,2026-04-30 21:49:53.778757,46.023988179893216
AI2113,Fall 2026,Research Paper,True,0.5412310995759679,1385.5102239510404,12,9.134046791367206,2026-05-27 21:49:53.779003,66.5932920331388
AI2114,Fall 2026,Essay,True,0.6129341078041652,1242.9105062565618,4,28.41190914972912,2026-06-12 21:49:53.779254,80.06587617515855
AI2115,Summer 2026,Essay,False,0.5682356879427022,1953.5582241847628,8,28.00198940399205,2026-05-19 21:49:53.779521,86.85312680003214
AI2116,Fall 2026,Lab Report,False,0.39403226969109617,1659.5860602878158,11,30.703961830954118,2026-06-19 21:49:53.780303,75.71133694661296
AI2117,Fall 2026,Essay,False,0.595247136352812,1113.7385231402816,3,10.64152651310429,2026-06-07 21:49:53.781491,71.39930007109712
AI2118,Fall 2026,Literature Review,True,0.5676545916437763,1676.1612346686359,6,22.375635137593292,2026-05-30 21:49:53.781882,85.40157355784649
AI2119,Fall 2026,Essay,False,0.5617250239982197,1272.3873440045031,6,18.743847909862147,2026-07-02 21:49:53.782164,95.86468862936209
AI2120,Fall 2025,Case Study,False,0.07363765314178303,1598.5430559700826,13,41.675652869570825,2026-07-03 21:49:53.782468,76.38309111340457
AI2121,Fall 2026,Essay,True,0.5710016366293892,1256.287572023333,6,5.784140790452807,2026-03-22 21:49:53.782898,73.9316758341239
AI2122,Fall 2026,Case Study,True,0.494314003379217,1207.0628803976438,6,59.779778178124424,2026-05-12 21:49:53.783817,71.01998588839771
AI2123,Fall 2026,Literature Review,False,0.7138794856937621,1715.6169473989746,3,55.52162895650049,2026-07-16 21:49:53.784366,58.605603108792295
AI2124,Fall 2026,Research Paper,False,0.6058769738739203,1286.9733031098904,12,46.32191946762191,2026-07-31 21:49:53.785086,64.66881335936314
AI2125,Fall 2026,Lab Report,False,0.3886795737437895,1193.2879203228886,5,10.99149352302357,2026-05-15 21:49:53.785600,83.9240427036371
AI2126,Spring 2026,Case Study,False,0.23886889693234276,1345.9317242376915,5,1.396093007732615,2026-05-11 21:49:53.786083,84.83889474152605
AI2127,Summer 2026,Case Study,True,0.336293168141834,1519.1958495371637,7,30.368532029629623,2026-04-23 21:49:53.786552,81.09501386346044
AI2128,Fall 2026,Literature Review,True,0.6856480355699315,1604.122146832471,5,27.209992040030023,2026-06-02 21:49:53.787037,82.91758409476671
AI2129,Fall 2025,Case Study,True,0.19297627146740412,1370.0649384930819,8,38.12330773072338,2026-07-25 21:49:53.787512,86.42901165334283
AI2130,Spring 2026,Case Study,False,0.19398104486756088,1857.277345748719,7,48.592296157426176,2026-06-20 21:49:53.787985,87.18895060978772
AI2131,Fall 2026,Lab Report,False,0.3651577236653947,873.601260310573,7,28.122823191481057,2026-05-19 21:49:53.788435,71.16506733827157
AI2132,Fall 2026,Essay,True,0.6751234252845786,1699.2390180215493,10,80.46698326906741,2026-05-30 21:49:53.788875,81.22053934558794
AI2133,Fall 2026,Case Study,False,0.38320013848903245,1515.5675368123188,6,37.893991089973625,2026-09-01 21:49:53.789686,78.94601467607964
AI2134,Spring 2026,Research Paper,True,0.3800727327853163,1655.264127215995,10,53.64437799101124,2026-07-25 21:49:53.790259,72.10767215566668
AI2135,Fall 2026,Case Study,True,0.4122042299900826,1182.4740014718313,10,37.114429295833474,2026-03-26 21:49:53.790994,91.05845643724372
AI2136,Fall 2026,Literature Review,True,0.633186765398397,1085.5475468491074,5,58.12016354584212,2026-08-12 21:49:53.791352,80.07118949686136
AI2137,Spring 2026,Essay,True,0.38803745128384254,1753.1809015590975,10,29.92465184080212,2026-04-24 21:49:53.791642,81.76468600080926
AI2138,Summer 2026,Research Paper,False,0.44032889778841594,951.7119900521459,6,47.14110027106753,2026-03-17 21:49:53.791986,72.77067085071391
AI2139,Fall 2026,Literature Review,True,0.6937036614548405,2092.1289224738475,6,12.221586589528938,2026-03-28 21:49:53.792319,79.37122123249742
AI2140,Spring 2026,Research Paper,False,0.36459939486616966,1617.5364194882595,6,62.39968645740017,2026-03-20 21:49:53.792658,73.38298750396756
AI2141,Spring 2026,Essay,True,0.4052916910505696,2030.9349860787493,9,44.66166410628108,2026-07-16 21:49:53.792908,77.60236251782274
AI2142,Fall 2026,Lab Report,True,0.38412599962871485,1467.4407669619768,7,48.96152228449222,2026-05-15 21:49:53.793169,75.39578838737607
AI2143,Summer 2026,Research Paper,True,0.46217499943052615,1236.5861302993976,11,39.06204895832004,2026-05-19 21:49:53.793417,67.98746648023189
AI2144,Spring 2026,Literature Review,True,0.4354854853070853,1415.6507436270379,11,46.09278197145556,2026-08-12 21:49:53.793690,76.59880151689323
AI2145,Fall 2026,Literature Review,True,0.6632994510938187,1950.4932875842035,10,35.16038637128987,2026-06-30 21:49:53.793943,78.23955700865237
AI2146,Spring 2026,Research Paper,False,0.3075071547525615,1414.7370260441735,7,42.11146069778503,2026-08-17 21:49:53.794205,67.46697930247092
AI2147,Summer 2026,Case Study,True,0.40835325863168165,1825.1120807680445,8,10.479215062335566,2026-06-23 21:49:53.794450,76.82314273540685
AI2148,Fall 2026,Lab Report,True,0.4480934703546065,1420.2604955165255,9,36.74264451468788,2026-05-21 21:49:53.794700,69.71777430854237
AI2149,Spring 2026,Literature Review,True,0.46074326680208383,1533.9167204445055,4,44.92348078058311,2026-07-01 21:49:53.794951,79.59860845059083
AI2150,Fall 2026,Literature Review,True,0.6750098093931384,1201.452569529689,7,27.885066728866885,2026-06-05 21:49:53.795200,76.02089764358787
AI2151,Summer 2026,Literature Review,False,0.529273767357359,2082.13349684691,6,61.93312522844449,2026-03-14 21:49:53.795449,75.41058274937585
AI2152,Fall 2026,Lab Report,True,0.28643850121936476,1037.5852921798632,11,49.308800146163925,2026-05-11 21:49:53.795689,71.38870612537002
AI2153,Fall 2026,Essay,True,0.6187499729374377,1462.0301524213644,16,77.98937462222779,2026-04-04 21:49:53.795934,70.70479764734334
AI2154,Summer 2026,Literature Review,True,0.6263525594026069,1649.9735005405457,9,50.86230906051671,2026-04-11 21:49:53.796265,77.22239673939947
AI2155,Summer 2026,Essay,True,0.47527913477292744,942.4067479845232,5,30.768639385865832,2026-07-12 21:49:53.796801,76.78451808148273
AI2156,Fall 2026,Essay,False,0.6914479713092739,2066.2565451971195,7,66.0219890601056,2026-07-15 21:49:53.797139,70.92666012888351
AI2157,Fall 2026,Literature Review,True,0.6719088033954541,1492.6455675933296,7,47.530526222364486,2026-07-16 21:49:53.797430,83.98124608641561
AI2158,Fall 2026,Research Paper,False,0.5515642578812567,2336.6474027163877,16,78.71881817825563,2026-07-20 21:49:53.797821,70.79640827505536
AI2159,Spring 2026,Lab Report,False,0.20200810713409453,2086.0403305472314,12,35.43996258452357,2026-06-26 21:49:53.798078,64.55760111888301
AI2160,Spring 2026,Lab Report,False,0.2622082236593928,1045.175359930793,6,51.56117628246515,2026-03-28 21:49:53.798321,43.82708699243972
AI2161,Fall 2025,Lab Report,True,0.10734580024576182,1153.1282221368876,7,22.00688051776775,2026-06-04 21:49:53.798561,80.36454269035009
AI2162,Fall 2025,Research Paper,True,0.21391196627736736,1555.0954976307291,3,33.57603897789409,2026-05-24 21:49:53.798810,82.39295170847187
AI2163,Spring 2026,Essay,True,0.47042757191585405,1677.70124186835,16,58.33940322190253,2026-05-23 21:49:53.799061,81.34658420986798
AI2164,Fall 2026,Essay,False,0.5267711164489997,1798.5862116966696,11,70.39396791974102,2026-07-20 21:49:53.799330,60.32982573020566
AI2165,Summer 2026,Case Study,False,0.4136665446131279,1899.9129342103186,5,54.71624660080533,2026-06-07 21:49:53.799635,81.55966836070903
AI2166,Spring 2026,Lab Report,True,0.2658590326865329,1512.456566951139,4,23.040901190738342,2026-07-13 21:49:53.800059,85.2761161704887
AI2167,Spring 2026,Case Study,True,0.3518306943178409,1247.5166293583536,10,41.10764236284868,2026-08-17 21:49:53.800527,75.5576545982978
AI2168,Fall 2026,Essay,False,0.5995991619385994,1798.7409310362937,11,22.677937812716358,2026-07-11 21:49:53.801203,85.22317605015789
AI2169,Fall 2026,Essay,False,0.5464153707429068,1936.8945053402063,10,55.46689260504751,2026-05-09 21:49:53.801868,71.81587731393181
AI2170,Spring 2026,Lab Report,True,0.19268083248504692,1728.0015826574652,7,30.638985620511228,2026-09-02 21:49:53.802385,90.5349247118709
AI2171,Fall 2026,Case Study,False,0.5850588968457922,1438.966728097072,8,32.16343742123794,2026-05-28 21:49:53.802862,80.33987792321851
AI2172,Fall 2026,Essay,True,0.635853134201676,1593.2136404370126,10,65.29881941296571,2026-05-17 21:49:53.803306,66.73672282548603
AI2173,Summer 2026,Essay,False,0.5149039256259784,1342.9220402949925,7,13.464037675574616,2026-05-01 21:49:53.804083,87.91488252999838
AI2174,Spring 2026,Lab Report,False,0.25398494479603123,2458.3623943695657,5,48.65242541318423,2026-04-04 21:49:53.804606,91.32084941952198
AI2175,Summer 2026,Essay,False,0.5542130115678114,1572.266684904252,17,58.457964405040784,2026-08-14 21:49:53.805206,90.48543647816271
AI2176,Spring 2026,Case Study,True,0.2589484325456211,2178.5742841182496,7,26.117464830768995,2026-04-16 21:49:53.805640,74.7916685688158
AI2177,Spring 2026,Research Paper,True,0.37321316399100485,869.0353137033871,8,32.11753657093085,2026-06-20 21:49:53.805899,69.42288728444512
AI2178,Fall 2026,Literature Review,False,0.5370498821164462,1683.2759067189827,4,46.90168932998387,2026-04-27 21:49:53.806160,80.4628369052202
AI2179,Fall 2026,Essay,True,0.6473198086747809,1162.0378899942718,10,25.265094975092232,2026-07-20 21:49:53.806407,68.76906448917939
AI2180,Summer 2026,Case Study,False,0.35394174221469193,1476.5806690933694,6,21.820394398229187,2026-04-17 21:49:53.806663,70.62617376964837
AI2181,Fall 2025,Literature Review,False,0.36298403798282763,1558.751407671347,12,21.02936507474143,2026-05-17 21:49:53.806917,73.97281506043409
AI2182,Spring 2026,Essay,True,0.3891722022836505,1259.7017859602688,10,30.90413204113835,2026-03-21 21:49:53.807180,81.25585086674066
AI2183,Spring 2026,Essay,False,0.4371023267628859,1383.3974799036391,9,58.82017606412728,2026-07-19 21:49:53.807438,90.0771404846839
AI2184,Summer 2026,Research Paper,True,0.41236042525677485,2282.7331912635264,6,43.980573642645105,2026-08-25 21:49:53.807683,79.43152416531062
AI2185,Fall 2025,Research Paper,False,0.15093214943808186,1874.9389589496288,10,58.81719494122615,2026-04-17 21:49:53.807935,71.60473207100193
AI2186,Fall 2026,Research Paper,True,0.5633863238922596,1826.2729491781736,8,6.560595845286148,2026-05-02 21:49:53.808221,74.84197126710123
AI2187,Spring 2026,Essay,False,0.4514499914793152,743.5894244008425,5,43.77852051507162,2026-04-13 21:49:53.808470,85.83185769916368
AI2188,Fall 2026,Essay,True,0.6489346311090938,1351.7111819954985,5,8.048957559523288,2026-07-22 21:49:53.808709,82.2400623661539
AI2189,Spring 2026,Literature Review,True,0.43360387434475484,1252.7228942208128,4,28.701868227505607,2026-08-27 21:49:53.808960,73.41959922399806
AI2190,Fall 2026,Essay,True,0.48271798749773875,1753.9938080972613,7,48.58666687376658,2026-05-19 21:49:53.809209,66.8363670041886
AI2191,Fall 2026,Essay,False,0.5418706832040586,1604.8021610906858,8,4.823519581690182,2026-05-09 21:49:53.809456,76.77990919402825
AI2192,Spring 2026,Literature Review,True,0.4934969508597782,1593.644040847291,8,18.249820964324208,2026-08-12 21:49:53.809694,83.896188084545
AI2193,Fall 2026,Essay,False,0.6299933972655588,1204.748816140295,7,11.327106349094862,2026-03-30 21:49:53.809976,78.06086254677658
AI2194,Summer 2026,Essay,False,0.5868943996848441,1539.5539495003334,10,8.67991416718938,2026-07-01 21:49:53.810273,67.0127646047876
AI2195,Summer 2026,Lab Report,False,0.355532410777582,1454.8153070057,5,33.35377518559083,2026-04-09 21:49:53.810541,61.48461652123273
AI2196,Fall 2026,Research Paper,False,0.49711836638033885,2108.4456842904174,8,47.333863387741765,2026-09-03 21:49:53.810787,86.1689743030266
AI2197,Fall 2026,Essay,False,0.6696951484267833,345.07323478096373,4,20.550976724526723,2026-08-31 21:49:53.811096,89.57471558148512
AI2198,Fall 2025,Literature Review,False,0.32309438953448916,1585.669374256747,9,50.202884746367005,2026-08-03 21:49:53.811351,71.95433763900327
AI2199,Fall 2026,Lab Report,True,0.4048771020043299,1003.5528461805317,9,34.75021927859276,2026-05-03 21:49:53.811593,73.89995848559434
AI2200,Fall 2026,Research Paper,False,0.5522612436129858,1527.0564324994702,4,67.85862033589044,2026-05-30 21:49:53.811859,81.86320323121372
AI2201,Fall 2025,Essay,True,0.2721375087232297,1293.9740756318974,9,38.75235065166201,2026-05-11 21:49:53.812119,81.16349571819194
AI2202,Summer 2026,Literature Review,False,0.5027277568961837,1295.9843369644507,7,67.0152564954064,2026-07-03 21:49:53.812371,81.92927616431436
AI2203,Summer 2026,Lab Report,False,0.1700155552728168,1555.6503054837087,6,41.75942118210242,2026-05-17 21:49:53.812612,86.12093291215874
AI2204,Fall 2026,Research Paper,True,0.5286595269094349,502.46741768757204,6,56.03238976353653,2026-09-03 21:49:53.812855,75.65800561256883
AI2205,Summer 2026,Case Study,False,0.3301907926632771,1325.577965115878,10,28.835104575089126,2026-04-01 21:49:53.813457,81.85560450158205
AI2206,Spring 2026,Literature Review,False,0.40964436382016006,1685.4866530734612,4,29.37558363908041,2026-09-05 21:49:53.813776,73.15486852050986
AI2207,Fall 2025,Essay,False,0.2888321861366642,1308.9015040941883,8,22.457231342766633,2026-05-13 21:49:53.814075,81.48551599034779
AI2208,Spring 2026,Case Study,False,0.2052972046391439,1482.8435950754254,8,56.287970881385576,2026-09-07 21:49:53.814385,72.659642343598
AI2209,Fall 2026,Research Paper,False,0.509320696686236,2213.234516783589,8,52.3342574781495,2026-06-23 21:49:53.814635,82.59673840949104
AI2210,Fall 2026,Research Paper,True,0.6154158641162132,1563.4089430012823,9,54.69107914888879,2026-06-04 21:49:53.814877,74.04557981213208
AI2211,Summer 2026,Case Study,False,0.3889256832705331,1137.2984008695,6,31.761837838333907,2026-07-10 21:49:53.815136,67.01094870399189
AI2212,Spring 2026,Case Study,False,0.24531452078051894,1966.7736211455388,7,70.33831601808255,2026-07-19 21:49:53.815395,100.0
AI2213,Summer 2026,Lab Report,True,0.21198074922633245,823.0231861909855,10,58.59303575775533,2026-08-07 21:49:53.815645,79.8286904994019
AI2214,Fall 2026,Literature Review,True,0.6200056333391762,1479.1617078601928,7,68.24998182267554,2026-04-06 21:49:53.816022,72.99866189171145
AI2215,Fall 2026,Research Paper,True,0.5851140369769329,2376.8904030996096,9,18.98909955029011,2026-06-04 21:49:53.816457,70.64767053980547
AI2216,Summer 2026,Essay,True,0.5094986000244117,2057.9552817644635,10,41.468760148128304,2026-08-04 21:49:53.817018,74.84839518071885
AI2217,Fall 2026,Essay,False,0.6211975558782457,1723.8112220730932,10,24.02159379545439,2026-07-15 21:49:53.817295,74.69344833616744
AI2218,Summer 2026,Lab Report,True,0.32221202077740985,1829.6010886465422,8,25.886518587213263,2026-03-30 21:49:53.817544,84.91316126902582
AI2219,Summer 2026,Lab Report,False,0.26511449080302063,1188.789718864833,8,16.81593137312067,2026-07-04 21:49:53.817891,51.76925290249848
AI2220,Summer 2026,Lab Report,False,0.31517529963289764,2197.594693116868,5,25.372461674328132,2026-05-31 21:49:53.818342,61.06643626538413
AI2221,Fall 2025,Essay,False,0.2979132114343248,1593.5066735144776,6,34.41439829832083,2026-06-12 21:49:53.818793,83.52986430772947
AI2222,Fall 2026,Literature Review,True,0.7038755337978364,1555.1637395809144,9,41.69829234258312,2026-05-03 21:49:53.819258,81.35427365492995
AI2223,Fall 2025,Case Study,True,0.18416570316633474,110.82459747611006,8,27.470325735271082,2026-09-07 21:49:53.819764,80.6793102142804
AI2224,Summer 2026,Essay,False,0.5174375244894273,1816.9314597174748,10,26.413726967804628,2026-05-08 21:49:53.820256,61.44479562192252
AI2225,Fall 2025,Research Paper,False,0.25246254845253346,1301.3310596819579,12,14.359080761049697,2026-07-27 21:49:53.820712,76.48626212281036
AI2226,Summer 2026,Research Paper,False,0.4307136131362957,1590.3074276908699,9,52.02304149731229,2026-05-23 21:49:53.821542,80.3031428216477
AI2227,Fall 2026,Case Study,False,0.4325017706625817,1491.563625350716,4,21.749503774481564,2026-06-11 21:49:53.821989,71.21745065800829
AI2228,Fall 2025,Case Study,False,0.1328735116869496,1386.673836013771,9,19.87874316891607,2026-07-13 21:49:53.822316,78.40036558715632
AI2229,Spring 2026,Lab Report,False,0.1993712239813354,1334.5981904220473,13,40.360951571551155,2026-07-23 21:49:53.822573,92.45232078386849
AI2230,Summer 2026,Literature Review,True,0.5830601589326296,1817.4669285406937,12,10.363064255577296,2026-09-05 21:49:53.822825,73.03056100697319
AI2231,Fall 2026,Research Paper,True,0.6161256863412274,1074.664469839129,11,40.803422775169615,2026-03-14 21:49:53.823089,78.24114404152253
AI2232,Summer 2026,Case Study,False,0.446519505465953,1394.4933700535864,4,16.787917615956406,2026-04-06 21:49:53.823384,83.71847233200245
AI2233,Fall 2025,Essay,False,0.26529261366437606,1625.8870642407442,7,21.966627938003036,2026-05-03 21:49:53.823627,67.05989791662941
AI2234,Fall 2025,Essay,True,0.32700178330825064,798.5512029868231,4,62.20544442022735,2026-04-12 21:49:53.823888,75.36310063510965
AI2235,Fall 2026,Research Paper,False,0.48742335903861067,1631.1429680149981,6,49.53649984324172,2026-09-07 21:49:53.824169,67.24499162346892
AI2236,Summer 2026,Essay,False,0.5253499787380824,1735.456866975392,13,36.91373097802943,2026-08-18 21:49:53.824410,82.00679587465402
AI2237,Fall 2025,Essay,False,0.2634418503360438,1433.1429028239922,7,47.91871579386918,2026-08-07 21:49:53.824652,63.7239768602406
AI2238,Summer 2026,Lab Report,False,0.28097228753182146,882.8742208258599,10,59.54082465907816,2026-04-18 21:49:53.824894,100.0
AI2239,Fall 2026,Research Paper,True,0.5849621388306339,1627.5068249772823,13,37.204617180035406,2026-07-15 21:49:53.825147,82.82499314538876
AI2240,Spring 2026,Case Study,False,0.15548624467896388,1358.8243921614796,4,13.333823700848594,2026-05-18 21:49:53.825397,84.00458983337107
AI2241,Spring 2026,Research Paper,False,0.320457920750693,1926.078655518304,8,12.702298003597798,2026-04-21 21:49:53.825637,72.05772908723742
AI2242,Spring 2026,Lab Report,True,0.1701209989541915,2401.201755962664,9,35.071893283165146,2026-06-28 21:49:53.825902,76.01979881468003
AI2243,Summer 2026,Case Study,True,0.28067454933950586,1532.4099530168303,10,41.95128421270141,2026-05-14 21:49:53.826213,74.57376738963839
AI2244,Summer 2026,Case Study,False,0.36535245367867347,1474.5502480908503,5,24.33284482038487,2026-05-24 21:49:53.826462,79.52553297161847
AI2245,Summer 2026,Lab Report,True,0.32441705373715757,1193.0532628050537,5,17.496309812978573,2026-09-06 21:49:53.826705,75.42284790345833
AI2246,Fall 2026,Essay,False,0.4940217992240972,1255.2803876240869,9,18.09218109385195,2026-07-28 21:49:53.826955,81.8597053165022
AI2247,Fall 2025,Case Study,False,0.2239563421831149,1066.716700624839,12,18.35381718358869,2026-07-26 21:49:53.827202,73.28803380167938
AI2248,Fall 2026,Research Paper,False,0.5310629929022224,1949.7075919825968,5,38.000292729161714,2026-03-12 21:49:53.827461,67.71409230206878
AI2249,Fall 2025,Lab Report,False,0.026102257515153687,1838.519134723327,4,28.079880543232004,2026-04-20 21:49:53.827704,59.07513857322683
AI2250,Fall 2025,Research Paper,False,0.22462808782152138,588.397388037363,10,45.36139768761529,2026-08-21 21:49:53.827948,64.83932606351343
AI2251,Summer 2026,Literature Review,False,0.5945661843962222,2239.743690659699,10,64.85748084159422,2026-03-20 21:49:53.828208,78.68720006770364
AI2252,Summer 2026,Literature Review,False,0.46520616067034326,1046.1178478421728,10,5.3095820948397865,2026-04-16 21:49:53.828452,84.03735429239647
AI2253,Fall 2026,Essay,True,0.5444480606983223,1242.2102547531458,8,74.52323370201205,2026-08-02 21:49:53.828695,71.76009680137213
AI2254,Spring 2026,Essay,False,0.4473310641340573,1273.6714161721038,6,49.91906354166238,2026-06-05 21:49:53.828944,66.6004973581452
AI2255,Fall 2025,Lab Report,True,0.10218535064937147,2449.865690463254,10,15.773870049616779,2026-08-24 21:49:53.829195,80.04936865668328
AI2256,Fall 2026,Case Study,False,0.4963921757472644,1706.976521812912,4,5.787882865037354,2026-04-03 21:49:53.829444,70.67157641574414
AI2257,Summer 2026,Research Paper,True,0.4280076911430806,1230.8173291104918,13,5.311680925160426,2026-08-23 21:49:53.830095,77.77514579345664
AI2258,Summer 2026,Research Paper,True,0.46114710723732677,899.3880755606225,7,39.93267044467705,2026-07-10 21:49:53.830594,73.72332276285034
AI2259,Summer 2026,Essay,False,0.45938891549153027,2000.7540239097473,7,33.248143629604066,2026-06-10 21:49:53.831273,92.60595591507922
AI2260,Fall 2026,Lab Report,False,0.3862306482225226,1315.6861623338373,5,36.3759639715218,2026-08-30 21:49:53.831569,83.33051815523234
AI2261,Fall 2026,Lab Report,False,0.33288633837762793,1985.1666071839393,7,15.932620212909212,2026-05-04 21:49:53.831810,96.15021683479827
AI2262,Fall 2026,Literature Review,True,0.6979732507111935,2171.2428811592818,10,27.354656241683838,2026-07-31 21:49:53.832059,73.20314638925647
AI2263,Fall 2026,Lab Report,True,0.4025432707777822,1882.286551115514,2,41.20034756425102,2026-05-06 21:49:53.832308,75.35994890087399
AI2264,Fall 2025,Research Paper,True,0.2977510034920534,1052.0138238394325,5,32.99063350254705,2026-04-09 21:49:53.832558,82.98442007105179
AI2265,Spring 2026,Essay,False,0.444051563479413,1483.3727836305736,6,51.821014400587586,2026-05-14 21:49:53.832808,69.45224737647517
AI2266,Fall 2026,Case Study,False,0.3802167748514262,1416.5145584823501,12,8.093830189796062,2026-06-29 21:49:53.833055,84.61495485487332
AI2267,Summer 2026,Lab Report,False,0.31291824554380354,2052.076573494275,10,40.618548767711026,2026-07-09 21:49:53.833374,80.5007059694395
AI2268,Fall 2026,Essay,True,0.4776429946839358,1224.7192906602522,5,24.27960673154292,2026-07-18 21:49:53.833777,81.17094344677406
AI2269,Fall 2026,Case Study,False,0.3808268859422654,1528.1189365834916,4,20.383312361020774,2026-08-17 21:49:53.834597,79.68665081226834
AI2270,Spring 2026,Lab Report,False,0.27015331591985436,1508.2182585617786,6,21.224493881129053,2026-04-27 21:49:53.835321,65.34805442188072
AI2271,Fall 2026,Lab Report,False,0.267636050852426,1113.875481100732,8,10.498926305381188,2026-09-01 21:49:53.835832,88.08723400398326
AI2272,Spring 2026,Lab Report,False,0.14461602116267297,654.9454969623131,5,25.49320804092725,2026-07-17 21:49:53.836302,88.3085780965715
AI2273,Spring 2026,Essay,False,0.37583976344183584,1467.7014729920138,10,25.86844404706668,2026-07-23 21:49:53.837278,72.26500168881964
AI2274,Fall 2025,Research Paper,False,0.3088315724117879,1831.960245126261,8,47.48643755607643,2026-03-13 21:49:53.837860,65.61437269570838
AI2275,Fall 2026,Literature Review,True,0.6394330141614692,1396.4858015334862,6,43.766930746954266,2026-08-18 21:49:53.838353,79.91287904758396
AI2276,Spring 2026,Literature Review,False,0.5094209593859022,1047.068962690755,14,19.072140307037056,2026-05-19 21:49:53.838833,75.0951588953494
AI2277,Summer 2026,Essay,True,0.5139627504028427,1885.9760786491624,7,50.895896946109765,2026-08-18 21:49:53.839308,73.76838598700661
AI2278,Fall 2026,Literature Review,True,0.5832350711782308,1282.9272103071398,7,60.0703450796838,2026-05-04 21:49:53.839770,82.6787000410948
AI2279,Summer 2026,Case Study,False,0.37964109671484514,1635.5294462595016,6,32.85945386084316,2026-04-14 21:49:53.840571,55.12825352864277
AI2280,Summer 2026,Lab Report,False,0.25489520945943933,1891.7531586045352,8,27.545752800120354,2026-08-13 21:49:53.841123,80.19828078736849
AI2281,Spring 2026,Essay,True,0.42086787015714244,1155.2050309569818,7,46.33386861417981,2026-08-11 21:49:53.841788,71.33590876973108
AI2282,Fall 2026,Lab Report,True,0.3760788314222084,1438.9290867022098,7,49.144600232269106,2026-07-07 21:49:53.842133,76.83742072410017
AI2283,Summer 2026,Lab Report,False,0.35029089830599675,1471.054624656345,8,64.07191721793589,2026-06-29 21:49:53.842385,67.24556699531801
AI2284,Fall 2026,Essay,True,0.5339754272020092,2142.7515483877833,6,45.67538291360813,2026-04-02 21:49:53.842626,70.91782140178744
AI2285,Fall 2026,Case Study,True,0.4802710856697691,1454.161445074116,10,41.37873432206668,2026-04-11 21:49:53.842902,76.49965050482376
AI2286,Fall 2026,Lab Report,False,0.4157821639705155,1166.940129851926,11,70.58918912026793,2026-08-05 21:49:53.843180,86.4109262307297
AI2287,Summer 2026,Lab Report,False,0.2881779912163773,1405.8446302837274,8,44.64457227623849,2026-06-07 21:49:53.843451,67.5650808024428
AI2288,Fall 2026,Essay,True,0.613240129270574,1568.7014276291934,6,29.26257139483942,2026-03-31 21:49:53.843711,77.93107078495176
AI2289,Fall 2026,Essay,True,0.5815370210007301,1606.2563161230569,4,43.31271666824967,2026-07-26 21:49:53.843969,73.53364907964918
AI2290,Fall 2026,Lab Report,True,0.4436687271553766,1615.1693410978664,4,7.572457066025924,2026-07-09 21:49:53.844233,74.22810866539254
AI2291,Fall 2026,Case Study,False,0.4710220446391338,1239.7171483625486,14,45.32861352795937,2026-07-09 21:49:53.844482,82.92468904001232
AI2292,Spring 2026,Literature Review,False,0.5323460406669089,2158.8765260301157,6,59.33072898152939,2026-05-12 21:49:53.844724,88.93686157430184
AI2293,Fall 2026,Literature Review,False,0.6861077648976621,1230.1574669017684,6,6.449708778939893,2026-04-20 21:49:53.844973,71.4896536717905
AI2294,Summer 2026,Essay,False,0.49574405876817274,1937.844382698344,4,45.801864646980526,2026-08-16 21:49:53.845217,90.44012475149773
AI2295,Fall 2026,Lab Report,False,0.3376425702173669,1734.2460003669496,11,55.3199974069402,2026-07-06 21:49:53.845459,75.90222646549627
AI2296,Spring 2026,Research Paper,False,0.3301157057461225,1954.8094149824362,9,33.78064916227889,2026-04-21 21:49:53.845700,72.29026089658616
AI2297,Fall 2026,Essay,False,0.6284039080899457,1909.4362826581616,7,15.483729741200792,2026-03-31 21:49:53.845942,74.3349717700598
AI2298,Summer 2026,Essay,True,0.5915453309726783,1239.456649181273,9,45.87092842526254,2026-08-28 21:49:53.846190,79.49398602759196
AI2299,Fall 2026,Research Paper,True,0.519196150885251,1080.5845700366892,8,32.17137438325613,2026-07-14 21:49:53.847576,69.02595833077483
AI2300,Fall 2026,Essay,True,0.5407294459895441,1772.1276371315748,5,13.629589695086075,2026-04-02 21:49:53.848316,79.54377835265439
AI2301,Summer 2026,Lab Report,True,0.2942180504031753,1310.361011176735,4,11.95020119383272,2026-05-04 21:49:53.848600,77.71466100745813
AI2302,Fall 2026,Literature Review,False,0.578599481878347,1748.8095885285932,7,11.709106305673265,2026-09-07 21:49:53.848864,68.77497037291762
AI2303,Fall 2025,Literature Review,False,0.2864133816536469,1612.7597414872394,11,14.218127243647341,2026-06-29 21:49:53.849300,73.16384533359685
AI2304,Fall 2026,Literature Review,True,0.6862705711137058,1391.9791532476909,5,37.17079591958474,2026-03-23 21:49:53.850073,81.92562100004365
AI2305,Summer 2026,Case Study,False,0.4021579494689092,1246.98702621496,10,37.366023930183786,2026-05-27 21:49:53.850764,62.94209093288
AI2306,Summer 2026,Literature Review,True,0.6465129493176089,1606.118764880164,11,24.865518220078634,2026-08-11 21:49:53.851663,74.90448709812497
AI2307,Fall 2026,Case Study,False,0.3952944357995041,1606.1016898838634,11,8.80114365539149,2026-05-22 21:49:53.852150,71.80824282266485
AI2308,Fall 2026,Lab Report,True,0.3948327423147757,1285.6716218912197,9,32.844559231694305,2026-04-04 21:49:53.852671,83.39514354031927
AI2309,Summer 2026,Essay,True,0.6315725107330178,1111.3717079870546,4,11.519206221057054,2026-07-23 21:49:53.853747,83.18432789691116
AI2310,Summer 2026,Case Study,True,0.2558631118353885,1320.5393267393974,9,26.607550594760674,2026-07-01 21:49:53.854454,72.55928270524434
AI2311,Spring 2026,Case Study,False,0.1901361152859951,1393.2882919687258,11,34.549600274953704,2026-07-01 21:49:53.854862,71.24598081199078
AI2312,Summer 2026,Essay,False,0.46502098466405134,1708.9689848979838,11,64.09119373840663,2026-03-14 21:49:53.855146,56.309092441123916
AI2313,Fall 2026,Lab Report,True,0.2904948909933777,1230.4144537483057,6,29.499973528808948,2026-06-10 21:49:53.855402,74.47392009164436
AI2314,Summer 2026,Lab Report,False,0.2958844500572863,1421.9014422218704,11,28.824606961128787,2026-07-16 21:49:53.855652,74.67105215886407
AI2315,Spring 2026,Literature Review,True,0.45094314796964147,1922.572122448728,6,46.6434475008544,2026-06-26 21:49:53.856093,78.24285513635864
AI2316,Fall 2026,Literature Review,True,0.6731863305046124,2299.7215103236385,9,41.55239871438002,2026-08-21 21:49:53.856443,78.51392712687787
AI2317,Fall 2025,Research Paper,False,0.31313365635982454,989.2930321425521,11,32.01590390276629,2026-05-23 21:49:53.856720,66.9691742867327
AI2318,Spring 2026,Case Study,True,0.23545852198118652,748.4643396847955,8,38.46939644570194,2026-06-01 21:49:53.857017,77.96639854040676
AI2319,Fall 2026,Literature Review,False,0.6383055600834598,968.4271693953765,6,39.17806070964776,2026-08-22 21:49:53.857273,72.63073280690976
AI2320,Spring 2026,Literature Review,False,0.5032352630856848,2037.9698454279587,5,55.15107637684523,2026-04-28 21:49:53.857516,72.80280774158483
AI2321,Fall 2026,Lab Report,False,0.39614465492362966,1478.6831197778863,6,2.460305136565893,2026-04-23 21:49:53.857760,64.9996504273016
AI2322,Fall 2026,Research Paper,True,0.5720018284462711,1104.2465664613135,7,47.59073817192724,2026-05-21 21:49:53.858011,79.64839462282238
AI2323,Fall 2026,Research Paper,True,0.5563865515901909,1902.3709339312827,10,39.28775543834745,2026-03-21 21:49:53.858263,80.76284417121309
AI2324,Summer 2026,Literature Review,False,0.5091246689954348,1166.19727775868,4,23.96859289790678,2026-07-10 21:49:53.858513,71.71984519840825
AI2325,Fall 2026,Lab Report,True,0.4766633807998199,1576.0005854137232,7,55.70729522290209,2026-08-21 21:49:53.858768,78.03499501810859
AI2326,Fall 2026,Essay,True,0.6929132779010284,1123.2977798998227,3,11.378237967130785,2026-03-24 21:49:53.859023,75.64531777390033
AI2327,Fall 2026,Research Paper,True,0.6136076739487502,1250.6523308560468,8,62.5907794974309,2026-06-12 21:49:53.859283,78.28570155660574
AI2328,Fall 2026,Lab Report,False,0.37722324763031234,1343.507987240649,2,22.903045294674055,2026-04-08 21:49:53.859530,69.10761810932108
AI2329,Fall 2026,Literature Review,False,0.6059973797084399,1932.078706480308,8,71.52079223248265,2026-07-29 21:49:53.859783,82.65180698526764
AI2330,Spring 2026,Literature Review,False,0.5020203961361546,1744.1425296062266,2,53.627483403392915,2026-08-27 21:49:53.860031,69.43342510686178
AI2331,Spring 2026,Research Paper,False,0.4170869103158864,1889.2026390938204,7,37.656229028137965,2026-04-24 21:49:53.860274,85.84638428946742
AI2332,Fall 2026,Research Paper,False,0.5516585143184831,2125.9785306563253,3,16.749041376184554,2026-08-19 21:49:53.860515,81.82884337124959
AI2333,Spring 2026,Research Paper,False,0.35361771718657814,1865.6490970790187,13,43.61826886049723,2026-04-14 21:49:53.860756,67.0090590923732
AI2334,Fall 2026,Research Paper,False,0.5906361493589406,1277.7904328985185,4,27.17056053390135,2026-03-15 21:49:53.861001,91.89794151639244
AI2335,Fall 2026,Essay,True,0.5373151088687045,1193.1410556335597,6,38.2959231777468,2026-07-29 21:49:53.861243,76.77282452257911
AI2336,Fall 2026,Lab Report,False,0.3757308058815315,1181.3023152184207,10,13.159588225280963,2026-06-19 21:49:53.861501,70.75424300953254
AI2337,Spring 2026,Case Study,False,0.26402902853133103,1420.8165289578212,10,52.965548516640716,2026-07-05 21:49:53.861746,73.48840663222443
AI2338,Summer 2026,Case Study,False,0.3892245988737544,1354.15651051987,7,11.657901083452078,2026-05-01 21:49:53.861993,61.87049212185795
AI2339,Summer 2026,Essay,True,0.4569689827973569,1939.1099559721506,5,18.434364788637026,2026-04-26 21:49:53.862235,83.68809034083937
AI2340,Summer 2026,Research Paper,False,0.5115866989078407,892.3038109201369,8,36.75620913199018,2026-07-22 21:49:53.862482,73.48032524248937
AI2341,Fall 2026,Case Study,True,0.49578327291109886,1674.8101604838664,7,39.88565548475626,2026-09-01 21:49:53.862734,79.16418261918056
AI2342,Spring 2026,Literature Review,True,0.4344705270703998,1792.6004451829021,14,27.296725825369904,2026-04-10 21:49:53.863509,69.52713398583053
AI2343,Spring 2026,Case Study,False,0.2714642184056669,1649.8246902811106,14,31.770986215084612,2026-07-15 21:49:53.864254,74.57610768986044
AI2344,Summer 2026,Case Study,False,0.25429968143828063,2485.6675020109733,8,51.45343995249021,2026-06-28 21:49:53.864737,62.375371707604835
AI2345,Fall 2026,Literature Review,True,0.6740191615875114,1535.7200882664072,9,31.83269848003512,2026-08-03 21:49:53.865208,82.14802655097525
AI2346,Fall 2026,Lab Report,False,0.45653453803986926,1025.8879347315878,5,52.12806757254588,2026-06-25 21:49:53.865660,84.25999015000346
AI2347,Spring 2026,Essay,True,0.3887417919012151,1277.9348057252028,7,31.398311119564788,2026-05-02 21:49:53.865937,79.0819818833679
AI2348,Fall 2026,Essay,True,0.6005357869965158,1522.6777355758816,9,37.97925275135343,2026-08-17 21:49:53.866204,81.10451992085413
AI2349,Fall 2026,Essay,True,0.49175554061788007,1371.7706855776755,13,30.871545669722565,2026-07-25 21:49:53.866878,82.6204257359994
AI2350,Spring 2026,Lab Report,False,0.2193537146077589,1383.5826627743422,7,68.65014693100174,2026-08-31 21:49:53.867254,86.70154052915422
AI2351,Summer 2026,Lab Report,False,0.3282527792416823,1947.3474089357965,7,56.14415821236454,2026-06-30 21:49:53.867590,90.73848318854905
AI2352,Summer 2026,Essay,True,0.5345698343951062,1699.9448232456587,4,31.515056251686012,2026-07-06 21:49:53.868031,79.79867802911168
AI2353,Fall 2026,Case Study,False,0.4194103973141327,1802.9465737319038,6,19.356032137495212,2026-04-01 21:49:53.868684,80.69445109623744
AI2354,Fall 2026,Essay,False,0.5394195959105906,1243.729323028301,9,50.71411807687625,2026-04-23 21:49:53.868967,86.59419329281931
AI2355,Spring 2026,Case Study,True,0.30606464993261295,1363.6894364279208,8,22.33171021921711,2026-03-21 21:49:53.869225,77.44680496856593
AI2356,Summer 2026,Literature Review,False,0.5958770845182204,1240.236892089654,10,13.481181070060769,2026-03-19 21:49:53.869480,67.14206636063372
AI2357,Fall 2026,Literature Review,False,0.6906763521101837,1803.3050153308754,9,67.12501152555362,2026-05-12 21:49:53.869729,61.071550559453875
AI2358,Summer 2026,Essay,True,0.5334731047589283,801.4095812788008,11,52.61786459873052,2026-09-05 21:49:53.869984,74.01104351162004
AI2359,Fall 2026,Essay,False,0.5456960040011999,1896.045304436625,14,14.474657199302838,2026-04-05 21:49:53.870237,54.52279622641076
AI2360,Fall 2025,Essay,False,0.31193768969592417,1277.1580141948953,12,29.041934773611157,2026-05-28 21:49:53.870481,77.7100273706977
AI2361,Fall 2025,Literature Review,True,0.40675055819264305,1554.2342125799305,7,25.774425664270822,2026-06-20 21:49:53.870726,76.648866533977
AI2362,Spring 2026,Lab Report,True,0.16376491062357273,1969.8531239237982,9,49.28937718389936,2026-07-31 21:49:53.871028,72.03567589341947
AI2363,Summer 2026,Essay,False,0.4877409337930135,1992.3794686117267,10,25.77249394850491,2026-04-17 21:49:53.871299,79.37881401513357
AI2364,Summer 2026,Essay,False,0.5141823981817275,2013.32724769009,10,11.387091835248707,2026-04-05 21:49:53.871550,73.23956125390131
AI2365,Fall 2025,Literature Review,True,0.278694807889436,1037.5999477461473,8,52.50766113113278,2026-08-16 21:49:53.871797,80.92307639561368
AI2366,Fall 2026,Essay,True,0.6661541748216621,1937.0784109285341,3,58.81554692671626,2026-07-12 21:49:53.872057,70.81445976712489
AI2367,Fall 2025,Research Paper,False,0.23175241124486154,1247.8229557347343,7,33.761813834443,2026-05-29 21:49:53.872326,54.460732467920394
AI2368,Fall 2026,Research Paper,True,0.5779779038654402,1250.7475960510887,5,50.21264109914129,2026-08-31 21:49:53.872647,75.83152702118149
AI2369,Spring 2026,Lab Report,True,0.18921066591304145,1657.3693950489999,6,21.945741178964724,2026-08-14 21:49:53.872918,77.05351242290551
AI2370,Summer 2026,Literature Review,False,0.5750667457720201,1889.6933796570545,10,28.16451603372161,2026-06-11 21:49:53.873205,74.68534617433798
AI2371,Fall 2026,Lab Report,False,0.34757094960426993,1354.0041838833731,10,42.26485351118212,2026-04-08 21:49:53.873449,74.94362412926628
AI2372,Fall 2026,Case Study,True,0.4445607600659063,1681.3407320081058,5,44.39955009783714,2026-04-19 21:49:53.873690,78.91406185974033
AI2373,Summer 2026,Case Study,False,0.36109956566338164,1949.4916114854905,2,48.74272604089868,2026-06-30 21:49:53.873939,92.32125859227983
AI2374,Fall 2026,Research Paper,False,0.5796523102648359,1514.0718302412758,6,58.17357925064215,2026-08-09 21:49:53.874188,69.26759750526516
AI2375,Spring 2026,Literature Review,False,0.48746391452071836,1577.1283284823144,12,16.89616720089021,2026-05-02 21:49:53.874440,80.32538628072805
AI2376,Spring 2026,Research Paper,False,0.3104010339700962,1533.496125058037,7,51.275849100269596,2026-04-02 21:49:53.874687,68.66597530187583
AI2377,Fall 2026,Research Paper,True,0.5590786202678223,734.8141464420377,13,31.619372220237118,2026-05-09 21:49:53.874929,79.09249375371215
AI2378,Fall 2025,Research Paper,False,0.25528762523668197,1824.47948278609,7,41.63677748743708,2026-06-15 21:49:53.875184,91.72540360225396
AI2379,Summer 2026,Essay,False,0.44975622735274134,1217.0111222914975,8,52.09385296194687,2026-06-23 21:49:53.875438,68.28009501503253
AI2380,Fall 2026,Research Paper,True,0.5389360037599319,1610.564015957256,9,36.74215122784257,2026-03-22 21:49:53.875680,79.44427520521857
AI2381,Fall 2025,Lab Report,False,0.0657922429628332,1392.041359856387,9,38.749141432640606,2026-05-07 21:49:53.875929,68.41620300020514
AI2382,Spring 2026,Literature Review,False,0.41312142800497276,967.1177299991563,3,44.298196450354546,2026-07-14 21:49:53.876179,79.48875463478835
AI2383,Fall 2026,Essay,False,0.6849811371646618,2202.004407867668,6,18.40884788335291,2026-07-12 21:49:53.876419,72.70001825664826
AI2384,Spring 2026,Lab Report,False,0.04849471725386298,1021.894294262321,8,27.810189648620305,2026-08-27 21:49:53.876661,59.909111041444575
AI2385,Fall 2026,Research Paper,False,0.5366961388060824,1412.031697566265,14,48.56026381196013,2026-07-02 21:49:53.876904,85.05065051354738
AI2386,Fall 2026,Essay,True,0.5077377205266242,1310.15158637183,9,22.994342782658034,2026-07-30 21:49:53.877153,70.63984621821449
AI2387,Fall 2025,Research Paper,True,0.27721066454755405,1442.472811932406,9,33.01847702706963,2026-06-09 21:49:53.877402,70.29858888884648
AI2388,Summer 2026,Essay,False,0.4450164171019642,1474.223436798395,5,50.31854145594006,2026-03-23 21:49:53.877662,68.04420143248473
AI2389,Fall 2026,Research Paper,True,0.5688237974249127,1368.3081452779531,6,73.33723428529139,2026-05-04 21:49:53.877905,75.0411637815276
AI2390,Spring 2026,Essay,True,0.4036354796657226,1394.9469036368016,10,31.637336094195252,2026-06-27 21:49:53.878157,73.98361707696412
AI2391,Summer 2026,Literature Review,False,0.5839302089565153,1254.6902986716475,7,11.411556302155685,2026-05-04 21:49:53.878405,71.04279193335556
AI2392,Summer 2026,Literature Review,False,0.5818535804548124,854.7236818930139,9,8.345901014231353,2026-07-26 21:49:53.878648,94.49862207765693
AI2393,Summer 2026,Essay,True,0.5431878824889369,1795.2582626917351,6,17.30745495388086,2026-08-18 21:49:53.878888,80.15226025556797
AI2394,Fall 2025,Case Study,False,0.1186513802910015,1309.351791591269,8,30.439214466081115,2026-08-07 21:49:53.879144,82.80290348950454
AI2395,Fall 2025,Lab Report,False,0.12357064194479189,2217.85239090318,9,0.9836718631939747,2026-05-27 21:49:53.879388,86.03155086772294
AI2396,Summer 2026,Case Study,True,0.310488705693122,1580.8117799731492,9,28.605044464873835,2026-04-23 21:49:53.879847,77.54762896672153
AI2397,Fall 2025,Research Paper,True,0.21188809630745314,1804.0217684842723,9,29.58548743704032,2026-04-05 21:49:53.880249,84.00549219207501
AI2398,Spring 2026,Lab Report,False,0.13793035717425023,1267.6768936962173,10,7.63455383566583,2026-07-03 21:49:53.880502,66.04291036549716
AI2399,Fall 2026,Lab Report,False,0.31382259918544075,1932.201302494804,4,27.71767011824385,2026-08-11 21:49:53.880883,85.68216559301699
AI2400,Spring 2026,Literature Review,True,0.5283811490574996,1580.3685363358634,9,28.85130643757336,2026-07-07 21:49:53.881187,80.72115816871998
AI2401,Fall 2026,Research Paper,False,0.6338153694456982,1224.730381691059,4,20.622454141435302,2026-06-23 21:49:53.881448,84.73655613365806
AI2402,Fall 2026,Case Study,False,0.4567341746985872,1636.0303532331848,7,21.392674727633988,2026-07-04 21:49:53.881691,71.40649908091068
AI2403,Fall 2026,Case Study,False,0.483435693342452,1718.766807162928,9,28.10450910718474,2026-05-27 21:49:53.881932,62.91081774587702
AI2404,Fall 2026,Lab Report,True,0.43473446107971014,1941.2691032857874,5,17.733253206750224,2026-08-23 21:49:53.882180,82.12931480812888
AI2405,Summer 2026,Literature Review,True,0.48763548067534157,970.7002464018258,7,7.865577810673717,2026-07-09 21:49:53.882427,77.41360450979738
AI2406,Fall 2026,Case Study,True,0.4292032592189142,1288.4228514670629,15,20.26593551889185,2026-05-15 21:49:53.882700,79.27026419094614
AI2407,Summer 2026,Research Paper,False,0.41512339527279174,756.6828945386353,7,28.87926610584618,2026-04-16 21:49:53.883169,57.70835512120095
AI2408,Fall 2026,Essay,False,0.7010820423904499,1624.6673912758124,11,16.814433746986644,2026-04-05 21:49:53.883629,63.55297475452075
AI2409,Fall 2026,Lab Report,False,0.3716249922816088,1728.6289327708487,8,28.163431124446696,2026-06-18 21:49:53.884534,80.03842910202768
AI2410,Fall 2025,Case Study,False,0.09331613626350813,889.1765844709766,4,9.869792345480702,2026-09-04 21:49:53.885330,87.69689549869162
AI2411,Fall 2025,Essay,True,0.2724940234867032,1500.8114380466156,14,34.82508722300277,2026-08-18 21:49:53.885822,72.11216184419925
AI2412,Spring 2026,Literature Review,True,0.40383716866647007,911.7697393293391,4,47.022322411901015,2026-03-29 21:49:53.886415,80.95635948444388
AI2413,Fall 2025,Literature Review,True,0.32741525617363126,1221.9428212024245,9,52.373042259410084,2026-04-02 21:49:53.887077,75.2160269326385
AI2414,Fall 2026,Essay,True,0.5301111107346262,974.0028326763495,5,8.465796960501635,2026-05-06 21:49:53.887350,70.92710542564713
AI2415,Summer 2026,Essay,True,0.4979418965611073,1190.3756026095502,9,29.167234170760654,2026-07-16 21:49:53.887610,75.73448646421022
AI2416,Spring 2026,Case Study,False,0.2981141778952318,1907.7738382471985,10,56.063714884896896,2026-07-29 21:49:53.887865,88.20759123784929
AI2417,Fall 2026,Essay,True,0.5130346445716331,1871.4783822122017,7,43.5334453432525,2026-03-25 21:49:53.888123,75.68029296244876
AI2418,Fall 2026,Research Paper,True,0.5494640368251021,1334.7634285565343,8,25.422082811827952,2026-04-09 21:49:53.888377,73.8863784798891
AI2419,Summer 2026,Essay,True,0.4695230672811435,1323.6488894551208,5,10.9254664223664,2026-05-17 21:49:53.888630,72.60613090962117
AI2420,Fall 2025,Case Study,False,0.12207274753019187,1408.8643412628824,12,13.03438430196571,2026-07-09 21:49:53.888882,61.71965217098974
AI2421,Fall 2025,Lab Report,False,0.11285745483064236,1897.832041458706,7,38.921615552941745,2026-07-05 21:49:53.889132,71.79925980092588
AI2422,Spring 2026,Essay,False,0.38911588388203544,1868.5100162180702,7,12.651556707461777,2026-08-02 21:49:53.889375,85.56533355784589
AI2423,Spring 2026,Case Study,False,0.3202880760460503,1393.7940386037176,5,24.484917928995305,2026-09-07 21:49:53.889623,67.62653140251288
AI2424,Fall 2025,Lab Report,False,0.13719806660177453,1198.6237797653841,8,46.2939963241629,2026-05-11 21:49:53.889870,89.43310362165855
AI2425,Summer 2026,Lab Report,False,0.3026838099725218,1502.9913307158668,10,50.82393713097516,2026-08-14 21:49:53.890124,66.65918549750938
AI2426,Spring 2026,Literature Review,True,0.4251131955963244,1900.9306245891771,3,43.076797127176455,2026-08-08 21:49:53.890379,85.57034403384758
AI2427,Fall 2025,Essay,True,0.3115698056180377,1353.5506211156164,10,15.308480312241175,2026-03-25 21:49:53.890664,81.75659034419131
AI2428,Fall 2026,Research Paper,True,0.5487261648875493,878.541558694169,4,39.03355384368565,2026-06-25 21:49:53.890931,83.36444666951093
AI2429,Fall 2025,Research Paper,False,0.2956259655253978,1023.1407076185114,10,1.682468478369265,2026-06-15 21:49:53.891200,75.69601428972366
AI2430,Summer 2026,Lab Report,True,0.25661075733350436,1271.5463392949723,6,42.33562917941206,2026-09-01 21:49:53.891440,79.57877153940716
AI2431,Fall 2026,Essay,False,0.5863379317367965,1690.4768207820996,11,13.100804422039117,2026-08-30 21:49:53.891685,64.77053799959337
AI2432,Fall 2026,Research Paper,False,0.5406528002373938,1659.6205541391969,7,44.19677799014695,2026-08-06 21:49:53.891925,93.08222137572614
AI2433,Fall 2026,Lab Report,False,0.31163451839403766,1258.9589592126224,11,30.434841202307076,2026-05-26 21:49:53.892172,80.68771371223399
AI2434,Fall 2026,Research Paper,False,0.5271306479894529,1621.3139468291506,6,34.652691348234036,2026-07-26 21:49:53.892412,78.91785473640358
AI2435,Summer 2026,Research Paper,False,0.42206120882374815,1800.4412539479697,6,35.52890543173105,2026-05-06 21:49:53.892653,61.28931281942353
AI2436,Fall 2026,Essay,False,0.4755581600026081,1564.3341294739726,9,36.962855930616826,2026-05-16 21:49:53.892893,60.91525419109329
AI2437,Spring 2026,Essay,True,0.4348291605874521,883.0828554315007,11,18.737565826708483,2026-03-15 21:49:53.893187,72.01242353854123
AI2438,Fall 2026,Literature Review,False,0.6140259178800331,1722.1841207690795,7,29.92554023124841,2026-05-14 21:49:53.893445,81.03730406611942
AI2439,Fall 2026,Essay,False,0.6407721021811044,1851.9909051441864,10,6.841988777980071,2026-04-28 21:49:53.893686,62.87487785442315
AI2440,Fall 2026,Literature Review,True,0.6572179390702619,1856.5121132118616,8,20.110279437755985,2026-04-06 21:49:53.893959,82.59787824888629
AI2441,Fall 2026,Research Paper,False,0.4879868985001031,1203.7493740814264,5,11.124853331149149,2026-05-14 21:49:53.894210,73.09485783793139
AI2442,Spring 2026,Essay,False,0.29770104448959983,1851.703070183834,10,30.927684749072267,2026-04-30 21:49:53.894451,100.0
AI2443,Summer 2026,Lab Report,False,0.1863242751721782,2083.2859019351117,9,14.137639922083173,2026-06-26 21:49:53.894692,84.17059945955373
AI2444,Fall 2026,Case Study,False,0.44847397859372246,1592.117477170666,9,14.348626571330355,2026-08-02 21:49:53.894934,77.33631623799542
AI2445,Fall 2026,Essay,False,0.5341828633881202,1734.4166836158363,3,53.613466621921745,2026-06-25 21:49:53.895183,63.0456554216916
AI2446,Summer 2026,Literature Review,True,0.5927647444832388,2047.9603155146356,7,39.942759906607264,2026-06-09 21:49:53.895437,80.5227605615833
AI2447,Summer 2026,Literature Review,False,0.6003904937952437,1659.0214098885767,9,11.574863514866577,2026-04-14 21:49:53.895685,88.43426204326978
AI2448,Fall 2025,Literature Review,False,0.34320592426214214,1591.4710582037967,11,4.457185046470969,2026-04-08 21:49:53.895929,70.08676285197679
AI2449,Spring 2026,Essay,False,0.4157402870560657,1788.1882813520756,5,43.73119757919576,2026-06-01 21:49:53.896351,78.04068858534453
AI2450,Spring 2026,Case Study,False,0.25164338000106545,1366.1091257895741,5,80.03096890891011,2026-05-18 21:49:53.896807,100.0
AI2451,Fall 2026,Lab Report,False,0.34755899180371835,1464.9362204913987,13,14.521799451253642,2026-05-06 21:49:53.897101,78.61400129744132
AI2452,Fall 2026,Lab Report,False,0.43287633234301803,1732.7440044323735,4,61.92268696369829,2026-06-22 21:49:53.897431,94.35152363942858
AI2453,Summer 2026,Case Study,True,0.33363456845356465,1852.5911989645829,10,21.44604067827401,2026-03-20 21:49:53.897699,68.94859555115954
AI2454,Fall 2026,Lab Report,False,0.5000366326297174,1490.7219836799968,7,3.6633627640450586,2026-06-23 21:49:53.897952,84.89294854080553
AI2455,Summer 2026,Lab Report,True,0.34148138709830567,1319.8002128939943,10,28.977564747142132,2026-06-06 21:49:53.898218,82.95513166391092
AI2456,Spring 2026,Lab Report,False,0.1535298672608403,1712.0452958521728,9,16.794583274051128,2026-03-21 21:49:53.898467,69.88547256713579
AI2457,Fall 2026,Lab Report,False,0.37669583383635474,989.9491808261516,9,39.21335484776108,2026-06-28 21:49:53.898708,69.97253047123351
AI2458,Fall 2026,Case Study,True,0.44263769149889576,1505.1555650017076,12,3.835084151132701,2026-06-15 21:49:53.899005,81.58116635700645
AI2459,Summer 2026,Literature Review,True,0.5489134640913378,1498.2586015103907,7,17.50532157209993,2026-07-31 21:49:53.899417,78.30242841148049
AI2460,Fall 2026,Essay,True,0.5647989799194099,981.2028798227157,8,82.36799989291438,2026-05-06 21:49:53.899998,73.17909564206406
AI2461,Summer 2026,Lab Report,False,0.33548720439813573,1869.8211750765377,11,26.985740378226136,2026-07-01 21:49:53.900453,69.17064418926039
AI2462,Summer 2026,Lab Report,False,0.3669088934795558,1826.0812514948732,5,51.63113089322573,2026-07-07 21:49:53.900818,56.454352045978055
AI2463,Spring 2026,Literature Review,True,0.3931040646633523,1480.3396623905767,14,46.23429657584638,2026-04-04 21:49:53.901263,78.79630834534947
AI2464,Summer 2026,Essay,False,0.5121065210624466,1845.935411996002,9,13.137752961571431,2026-06-24 21:49:53.901716,71.50184652192979
AI2465,Fall 2026,Literature Review,True,0.6333189263944247,1644.8033889742528,17,30.624315596399697,2026-08-12 21:49:53.902180,76.41229579804413
AI2466,Fall 2026,Lab Report,True,0.5304239314683087,1773.4511054584982,9,34.16397627558529,2026-07-31 21:49:53.902686,79.67425673456464
AI2467,Spring 2026,Case Study,False,0.2839499129731107,2211.7783254468627,7,4.361955564065873,2026-05-14 21:49:53.903171,87.85735160751567
AI2468,Spring 2026,Research Paper,True,0.3656294087029111,1797.2075453532143,8,15.86129503030264,2026-09-05 21:49:53.903637,83.22129896037144
AI2469,Spring 2026,Case Study,False,0.3095662319076166,803.8834268389238,14,30.786865319781626,2026-08-09 21:49:53.904121,70.74682475209694
AI2470,Spring 2026,Research Paper,False,0.2804711521105149,937.2964081414141,12,55.42587636466192,2026-07-09 21:49:53.904562,81.70817900012486
AI2471,Fall 2026,Case Study,False,0.4463160314387395,1722.767134575467,5,22.925336972482228,2026-08-11 21:49:53.905062,71.44669371653994
AI2472,Fall 2026,Essay,False,0.706086854420887,1776.162688121054,6,10.172519754619211,2026-09-07 21:49:53.905528,66.87306816406941
AI2473,Fall 2026,Literature Review,False,0.6125998993441016,921.1381749079459,6,11.276690374992533,2026-06-08 21:49:53.906002,60.868163510125726
AI2474,Spring 2026,Case Study,False,0.17063030984494287,943.749685681542,4,45.95143208121485,2026-05-20 21:49:53.906468,78.5465364142077
AI2475,Spring 2026,Lab Report,False,0.19892431280955067,1451.6278936374906,6,64.79358269569477,2026-06-19 21:49:53.906922,73.38176097174794
AI2476,Fall 2026,Research Paper,True,0.549433647873419,1651.8027178895616,12,25.233686414142436,2026-08-25 21:49:53.907336,73.16582159032804
AI2477,Summer 2026,Case Study,False,0.3314315313414207,815.8458175618617,9,20.488978299003143,2026-04-25 21:49:53.907667,94.49811591756419
AI2478,Fall 2025,Lab Report,False,0.14780062175072775,1126.8432807244535,7,5.185516095549258,2026-04-27 21:49:53.907923,68.55051847624948
AI2479,Summer 2026,Lab Report,False,0.3601444964583724,1731.2595352418264,10,13.168187174338602,2026-06-03 21:49:53.908176,82.39734139507505
AI2480,Spring 2026,Case Study,False,0.2747092023676925,1071.9857505755335,10,44.67436599678985,2026-04-07 21:49:53.908421,78.90973945092982
AI2481,Fall 2026,Essay,True,0.619963914757378,1317.0323937942485,8,37.09651089506562,2026-05-16 21:49:53.908671,75.19476098104586
AI2482,Fall 2025,Case Study,False,0.06907068594361673,1532.5420760453758,8,58.138862944122415,2026-08-29 21:49:53.908924,49.80447752931658
AI2483,Fall 2025,Literature Review,True,0.2860841820199249,1270.2632557428767,6,26.61117110388829,2026-03-27 21:49:53.909175,80.65340446703021
AI2484,Fall 2026,Case Study,False,0.5251906209081915,658.3358773076309,12,30.01010442145698,2026-09-01 21:49:53.909429,58.72627069642242
AI2485,Summer 2026,Essay,False,0.5526215872940046,1201.0923827068784,11,21.963938896416472,2026-06-16 21:49:53.909684,56.01391085412272
AI2486,Spring 2026,Lab Report,True,0.3001146920101353,974.4850734337934,4,49.521291143218,2026-04-25 21:49:53.909929,76.37702901079386
AI2487,Fall 2026,Literature Review,True,0.6934629335067706,1682.806812097015,8,39.40602441522346,2026-06-10 21:49:53.910186,74.64087078908474
AI2488,Spring 2026,Literature Review,False,0.4228647212511528,1467.3450067275219,8,14.013695810371718,2026-04-07 21:49:53.910434,71.13153373328741
AI2489,Summer 2026,Lab Report,False,0.29107911333453734,1455.357864425494,5,30.53157293360669,2026-08-06 21:49:53.910674,96.01496207209193
AI2490,Summer 2026,Literature Review,False,0.5150994467585822,1101.9591044792492,6,45.647507005395326,2026-08-26 21:49:53.910916,44.46276859160105
AI2491,Fall 2026,Case Study,True,0.48013137136988826,1390.7233546465638,4,15.939707633908423,2026-04-21 21:49:53.911165,80.69133728962089
AI2492,Fall 2026,Case Study,True,0.38094861643750844,993.91886259805,4,17.53396452354452,2026-05-14 21:49:53.911415,84.71659212913048
AI2493,Fall 2025,Essay,False,0.3033726459106904,1936.472340625369,4,42.740537815559506,2026-07-15 21:49:53.911661,76.4073844642457
AI2494,Summer 2026,Research Paper,False,0.3598876518690984,1553.8653043034055,9,47.22304449536311,2026-08-05 21:49:53.911903,60.741815061771305
AI2495,Spring 2026,Essay,True,0.3802583199764648,1558.9564839071195,12,80.48251257591069,2026-05-19 21:49:53.912152,73.18184151951212
AI2496,Fall 2026,Essay,True,0.5945711498427888,1332.5568510636106,6,42.464711975664244,2026-03-14 21:49:53.912401,75.52037584096033
AI2497,Fall 2025,Case Study,False,0.12539543645587967,1301.2890682167586,4,23.906776662325946,2026-04-21 21:49:53.912662,84.39107676937088
AI2498,Fall 2026,Research Paper,False,0.4658889957564243,1125.1149549253455,10,44.355607626264685,2026-09-02 21:49:53.913096,96.786341205398
AI2499,Fall 2026,Literature Review,True,0.6102349914337167,1349.3902170450833,5,3.723581081122245,2026-05-13 21:49:53.913499,83.6710313717695
AI2500,Summer 2026,Lab Report,False,0.3682161831614536,2144.0484897159913,6,6.4454726248069125,2026-03-27 21:49:53.913776,57.95566125463385
AI2501,Summer 2026,Case Study,False,0.4006930090586452,798.4361751683127,6,21.947874118675596,2026-06-20 21:49:53.914118,70.36747089138375
AI2502,Fall 2026,Essay,True,0.6529370038573206,1546.5391552524165,9,40.65255872331434,2026-07-24 21:49:53.914385,87.91078600907316
AI2503,Fall 2026,Essay,False,0.5294441195466311,849.8192398040807,5,30.798449890844555,2026-05-30 21:49:53.914647,88.37637797686422
AI2504,Fall 2026,Lab Report,True,0.4006496585466049,1813.2141686746443,5,6.549797294381365,2026-04-16 21:49:53.914893,77.83056085450414
AI2505,Spring 2026,Research Paper,True,0.3167776134334529,1274.134907027957,5,32.012927120525376,2026-07-06 21:49:53.915160,71.82732181525151
AI2506,Fall 2026,Lab Report,False,0.3313872223692609,1251.6616617981606,11,16.897488839891786,2026-07-23 21:49:53.915409,59.40469208095913
AI2507,Fall 2026,Research Paper,False,0.6572964267282434,988.3006560762077,7,38.00491224726927,2026-05-28 21:49:53.915743,96.50289215005546
AI2508,Fall 2026,Case Study,False,0.4833272838811742,1719.5131854771087,5,44.38465163390643,2026-08-15 21:49:53.918806,94.40966148289037
AI2509,Spring 2026,Case Study,False,0.28239481631657115,1454.8527116778228,7,42.438203629058805,2026-07-04 21:49:53.919723,60.29264270162435
AI2510,Fall 2026,Research Paper,False,0.5841936672156371,1196.1287630133822,11,38.95472893933124,2026-08-27 21:49:53.920517,58.5362786535744
AI2511,Fall 2025,Research Paper,False,0.19310282351434102,1451.7371984571994,3,62.526917254766346,2026-08-03 21:49:53.921243,81.79916268743722
AI2512,Summer 2026,Research Paper,True,0.48654315908963924,1987.4715892803147,6,31.612297493657472,2026-04-05 21:49:53.922155,79.1763694658512
AI2513,Summer 2026,Lab Report,False,0.2917520794511212,867.9452974040379,6,24.868116631363574,2026-07-26 21:49:53.922780,77.60225851445409
AI2514,Spring 2026,Lab Report,False,0.2634317990591185,1576.6652560426353,9,11.897168160515594,2026-06-02 21:49:53.923632,93.54660690120082
AI2515,Fall 2026,Case Study,True,0.3965411155216285,1382.4839718901528,13,11.750991327322751,2026-07-26 21:49:53.924130,68.39851334068872
AI2516,Fall 2026,Essay,False,0.6159232484275059,1577.070905344164,13,42.84105515785551,2026-06-16 21:49:53.924588,70.12362928562528
AI2517,Fall 2025,Research Paper,False,0.2712085624998857,1681.4931874886047,16,34.766372919547344,2026-03-28 21:49:53.925043,61.9468908927882
AI2518,Fall 2025,Essay,False,0.253469460348647,1675.301722692232,4,20.868108007624866,2026-08-23 21:49:53.925495,86.55791697733548
AI2519,Fall 2026,Lab Report,False,0.4464411514397257,1802.5076714000431,8,13.235820195272401,2026-08-16 21:49:53.925937,83.0522883018531
AI2520,Summer 2026,Literature Review,False,0.4788049176985135,987.8210688262882,12,7.871959868193901,2026-05-18 21:49:53.926394,68.56695769540715
AI2521,Summer 2026,Case Study,True,0.3284171735601825,860.3119353392922,7,19.36663240014884,2026-07-17 21:49:53.926828,74.95299672666066
AI2522,Fall 2026,Research Paper,True,0.520960884917155,1200.377891688436,12,46.28779121320264,2026-08-06 21:49:53.927287,79.4646088164115
AI2523,Spring 2026,Research Paper,False,0.34921151078247104,2007.299897840085,10,8.85386660870503,2026-05-31 21:49:53.927728,73.50409044113401
AI2524,Fall 2026,Lab Report,True,0.39466817536060894,1385.4668276578072,4,22.83096954310079,2026-05-29 21:49:53.928216,83.32822765815048
AI2525,Fall 2025,Essay,False,0.350260453955583,1693.8707744279875,10,38.822543148557095,2026-05-16 21:49:53.928663,84.94292443424483
AI2526,Fall 2026,Lab Report,False,0.36305215886339687,1604.4876515047517,7,43.246371996356245,2026-06-09 21:49:53.929144,81.63998523135919
AI2527,Fall 2026,Essay,True,0.5217869313329435,1004.7783365791693,9,47.04937073745229,2026-06-12 21:49:53.929793,91.27300889962461
AI2528,Fall 2026,Research Paper,True,0.5171449055027273,1750.1556263566197,8,28.827114967625413,2026-07-31 21:49:53.930473,63.54606292398221
AI2529,Fall 2026,Case Study,True,0.3786695375231535,1517.8299879788171,5,15.009360065191482,2026-07-19 21:49:53.931708,75.08425864498074
AI2530,Fall 2026,Case Study,True,0.4128959304454085,1577.5097838936827,4,29.649029418748697,2026-03-27 21:49:53.932244,67.14925069205951
AI2531,Summer 2026,Lab Report,True,0.27975993511725816,1117.3926247454465,11,6.24836592120004,2026-08-17 21:49:53.932729,78.57226662349055
AI2532,Fall 2026,Case Study,True,0.45114187384358845,1419.2132742519796,11,56.17260031987673,2026-05-21 21:49:53.933374,79.05529331099545
AI2533,Spring 2026,Lab Report,True,0.19974852062130444,1258.7982168417693,4,46.20016979468613,2026-04-08 21:49:53.933986,66.869843448974
AI2534,Summer 2026,Lab Report,False,0.37774073910659095,1867.0897585237635,5,18.96179536714211,2026-08-04 21:49:53.934725,76.66787306081761
AI2535,Fall 2026,Research Paper,False,0.6137181827195992,709.2909659324155,9,46.686955415378115,2026-07-17 21:49:53.935289,91.27310605959964
AI2536,Fall 2025,Case Study,False,0.12299960497595833,714.9898290600948,10,33.96109339337976,2026-04-10 21:49:53.935562,57.91197586285614
AI2537,Fall 2026,Case Study,False,0.3856630638149896,1222.718223342782,8,61.99423204174232,2026-05-07 21:49:53.935811,57.30204636908347
AI2538,Summer 2026,Research Paper,False,0.368313230793509,1630.681107610853,10,38.84510867253417,2026-08-01 21:49:53.936068,50.33094149735233
AI2539,Summer 2026,Literature Review,False,0.5718656296033692,847.165089095119,9,55.521125886062464,2026-06-22 21:49:53.936319,64.46690991564252
AI2540,Fall 2026,Lab Report,True,0.47789239099007513,808.7266767391511,11,15.361998965418442,2026-05-20 21:49:53.936820,73.37111422424178
AI2541,Fall 2026,Literature Review,True,0.5918526725476331,1430.6606672959454,8,47.66461044471099,2026-08-24 21:49:53.937272,85.09998124336983
AI2542,Summer 2026,Lab Report,False,0.3019172433524377,1488.3922621769623,10,43.57511096448138,2026-05-31 21:49:53.937542,60.09617884064194
AI2543,Summer 2026,Case Study,True,0.4024478271244845,576.5812418364425,7,25.594755159391664,2026-08-20 21:49:53.937789,77.88464388263911
AI2544,Fall 2026,Case Study,True,0.452544414922536,1074.6240234961124,5,26.6129018405038,2026-07-14 21:49:53.938085,77.46516083271518
AI2545,Summer 2026,Essay,True,0.5165210903003457,1736.437853838812,7,40.42244931305861,2026-05-29 21:49:53.938377,70.2337227515888
AI2546,Fall 2025,Literature Review,False,0.382106816550844,2784.389700216795,8,10.174978915091707,2026-06-12 21:49:53.938641,82.68223088766896
AI2547,Fall 2026,Case Study,False,0.3730663613304063,1694.4616645073843,5,21.006255565212644,2026-05-09 21:49:53.938887,100.0
AI2548,Spring 2026,Case Study,True,0.22486001180778836,1791.8860260297313,10,41.2305290807468,2026-06-09 21:49:53.939144,75.99104107519852
AI2549,Fall 2025,Essay,True,0.3462568884233805,1719.1978930024022,6,27.350913379970464,2026-08-25 21:49:53.939399,77.83796173890678
AI2550,Summer 2026,Research Paper,False,0.43798669472698537,1510.24964200949,8,41.9663450507341,2026-08-20 21:49:53.939653,100.0
AI2551,Summer 2026,Literature Review,True,0.4250916786541935,1862.0888707783463,9,22.640465864369666,2026-08-27 21:49:53.939904,76.1172732414526
AI2552,Spring 2026,Case Study,True,0.24349852490280272,1377.8623294549468,7,14.244636515782192,2026-05-06 21:49:53.940168,80.81674878826094
AI2553,Fall 2025,Lab Report,False,0.1414882010036534,2449.396550741433,5,22.177891015714057,2026-05-15 21:49:53.940424,71.47055977011743
AI2554,Fall 2026,Literature Review,True,0.7134653227186128,1166.4174441168368,9,21.049087949213412,2026-08-05 21:49:53.940689,72.28137358777737
AI2555,Fall 2026,Essay,True,0.6265193211344432,950.8059981032136,15,19.224195213769164,2026-05-08 21:49:53.940971,80.03156269697699
AI2556,Summer 2026,Case Study,False,0.31238607055927664,602.928240950235,11,27.688005371310464,2026-07-11 21:49:53.941241,80.2411860146729
AI2557,Summer 2026,Research Paper,True,0.5455490183180257,1806.8700767413698,2,24.191653125286173,2026-03-31 21:49:53.941483,79.73415207264459
AI2558,Spring 2026,Literature Review,True,0.42255662875090194,1827.4423651984944,9,22.354599307797585,2026-06-08 21:49:53.941730,74.83044314585564
AI2559,Spring 2026,Essay,False,0.36861790489146556,1458.4935909968704,3,36.11846525109256,2026-06-23 21:49:53.941980,76.02359651142697
AI2560,Fall 2025,Literature Review,True,0.396207205347279,1567.292438732594,8,15.367655440089342,2026-08-06 21:49:53.942224,78.50097569512157
AI2561,Spring 2026,Lab Report,False,0.2242323525561288,1394.3152268664173,10,30.82896014795064,2026-04-06 21:49:53.942480,50.51949525742371
AI2562,Summer 2026,Lab Report,True,0.371082981870895,1757.8773590376445,5,7.76654382271476,2026-04-19 21:49:53.942720,81.93008422897938
AI2563,Summer 2026,Essay,False,0.5627101995033369,1276.0338129379006,6,24.485860132916905,2026-03-26 21:49:53.943018,73.41646803973002
AI2564,Spring 2026,Essay,False,0.3886325244530026,1990.8480058661933,10,39.93280749148424,2026-08-28 21:49:53.943317,85.30052078475921
AI2565,Summer 2026,Lab Report,True,0.3541853677010805,1974.5883653432452,10,35.58396163694329,2026-05-12 21:49:53.943559,80.70226420667643
AI2566,Summer 2026,Literature Review,False,0.49717163347036064,1763.561376422596,9,37.34919727355747,2026-07-08 21:49:53.943807,73.22632069118231
AI2567,Fall 2025,Essay,True,0.31736619722402604,2395.5258093088723,10,32.86142176630701,2026-07-28 21:49:53.944056,78.171045936128
AI2568,Summer 2026,Case Study,False,0.3257113395193837,1312.279142743923,6,17.691109049234438,2026-05-06 21:49:53.944307,54.013885167259346
AI2569,Fall 2026,Research Paper,False,0.5413226307296457,1775.7394285680948,5,35.37370711988582,2026-07-26 21:49:53.944549,63.404220901123544
AI2570,Fall 2026,Research Paper,True,0.5979916424514901,1995.2092840292182,14,56.77815993701716,2026-05-09 21:49:53.944792,76.24977261927104
AI2571,Spring 2026,Case Study,False,0.26198032889773293,1475.7206394832747,1,34.54638420937343,2026-08-21 21:49:53.945045,78.93644910394454
AI2572,Spring 2026,Case Study,False,0.3169884068863875,1046.8282679408696,7,6.600510932189906,2026-07-19 21:49:53.945291,94.75806128105371
AI2573,Summer 2026,Essay,True,0.5128451757040333,1295.7263141679234,5,32.41596735567097,2026-03-27 21:49:53.945530,78.80448253075431
AI2574,Fall 2026,Essay,True,0.581475585640407,1399.6622635316678,8,61.467691737467945,2026-04-10 21:49:53.945775,73.83257307679698
AI2575,Fall 2026,Essay,False,0.5802332175286808,1116.6349742120694,6,21.724665575334633,2026-07-05 21:49:53.946075,72.4623573308945
AI2576,Fall 2026,Literature Review,True,0.6069090865154473,2146.8639787440725,10,47.00698782051457,2026-06-30 21:49:53.946613,79.89454858731216
AI2577,Spring 2026,Research Paper,True,0.37012294294277875,1712.3793558531072,7,18.70817053342711,2026-07-04 21:49:53.946924,83.44605449347617
AI2578,Summer 2026,Essay,True,0.5404155678410942,1941.4958142191645,10,27.412584462626487,2026-07-20 21:49:53.947785,78.91300504636331
AI2579,Fall 2026,Case Study,False,0.38643570162563495,803.822194807183,8,6.513112795310196,2026-08-26 21:49:53.948305,53.127112564696255
AI2580,Summer 2026,Lab Report,False,0.24415908267332628,1315.1350652635174,11,55.37387452946587,2026-08-28 21:49:53.948581,78.65121090037282
AI2581,Summer 2026,Essay,True,0.5787062287559595,2157.6956805983664,6,50.020475989506565,2026-06-08 21:49:53.948828,75.96735562123646
AI2582,Fall 2026,Essay,False,0.6121012265785273,1097.7796641605287,3,31.43013513659782,2026-05-05 21:49:53.949228,100.0
AI2583,Fall 2025,Literature Review,True,0.3241994582852404,1382.8469900544774,11,50.7985112884718,2026-08-14 21:49:53.949706,73.88862109015086
AI2584,Fall 2026,Research Paper,True,0.5245091494792616,1396.6352969143536,12,34.34135499486997,2026-05-12 21:49:53.950435,86.06293820594435
AI2585,Fall 2026,Case Study,False,0.36596264661992617,1576.8220089693125,5,38.60650890996972,2026-08-08 21:49:53.950902,83.0957892096549
AI2586,Spring 2026,Literature Review,False,0.4260304623526594,1070.5191262675237,6,51.26107480070343,2026-03-12 21:49:53.951351,36.00282719863322
AI2587,Fall 2026,Literature Review,True,0.6343134439531541,1536.9409874626342,8,23.99213651834994,2026-07-11 21:49:53.951767,76.83656198226859
AI2588,Fall 2026,Literature Review,True,0.6282682690108073,937.6134965574621,8,22.62948735584989,2026-07-07 21:49:53.952184,80.14116084480868
AI2589,Fall 2026,Literature Review,False,0.6630443964861779,1698.0952559130342,13,23.082888951154107,2026-03-17 21:49:53.952462,76.57000914587476
AI2590,Fall 2026,Research Paper,False,0.571530048543415,1775.063559064501,6,31.60116017857574,2026-06-02 21:49:53.952734,79.07771769187784
AI2591,Fall 2025,Case Study,False,0.15007805100155616,2049.7874480388627,9,49.05025357403922,2026-03-17 21:49:53.952995,76.2703360303175
AI2592,Fall 2025,Research Paper,False,0.24289142458952354,1720.932672371716,12,58.49400364254662,2026-04-23 21:49:53.953243,87.37570177080525
AI2593,Fall 2026,Research Paper,False,0.5552684195776145,1462.874818498261,5,48.31993962524534,2026-04-15 21:49:53.953485,83.43440684255276
AI2594,Spring 2026,Lab Report,False,0.2237203397183273,1604.6443577595203,9,37.65938815371088,2026-04-16 21:49:53.953749,58.66680251260431
AI2595,Fall 2026,Literature Review,True,0.5727475053163665,1617.1365407444373,8,36.63532936242025,2026-08-15 21:49:53.954004,84.32997300612482
AI2596,Fall 2025,Literature Review,False,0.30735983315274984,1864.3063988313727,8,19.099914343987397,2026-05-14 21:49:53.954261,70.61118477700919
AI2597,Fall 2026,Literature Review,True,0.5997535515823423,1384.041744216062,11,58.2559522210774,2026-04-14 21:49:53.954510,78.15700821146882
AI2598,Fall 2026,Case Study,False,0.4344670338130538,1718.9995792019163,15,8.727471025922226,2026-05-12 21:49:53.954763,83.16485199471214
AI2599,Fall 2026,Research Paper,True,0.5019275999341877,1284.0643853008926,11,11.160933632083399,2026-03-16 21:49:53.955010,73.99263307713132
AI2600,Fall 2026,Literature Review,True,0.5959966864626617,1586.9289817618467,6,58.90556046565925,2026-04-27 21:49:53.955277,80.46265730980592
AI2601,Fall 2025,Case Study,False,0.1369199431974427,948.0556513132867,9,31.9204110783143,2026-04-07 21:49:53.955541,72.12027546802858
AI2602,Spring 2026,Research Paper,True,0.362525877442191,1707.4190142154596,7,53.89331924790096,2026-05-09 21:49:53.955823,79.89262515608581
AI2603,Spring 2026,Research Paper,False,0.3020553551716903,806.1615460783844,3,67.74789770054423,2026-05-24 21:49:53.956110,67.49176841768924
AI2604,Summer 2026,Literature Review,True,0.5117021623586806,1558.580260495293,8,45.877203581404316,2026-06-30 21:49:53.956355,76.8521428802856
AI2605,Spring 2026,Literature Review,True,0.4734929716795382,1748.4729111394927,9,19.24308187126529,2026-05-28 21:49:53.956622,83.42505115392305
AI2606,Fall 2026,Case Study,False,0.4510168394700689,1530.4900706404887,7,65.01620634798051,2026-08-05 21:49:53.956878,74.31280697120845
AI2607,Summer 2026,Case Study,False,0.3739878003179189,1849.7840067422992,4,49.16539151236548,2026-03-12 21:49:53.957128,50.66852881080443
AI2608,Spring 2026,Lab Report,False,0.20898578543470286,1327.4088905537521,14,9.963350317041904,2026-05-28 21:49:53.957370,90.42981182738146
AI2609,Summer 2026,Literature Review,False,0.5210098973222962,1644.1367615585775,6,9.687769503503398,2026-05-17 21:49:53.957613,75.82145826343064
AI2610,Fall 2025,Essay,False,0.29547013164860486,2091.255993542578,11,44.67972002077168,2026-08-25 21:49:53.957854,73.09102288433213
AI2611,Fall 2025,Essay,True,0.2717776749582115,1705.6350196477374,4,63.27248310733928,2026-09-03 21:49:53.958102,77.87048458602189
AI2612,Fall 2025,Literature Review,True,0.32702167670790816,1589.3215405982974,12,23.447997857744372,2026-06-05 21:49:53.958349,80.33943575030776
AI2613,Spring 2026,Literature Review,False,0.3822186178531769,1314.6751778310604,8,44.24786137783508,2026-04-04 21:49:53.958597,73.92196465932898
AI2614,Fall 2026,Research Paper,True,0.5482510677689154,1199.646244168454,6,50.34441804209228,2026-08-10 21:49:53.958837,77.66365331242363
AI2615,Fall 2026,Research Paper,False,0.5142569192831721,1454.82640109049,3,53.53645365060634,2026-06-19 21:49:53.959090,70.4743496894466
AI2616,Fall 2026,Literature Review,False,0.6536453065603047,1844.573431353408,12,10.895968723880681,2026-07-27 21:49:53.959335,85.99485950985854
AI2617,Fall 2026,Research Paper,True,0.5453745301360784,1590.6325849934924,8,33.952558696839944,2026-07-07 21:49:53.959577,82.57645372651848
AI2618,Summer 2026,Research Paper,True,0.3399375632200079,1543.1180755327598,6,20.001850278897205,2026-07-09 21:49:53.959825,77.79501092100561
AI2619,Summer 2026,Research Paper,True,0.46507519578244555,2114.7181043058995,7,30.73239290355762,2026-08-19 21:49:53.960081,82.87310928893739
AI2620,Spring 2026,Case Study,False,0.23067750900236367,1981.3236739038384,8,9.013732585998994,2026-08-08 21:49:53.960329,76.10999463611496
AI2621,Fall 2025,Research Paper,False,0.18356483192481804,1954.7392577754977,8,21.85110357978938,2026-04-14 21:49:53.960571,65.42184929074564
AI2622,Fall 2026,Lab Report,True,0.45709255217632694,1198.9309913242462,5,32.841165654011306,2026-04-04 21:49:53.960823,80.39150039704462
AI2623,Fall 2025,Literature Review,False,0.4022169505661435,2197.1854127431666,7,27.34849998653065,2026-08-20 21:49:53.961143,71.31523509440532
AI2624,Fall 2026,Essay,False,0.642178340709153,1579.0526284879688,9,41.33997460924002,2026-05-28 21:49:53.961393,87.93589229990425
AI2625,Fall 2026,Lab Report,True,0.3600166033372212,1078.278960157781,6,43.336571059886715,2026-08-30 21:49:53.961654,78.40627043425755
AI2626,Summer 2026,Lab Report,False,0.24108774397426747,2026.3829423960324,8,53.76326549837669,2026-08-17 21:49:53.961905,100.0
AI2627,Spring 2026,Essay,False,0.3690898317876195,1542.381875534574,8,49.94461806848322,2026-03-16 21:49:53.962154,61.95039522028045
AI2628,Fall 2026,Research Paper,True,0.5676044389698797,1585.5847162921864,9,11.349386573741329,2026-06-09 21:49:53.962395,74.7345260079352
AI2629,Fall 2026,Essay,True,0.5762340991653015,902.5858934776975,10,35.77092852396633,2026-04-09 21:49:53.962643,72.41948402995325
AI2630,Fall 2025,Research Paper,False,0.25356803310276316,1449.756520063448,5,26.060906960305115,2026-05-22 21:49:53.963333,62.11764330914495
AI2631,Summer 2026,Lab Report,False,0.2595976725017752,2196.3972471701063,4,5.511296262424537,2026-07-28 21:49:53.963762,74.51993104515297
AI2632,Summer 2026,Literature Review,False,0.6708221535854921,1606.2550255771232,7,23.566038865463703,2026-08-14 21:49:53.964211,72.65871049143794
AI2633,Fall 2026,Lab Report,True,0.3712436108194741,1843.2663020436414,6,19.49719595151941,2026-07-15 21:49:53.964544,80.04215971146526
AI2634,Summer 2026,Research Paper,True,0.44508267545307645,1237.6367593458642,7,39.16758584048107,2026-08-03 21:49:53.964795,68.90085140263184
AI2635,Spring 2026,Case Study,True,0.24437436847184954,1801.0018858558178,11,31.206694894356335,2026-06-10 21:49:53.965247,76.04208431871172
AI2636,Fall 2025,Literature Review,False,0.34895389228959217,1474.913242167753,9,17.52439354203703,2026-05-03 21:49:53.965698,62.45619191374483
AI2637,Spring 2026,Literature Review,False,0.45965932497464634,1033.799051311659,13,58.800503129587256,2026-04-18 21:49:53.965950,70.94057548575364
AI2638,Spring 2026,Lab Report,False,0.1426172312331304,2160.84175441798,7,25.964058962227377,2026-03-18 21:49:53.966212,68.12211632766603
AI2639,Spring 2026,Essay,True,0.3708423956186212,1557.8811300734121,4,17.826316445045535,2026-08-26 21:49:53.966457,70.63412036931108
AI2640,Fall 2025,Literature Review,True,0.44171294791571075,1112.86535160063,7,44.56294027079707,2026-07-11 21:49:53.966709,83.79847422912141
AI2641,Spring 2026,Essay,True,0.427735339709496,1102.8006604492518,11,58.766915975422194,2026-07-11 21:49:53.966996,67.966305404493
AI2642,Fall 2025,Research Paper,False,0.24866033571596705,1893.7238320646309,16,23.584864507104726,2026-05-10 21:49:53.967262,79.93354943675189
AI2643,Fall 2026,Essay,False,0.5597237519276501,1741.242512889382,7,17.83846712998599,2026-07-26 21:49:53.967504,63.34036046459683
AI2644,Fall 2026,Literature Review,False,0.6641691020998183,584.86221853489,7,51.965797946132575,2026-05-05 21:49:53.967747,83.32362905523331
AI2645,Spring 2026,Lab Report,False,0.3075657172003374,2072.930087684874,14,44.26331363719169,2026-03-14 21:49:53.967997,75.00179893539817
AI2646,Fall 2025,Lab Report,False,0.1891098501057155,1645.1788956898533,4,36.383850582802964,2026-06-27 21:49:53.968241,78.53415947098543
AI2647,Fall 2025,Literature Review,True,0.4019291775250066,1775.9124374987073,6,29.505203458027434,2026-06-21 21:49:53.968484,83.47491895833706
AI2648,Summer 2026,Literature Review,False,0.5396879195421457,1220.5453691234206,10,31.536905636633616,2026-04-17 21:49:53.968731,68.16374458076
AI2649,Fall 2025,Literature Review,False,0.34598697616080915,740.0296060520203,10,41.69486640365493,2026-09-01 21:49:53.968980,74.28233381936526
AI2650,Fall 2026,Research Paper,False,0.5482348044917605,1252.0017661249053,11,14.065282515821318,2026-06-09 21:49:53.969230,74.55611603098382
AI2651,Fall 2025,Research Paper,False,0.2689612429658871,1755.3561232055056,13,20.686650532883476,2026-04-16 21:49:53.969472,84.3822102824133
AI2652,Fall 2026,Lab Report,False,0.4102697232595655,951.6077797680647,5,28.376802971644587,2026-03-30 21:49:53.969713,74.64283340447722
AI2653,Fall 2026,Literature Review,False,0.6393421160493724,1701.6715928483848,8,25.43837394832006,2026-06-19 21:49:53.969980,74.26421203554466
AI2654,Fall 2026,Literature Review,True,0.6396507520163324,1277.6262543132407,7,32.53007100213129,2026-05-02 21:49:53.970237,78.69051495662977
AI2655,Fall 2026,Case Study,True,0.39979262750922995,1763.5988551243133,8,18.13598740845022,2026-05-12 21:49:53.970487,85.94247337961231
AI2656,Fall 2026,Case Study,False,0.32312965760440726,1380.9714921510092,8,37.561711622701885,2026-06-20 21:49:53.970745,81.2253116226837
AI2657,Summer 2026,Essay,True,0.5097635910398272,1449.2865995050638,9,71.4421161736013,2026-06-20 21:49:53.970995,90.62320231784831
AI2658,Fall 2025,Literature Review,False,0.3105580817591104,1147.429573970518,14,33.45077056267117,2026-04-19 21:49:53.971249,76.50798583029041
AI2659,Fall 2026,Literature Review,True,0.7360092775598814,1698.6223588616067,8,67.47839016592746,2026-07-09 21:49:53.971491,83.58945857767259
AI2660,Summer 2026,Essay,False,0.5878871296659571,2048.6334320657147,10,58.60725296802842,2026-07-29 21:49:53.971736,67.87830509336737
AI2661,Fall 2026,Literature Review,True,0.648675235306251,1481.490849409701,9,29.97561869338165,2026-07-18 21:49:53.971999,79.2751486811492
AI2662,Fall 2025,Literature Review,False,0.3920184688726952,2129.214636379425,10,34.15007888315575,2026-06-21 21:49:53.972250,73.12317397995146
AI2663,Fall 2026,Research Paper,False,0.5982863528954474,1540.328912081538,15,3.530629762378851,2026-05-14 21:49:53.972490,79.73390406405377
AI2664,Summer 2026,Essay,True,0.48432163795780986,1151.9048859988136,11,36.31731864842847,2026-04-26 21:49:53.972729,86.50632008947694
AI2665,Fall 2026,Lab Report,False,0.39123722321565063,1497.3793731854405,6,60.50083591587957,2026-03-16 21:49:53.972980,63.71673956117944
AI2666,Fall 2025,Case Study,False,0.16957207495322163,1961.8663258319812,6,21.064915306885005,2026-03-30 21:49:53.973228,68.55667767892605
AI2667,Fall 2026,Case Study,False,0.4543172706633916,1656.32675376619,10,27.67434911143793,2026-04-18 21:49:53.973499,55.976826050133
AI2668,Fall 2026,Case Study,False,0.4066451532104861,1439.7120063609132,7,13.450304409610869,2026-07-27 21:49:53.973742,65.07371086756356
AI2669,Summer 2026,Lab Report,False,0.32356791429313514,1239.0380075607225,10,49.19332218497405,2026-06-02 21:49:53.973989,75.49469286677984
AI2670,Summer 2026,Lab Report,False,0.28592178216181,1509.2879848550244,9,56.0725981853553,2026-04-10 21:49:53.974234,90.49676136929054
AI2671,Fall 2026,Literature Review,True,0.6868115812372961,1377.7112920341742,15,35.4318380093028,2026-09-07 21:49:53.974478,87.82487800104838
AI2672,Fall 2026,Case Study,False,0.4532933124346785,1745.9199006377316,10,12.976802073471882,2026-09-01 21:49:53.974724,76.52838782500353
AI2673,Fall 2026,Essay,False,0.606871788490506,1953.2545261921687,6,27.97609617157109,2026-04-21 21:49:53.974969,71.81673038819795
AI2674,Spring 2026,Case Study,False,0.21572999997301945,1201.6230434224415,11,70.00922134455044,2026-07-31 21:49:53.975253,86.40795775805829
AI2675,Spring 2026,Essay,False,0.3620414506853672,1445.4279118487648,8,44.32506572440029,2026-03-30 21:49:53.975507,94.91442401325153
AI2676,Spring 2026,Essay,False,0.35544318149183796,1165.8619843233607,11,23.366107749138514,2026-05-30 21:49:53.975747,78.69918342514437
AI2677,Fall 2026,Lab Report,False,0.43070807248640663,2052.121199982212,5,52.052564227447085,2026-08-01 21:49:53.976036,100.0
AI2678,Fall 2025,Case Study,False,0.13539979988112893,2266.1620612928114,9,13.207614748243204,2026-07-14 21:49:53.976301,77.88881874623178
AI2679,Spring 2026,Essay,True,0.42565628555477353,2020.5320130949299,17,20.41693273031059,2026-06-04 21:49:53.976543,76.69222419358468
AI2680,Spring 2026,Lab Report,False,0.14585359483791427,1296.9344116760903,2,27.485637807918362,2026-09-01 21:49:53.976827,74.171194919274
AI2681,Summer 2026,Literature Review,False,0.5370011493090417,1882.714799675368,7,26.544868626238085,2026-05-17 21:49:53.977099,71.45799482695507
AI2682,Fall 2025,Literature Review,True,0.4181878740498271,1652.948461712187,10,50.75454263760737,2026-05-05 21:49:53.977354,73.27709253079769
AI2683,Fall 2025,Case Study,True,0.17521256994717033,1613.173306056777,6,14.904725917234021,2026-07-02 21:49:53.977620,77.04039070830807
AI2684,Fall 2026,Research Paper,True,0.6166000538766244,1742.1889160248281,7,22.990788872907302,2026-05-19 21:49:53.977871,78.87766918879788
AI2685,Spring 2026,Case Study,False,0.17368887218696266,996.2449615673394,11,11.562404519867664,2026-06-12 21:49:53.978123,70.94640339051577
AI2686,Spring 2026,Research Paper,False,0.2679928311988691,1575.1275938956253,4,12.882445054368109,2026-05-12 21:49:53.978367,69.20218700620869
AI2687,Fall 2026,Research Paper,False,0.5123274436643744,1092.0879443101828,9,20.051098234583797,2026-05-23 21:49:53.978612,93.09543554792948
AI2688,Fall 2025,Literature Review,False,0.4025886076402202,1151.9581432576172,7,14.962320160852089,2026-05-04 21:49:53.978853,69.47565394670431
AI2689,Spring 2026,Research Paper,False,0.3784546361956758,1551.0256394757787,6,16.24837863210009,2026-08-15 21:49:53.979331,90.17306495894715
AI2690,Fall 2025,Lab Report,True,0.049321862140833006,1660.7175624035428,7,51.26252706170108,2026-03-20 21:49:53.980327,84.77844939559063
AI2691,Summer 2026,Lab Report,True,0.31237720190435764,1676.5863248337728,6,11.3615540645106,2026-07-03 21:49:53.980830,74.72974529868324
AI2692,Summer 2026,Research Paper,True,0.48171702008175266,2126.0035684467557,8,73.50666102162965,2026-05-27 21:49:53.981333,77.17453663391863
AI2693,Spring 2026,Case Study,True,0.22016349206879468,879.4304384933106,8,50.59826110542179,2026-08-14 21:49:53.981859,81.92830995203659
AI2694,Fall 2025,Lab Report,False,0.09726046321910832,1849.2654908443997,6,41.93351273370899,2026-06-09 21:49:53.982390,61.17697864690138
AI2695,Fall 2026,Literature Review,True,0.6292284836819695,1534.4344328206741,7,22.379781992691626,2026-07-10 21:49:53.983211,79.57766929747703
AI2696,Summer 2026,Case Study,True,0.4014697729338994,1711.4612217414153,12,51.403128835433954,2026-09-05 21:49:53.984176,72.9968879930471
AI2697,Fall 2026,Lab Report,True,0.2912195483355142,1487.2003798661121,8,75.61789835006375,2026-08-19 21:49:53.985089,83.43814224356667
AI2698,Fall 2025,Research Paper,False,0.25519601986821866,1764.1516972055942,11,7.380011703017993,2026-06-11 21:49:53.985776,60.69393630953172
AI2699,Fall 2025,Research Paper,True,0.27273395797119504,935.6191597120835,7,54.62736302688579,2026-04-16 21:49:53.986614,82.1936816060071
AI2700,Summer 2026,Lab Report,False,0.34043161736265487,1400.9549474932207,8,60.26762849511778,2026-06-21 21:49:53.987329,75.91291396394334
AI2701,Spring 2026,Essay,False,0.4024959809767362,658.8134948093877,10,51.99910794937337,2026-06-01 21:49:53.987842,76.18150122384945
AI2702,Summer 2026,Research Paper,True,0.5427859040907133,918.262786809602,10,28.557052027258596,2026-05-29 21:49:53.988322,75.8214629713178
AI2703,Fall 2026,Essay,True,0.5360232181804762,1542.4718179306628,10,40.51674172615114,2026-05-09 21:49:53.988769,72.80132505037957
AI2704,Spring 2026,Essay,True,0.28017540933007257,1321.1694306587572,7,28.025062641031962,2026-05-18 21:49:53.989414,82.42239277506526
AI2705,Fall 2025,Lab Report,False,0.10777453544694254,1138.621808274716,11,35.08810470601113,2026-09-03 21:49:53.989897,69.84664931547454
AI2706,Spring 2026,Essay,False,0.3862380846026389,968.1200398251176,13,21.059871102832403,2026-04-01 21:49:53.990387,76.6498760624706
AI2707,Fall 2026,Essay,False,0.5580237250697202,2511.639914107055,13,34.67274494533,2026-03-18 21:49:53.990914,88.54017734431427
AI2708,Fall 2026,Case Study,True,0.3819212801607127,931.7681342155006,11,38.06885131531242,2026-09-01 21:49:53.991429,76.18538043845106
AI2709,Summer 2026,Essay,False,0.44390954846504654,1916.8993433731976,10,60.567477264666536,2026-06-06 21:49:53.992127,70.35698033839799
AI2710,Summer 2026,Essay,False,0.507061829983135,1298.990408099464,6,71.3962089696726,2026-08-21 21:49:53.992618,70.47610153073876
AI2711,Spring 2026,Research Paper,False,0.2585367414981378,1295.6498633059573,12,43.855634023906525,2026-08-12 21:49:53.993049,61.794449259466674
AI2712,Fall 2026,Lab Report,True,0.28985159924084014,1087.8111210120449,7,3.5491030939234056,2026-06-07 21:49:53.993345,74.20812297119973
AI2713,Spring 2026,Essay,False,0.42489768018869173,1448.0981884209602,9,22.977229537333855,2026-03-19 21:49:53.993599,89.13707562831962
AI2714,Fall 2025,Research Paper,False,0.27946894761134755,358.9366487535117,8,6.817306236512005,2026-08-05 21:49:53.993846,71.34580453836314
AI2715,Fall 2026,Lab Report,False,0.35287570445584715,1716.0343856986692,12,54.94506046079559,2026-05-08 21:49:53.994128,67.23217847082887
AI2716,Fall 2025,Lab Report,False,0.07414001559888997,1727.6411213794852,8,14.32261856803565,2026-06-22 21:49:53.994373,95.54504184488391
AI2717,Spring 2026,Literature Review,False,0.40206308815191794,1614.0577190912377,10,4.421946788774449,2026-05-27 21:49:53.994632,81.85933410003733
AI2718,Summer 2026,Case Study,False,0.32916598082643145,1755.387925061866,6,40.168340995301065,2026-08-20 21:49:53.994881,67.42036838893115
AI2719,Fall 2025,Case Study,False,0.1228110845196457,1578.2108370379317,10,15.127879211228926,2026-03-26 21:49:53.995176,89.0346483514137
AI2720,Fall 2026,Essay,True,0.5766848961755556,1600.8860415375302,10,35.38506309097057,2026-08-17 21:49:53.995551,78.43425146620943
AI2721,Fall 2025,Research Paper,False,0.2759064849841081,1284.7676282550894,7,19.6863212452446,2026-04-14 21:49:53.995940,89.49112709914247
AI2722,Fall 2026,Research Paper,False,0.5324977420965205,1261.844953632671,4,18.585576325164293,2026-06-24 21:49:53.998229,91.49820488964787
AI2723,Summer 2026,Literature Review,True,0.5879568021520901,1847.7287558489952,9,40.61124567059935,2026-07-01 21:49:53.998885,86.16597392312254
AI2724,Spring 2026,Lab Report,False,0.18852671739931726,1385.5428997009542,8,46.29817454039623,2026-08-02 21:49:53.999455,77.91023911347341
AI2725,Summer 2026,Case Study,True,0.3886033848948351,1799.748536051855,2,24.457438779864287,2026-07-26 21:49:53.999913,76.71772549344426
AI2726,Summer 2026,Literature Review,False,0.5169758735572242,1423.837736747747,11,80.17396459233443,2026-08-21 21:49:54.000388,72.80442990805275
AI2727,Fall 2026,Essay,False,0.6075992750716369,1231.0846005989101,13,54.11138020152585,2026-06-11 21:49:54.000714,100.0
AI2728,Spring 2026,Case Study,False,0.24847693380625518,1044.2773091180882,13,2.1947826962819827,2026-05-04 21:49:54.001075,67.51353663201779
AI2729,Summer 2026,Research Paper,False,0.4653461667853936,1226.1397626257374,8,43.47447662664858,2026-03-30 21:49:54.001415,54.60944740635495
AI2730,Summer 2026,Literature Review,True,0.549797252526497,1782.1862773426428,9,10.9536639868492,2026-08-27 21:49:54.001730,78.86124065128
AI2731,Summer 2026,Research Paper,False,0.44850510712729064,1103.5064101921623,4,11.343246766323693,2026-03-22 21:49:54.002107,64.70555126223684
AI2732,Fall 2026,Essay,True,0.5990122390139819,1797.8715761310636,4,36.97192526143663,2026-08-30 21:49:54.002530,72.33945907308774
AI2733,Fall 2026,Case Study,False,0.4367432252050861,1372.3867308725096,8,12.788294322824619,2026-07-25 21:49:54.003033,100.0
AI2734,Fall 2025,Lab Report,False,0.0905005619818762,654.3302580397253,9,19.395372102320106,2026-05-12 21:49:54.003512,98.79395916657138
AI2735,Fall 2026,Essay,False,0.5375427392481619,1759.500925156179,4,55.9799728789138,2026-09-06 21:49:54.003976,61.58065180848606
AI2736,Summer 2026,Essay,True,0.4340051784369687,1690.3583372015535,6,12.777592640794836,2026-07-13 21:49:54.004442,71.5053122632801
AI2737,Fall 2025,Lab Report,False,0.08184122246323247,2389.867964075511,8,43.7713348508095,2026-03-13 21:49:54.004902,69.35455300383728
AI2738,Fall 2026,Case Study,True,0.5058860676123312,1314.2761434368551,7,29.484982753819523,2026-08-31 21:49:54.005399,77.57421752871586
AI2739,Fall 2025,Case Study,False,0.20661425233135652,1936.4798786064403,8,12.610825662463062,2026-05-10 21:49:54.005880,57.48263150607297
AI2740,Fall 2026,Research Paper,False,0.5508579123791771,2083.1665778868582,17,70.71773743049694,2026-06-28 21:49:54.006406,81.77958225022094
AI2741,Fall 2025,Case Study,False,0.17505551583410875,1042.789029434539,6,23.616786385165458,2026-06-11 21:49:54.006856,78.62398349222774
AI2742,Summer 2026,Essay,False,0.5646049239774249,1274.5885858911938,6,19.53724222766414,2026-08-15 21:49:54.007351,70.91886129187164
AI2743,Fall 2025,Literature Review,False,0.2578297326476463,1738.8149616194548,10,60.96245195747064,2026-05-05 21:49:54.007801,71.52086004361982
AI2744,Summer 2026,Essay,True,0.4846586609543201,1758.9345566120887,5,19.174850142004388,2026-06-13 21:49:54.008283,69.74183369014611
AI2745,Summer 2026,Case Study,False,0.24427744204409682,960.944776614263,11,4.230502752194167,2026-05-06 21:49:54.008768,83.64329889495953
AI2746,Summer 2026,Research Paper,True,0.5646725710009942,1806.4451353748411,5,43.21686863961601,2026-07-31 21:49:54.009276,81.37957847215112
AI2747,Spring 2026,Research Paper,True,0.3797400455836544,1346.3894347024204,5,36.65441421450152,2026-08-18 21:49:54.009733,78.07581696703515
AI2748,Fall 2026,Research Paper,True,0.5865969871948292,1554.2704046192812,5,22.753696059890345,2026-08-10 21:49:54.010221,82.6208575004666
AI2749,Fall 2026,Essay,True,0.6637635081575258,1843.0306542880894,9,29.9215437146977,2026-08-06 21:49:54.010672,74.61413327697332
AI2750,Summer 2026,Case Study,False,0.38545843998421797,757.9816562254188,10,37.47593073097143,2026-06-13 21:49:54.011441,83.75594638470311
AI2751,Spring 2026,Research Paper,True,0.4192072780482034,1787.176246273616,7,71.92002906909879,2026-03-24 21:49:54.011906,77.39610762562603
AI2752,Summer 2026,Lab Report,False,0.23682292169732347,1676.6869353341415,12,1.0188940832643303,2026-07-12 21:49:54.012240,77.36777833731755
AI2753,Summer 2026,Research Paper,False,0.41303695047143646,911.5064421076747,10,26.877957307377432,2026-03-14 21:49:54.012489,66.83185573825214
AI2754,Summer 2026,Research Paper,True,0.4369883188800772,1021.6948528772264,9,11.515032272070316,2026-03-25 21:49:54.013253,78.21611145021132
AI2755,Spring 2026,Lab Report,False,0.19954795818306229,1581.359361702565,9,42.65780999598599,2026-06-18 21:49:54.014072,86.06627112396723
AI2756,Fall 2026,Essay,True,0.5761062045963667,1073.3548782736154,9,4.8849944099689635,2026-06-20 21:49:54.014373,70.65701800851721
AI2757,Fall 2026,Lab Report,False,0.3066510004463439,756.3156817078279,4,17.96463322957668,2026-04-24 21:49:54.014645,72.61015568993255
AI2758,Spring 2026,Literature Review,True,0.4354247871543906,1572.2722700989382,9,16.059129681679345,2026-04-27 21:49:54.014939,82.0951371029791
AI2759,Summer 2026,Lab Report,True,0.2616841605292347,1511.7694778843338,10,41.90181906716296,2026-06-01 21:49:54.015232,84.17742510103757
AI2760,Spring 2026,Essay,False,0.33651733449039467,1857.4220395109435,5,71.33610896945058,2026-07-28 21:49:54.015482,66.77164218172015
AI2761,Fall 2026,Lab Report,False,0.3679280792143991,1852.549259451262,9,11.789431474378764,2026-08-13 21:49:54.015723,90.67233151106858
AI2762,Fall 2026,Case Study,True,0.5151071279879096,732.7181994893899,7,16.28975071929605,2026-04-29 21:49:54.016104,77.04997549270497
AI2763,Summer 2026,Research Paper,True,0.4513039126634643,1497.9633813746739,7,26.50196229859489,2026-07-13 21:49:54.016567,80.7625484262648
AI2764,Fall 2026,Literature Review,True,0.725639960293357,1327.647335066141,7,16.69379121908053,2026-04-10 21:49:54.017116,78.90484032769997
AI2765,Summer 2026,Case Study,True,0.4068904970180549,2550.839277600967,11,26.65860405591368,2026-05-15 21:49:54.017866,85.73937203114524
AI2766,Summer 2026,Lab Report,False,0.2616765651152397,667.8926707529743,7,22.812580063748516,2026-03-25 21:49:54.018609,59.107906758875075
AI2767,Fall 2025,Research Paper,False,0.29482210619685467,2081.787195949776,5,9.873335119946917,2026-05-11 21:49:54.019119,79.13600878853023
AI2768,Fall 2026,Literature Review,True,0.6179878379231251,1619.8025999374438,6,33.5750966642365,2026-03-22 21:49:54.019597,80.12308963963591
AI2769,Spring 2026,Lab Report,True,0.20645335853547314,858.5023870446408,10,40.19238819872808,2026-08-21 21:49:54.020210,73.18622649995834
AI2770,Fall 2026,Case Study,True,0.4710088539842967,1650.7912522410284,13,31.221622729584492,2026-07-31 21:49:54.020692,75.28184711196201
AI2771,Fall 2026,Literature Review,True,0.6191997529912915,2028.2513881309471,7,15.832509735872438,2026-05-18 21:49:54.021216,72.79720301229402
AI2772,Fall 2026,Essay,False,0.585473388833043,1454.7857881821103,9,11.964384631441566,2026-05-06 21:49:54.021698,83.04905034057965
AI2773,Spring 2026,Research Paper,True,0.31301555774536716,1081.1284633533796,8,29.181085986196486,2026-04-17 21:49:54.022178,85.08110233257767
AI2774,Fall 2025,Essay,False,0.3053892501977458,1750.6421905580537,5,34.75873253180433,2026-04-30 21:49:54.022648,56.71558584807089
AI2775,Spring 2026,Lab Report,False,0.12117573873867485,1228.9481704588447,11,31.18823898707837,2026-08-14 21:49:54.023107,77.48912899165266
AI2776,Summer 2026,Research Paper,True,0.4669778824304527,1384.296448344474,3,5.1487755957001164,2026-05-28 21:49:54.023618,78.45356201222579
AI2777,Summer 2026,Literature Review,False,0.6309374420238971,1780.5219763895975,16,42.12399765039302,2026-06-18 21:49:54.024115,85.18462313208575
AI2778,Fall 2025,Literature Review,False,0.3565011361678347,1766.0607781083907,10,18.64775417099882,2026-05-10 21:49:54.024642,63.30927597670094
AI2779,Fall 2025,Essay,True,0.3721009873678736,2154.1977233752596,6,39.06019160810428,2026-05-03 21:49:54.025134,83.59039456671042
AI2780,Fall 2025,Lab Report,False,0.08153310324946146,952.8307383183343,9,17.279649572199016,2026-05-29 21:49:54.025595,68.74569552773134
AI2781,Spring 2026,Case Study,False,0.2698559683593755,1818.3011871198266,7,28.340083281825617,2026-07-31 21:49:54.026022,83.5429829395908
AI2782,Summer 2026,Essay,False,0.4374623861681697,1243.2651032844378,10,19.564768457967464,2026-03-17 21:49:54.026294,76.7627925111863
AI2783,Spring 2026,Case Study,False,0.30925502708822206,1488.593104109604,4,20.392060584267362,2026-05-05 21:49:54.026543,67.68937909068573
AI2784,Spring 2026,Lab Report,True,0.14348580049001006,1829.373579472629,10,37.96038605517442,2026-06-12 21:49:54.026788,69.53976865519046
AI2785,Fall 2026,Research Paper,True,0.49024679100460544,1740.2016795968727,12,57.38411303851905,2026-04-26 21:49:54.027253,80.06531801867571
AI2786,Fall 2026,Essay,False,0.5810384478326188,1244.0839558050052,8,74.2944913788958,2026-03-23 21:49:54.027727,44.499242972025286
AI2787,Spring 2026,Research Paper,False,0.39978309010579993,1553.4462289300834,6,45.52464574384415,2026-05-30 21:49:54.028000,83.93644758094227
AI2788,Fall 2026,Essay,False,0.5918616614413925,1560.5246121797652,10,30.363762993804404,2026-07-25 21:49:54.028251,72.7993713806208
AI2789,Summer 2026,Lab Report,False,0.2564578708507951,1175.4172178505385,9,17.287614054136803,2026-05-24 21:49:54.028497,73.22572215562492
AI2790,Fall 2026,Case Study,True,0.4677961135467803,1795.730589189285,8,76.72966686224628,2026-07-21 21:49:54.028740,86.33359683891156
AI2791,Summer 2026,Essay,True,0.6241056752541397,1637.3628574866616,11,5.546326398071234,2026-08-27 21:49:54.029008,78.40607916976457
AI2792,Fall 2025,Case Study,False,0.16283910839388924,961.9348243092809,6,20.569726857135432,2026-05-08 21:49:54.029638,65.8168764608978
AI2793,Summer 2026,Literature Review,True,0.5504957623037379,1234.44384197862,6,37.50725326177366,2026-07-13 21:49:54.030356,82.37041926481058
AI2794,Fall 2026,Lab Report,False,0.328251047991378,952.9883158889177,7,34.31272163031619,2026-05-10 21:49:54.030837,60.22262948193382
AI2795,Summer 2026,Essay,False,0.5251061519378568,802.6517533518463,13,54.96865496894539,2026-08-11 21:49:54.031718,80.72428174263977
AI2796,Spring 2026,Case Study,False,0.30942959937044673,1556.6798278130777,8,5.074428248092702,2026-05-07 21:49:54.032104,80.09880445251918
AI2797,Fall 2026,Literature Review,False,0.7092655104374128,1055.499993195356,10,19.856948753761383,2026-08-21 21:49:54.032389,65.82550453811203
AI2798,Spring 2026,Research Paper,False,0.3889589298737882,1613.4897194814262,8,5.787261497073807,2026-07-23 21:49:54.032632,67.15337641597839
AI2799,Summer 2026,Essay,True,0.43135523678061327,1127.873408144086,10,56.384171353579674,2026-07-09 21:49:54.032874,82.2923478759569
AI2800,Fall 2025,Essay,False,0.21198181663618448,1159.8910458651644,8,49.43694378881601,2026-07-23 21:49:54.033158,88.2549010521329
AI2801,Fall 2026,Case Study,True,0.5018718559641865,1078.18710568107,6,29.678233726846297,2026-08-30 21:49:54.033410,83.67678529534638
AI2802,Fall 2026,Essay,True,0.6114925606031275,1635.24769546411,8,50.80964316476615,2026-07-13 21:49:54.033658,76.70979716554965
AI2803,Spring 2026,Case Study,False,0.21223136379866891,1343.9860078323159,8,15.908912289466615,2026-05-07 21:49:54.033906,88.9378893705449
AI2804,Summer 2026,Lab Report,True,0.2545117153966585,1089.029384728605,1,27.86781656908705,2026-06-04 21:49:54.034158,75.72454835157896
AI2805,Fall 2026,Lab Report,False,0.3752942109654021,2149.8558068737448,15,17.32144103393279,2026-06-22 21:49:54.034405,74.96041328799517
AI2806,Summer 2026,Lab Report,True,0.22138353742742187,1323.5068663417903,8,17.130933856961356,2026-03-21 21:49:54.034646,76.12591459027266
AI2807,Summer 2026,Lab Report,False,0.3145843383907565,1157.6812347155117,6,12.445691241114751,2026-04-12 21:49:54.034909,61.60513998205922
AI2808,Fall 2026,Essay,False,0.5911103227719766,1052.6986792995547,8,18.469711990099768,2026-03-25 21:49:54.035175,43.843330273257884
AI2809,Fall 2026,Literature Review,False,0.6188785068141522,2377.185918135747,6,20.219354083396652,2026-03-25 21:49:54.035431,80.80102632720741
AI2810,Fall 2026,Lab Report,False,0.3977034686407141,2248.6685678408076,5,54.45858474622476,2026-06-04 21:49:54.035676,84.94692746766671
AI2811,Fall 2025,Literature Review,False,0.33828301196788607,1473.3119377135506,2,24.456255198124854,2026-04-06 21:49:54.035919,99.0132191121806
AI2812,Fall 2026,Case Study,False,0.39673171798848883,1391.8944432228097,9,29.781932478389088,2026-05-08 21:49:54.036232,65.18746080459555
AI2813,Fall 2026,Lab Report,False,0.40708292469011453,1479.8616262369458,10,35.613886130658955,2026-07-06 21:49:54.036477,90.73591775444879
AI2814,Fall 2026,Research Paper,False,0.4220207358326704,1457.0462758847527,8,30.98623147141745,2026-04-17 21:49:54.036719,93.4226794886959
AI2815,Summer 2026,Research Paper,False,0.5106585415938792,2003.7236550264759,13,46.69332763373466,2026-08-11 21:49:54.036975,76.88237563988692
AI2816,Fall 2026,Case Study,False,0.515416430920202,1761.9735187227748,4,26.044805777609493,2026-06-16 21:49:54.037229,57.84785429639757
AI2817,Fall 2025,Literature Review,False,0.4281359502052855,1161.5706594627427,15,42.96943591417265,2026-08-19 21:49:54.037491,71.04986075221625
AI2818,Summer 2026,Research Paper,False,0.5321798874488131,2041.3166728940587,7,43.22023000924984,2026-08-25 21:49:54.037732,64.1207523927875
AI2819,Spring 2026,Literature Review,True,0.38164953189942696,1808.3860902434967,9,17.691375258170396,2026-07-15 21:49:54.037984,76.44214517401251
AI2820,Fall 2026,Literature Review,True,0.7090603987321221,1401.0769779233021,11,26.204314351595382,2026-05-02 21:49:54.038235,78.14479521755997
AI2821,Fall 2026,Case Study,True,0.5159867828221223,1684.4028176851682,6,6.828784031194671,2026-04-02 21:49:54.038482,77.93166260495977
AI2822,Fall 2026,Essay,True,0.5942878552861753,1484.8930229513678,8,50.79818170443979,2026-08-05 21:49:54.038729,80.09893310556251
AI2823,Fall 2026,Lab Report,True,0.425584288020946,1975.892145282,9,44.37141484578843,2026-06-23 21:49:54.038989,84.57691999798297
AI2824,Summer 2026,Research Paper,False,0.47755642004385435,971.0201565748282,4,2.926115112629226,2026-08-10 21:49:54.039244,54.03257454549992
AI2825,Summer 2026,Essay,False,0.4929341314640323,1675.7121007185613,9,12.886226819797816,2026-07-02 21:49:54.039486,77.90481941422681
AI2826,Summer 2026,Case Study,False,0.30525205150779394,964.1437799611281,9,11.287541384214052,2026-03-27 21:49:54.039732,74.33237901829119
AI2827,Fall 2025,Literature Review,False,0.354272215494405,1329.6667644433144,3,14.359254700281523,2026-06-04 21:49:54.039985,83.64685940447852
AI2828,Fall 2026,Essay,False,0.5847682524359756,1248.946874952604,7,61.67536641948569,2026-06-15 21:49:54.040229,93.71758498839782
AI2829,Summer 2026,Essay,False,0.4713595845437918,1483.6644663762297,9,15.414421263088773,2026-08-26 21:49:54.040470,78.08443960227874
AI2830,Summer 2026,Lab Report,False,0.3129357778542017,1764.362371384542,6,57.40381936321811,2026-08-15 21:49:54.040715,83.06475726404574
AI2831,Fall 2026,Research Paper,True,0.5235589895128073,1015.4279890467373,5,69.7725634744639,2026-03-28 21:49:54.040972,82.96839661527333
AI2832,Fall 2026,Research Paper,False,0.4976539070543511,1734.663839610275,8,2.4182565606321127,2026-05-31 21:49:54.041229,54.61826564229173
AI2833,Fall 2026,Research Paper,False,0.6128251335625132,1451.248264311614,5,59.39556924825639,2026-08-16 21:49:54.041471,71.72843611517592
AI2834,Spring 2026,Essay,True,0.3992519676614591,1339.9618445932963,7,40.07608846962815,2026-05-02 21:49:54.041711,80.0735469642963
AI2835,Fall 2026,Literature Review,False,0.6396008493512829,1127.597887092546,8,59.35711289197351,2026-07-22 21:49:54.041991,74.21941386316774
AI2836,Spring 2026,Literature Review,False,0.46058742095498484,1456.9219976637664,11,41.55188856840938,2026-04-21 21:49:54.042264,86.37522597032574
AI2837,Fall 2026,Lab Report,True,0.435414230540233,2083.2080425110016,10,37.571061533985336,2026-08-12 21:49:54.042525,81.77577986786372
AI2838,Fall 2025,Lab Report,False,0.13996005690455415,1684.7120263082843,12,30.410673632105905,2026-05-07 21:49:54.042776,67.54594180574227
AI2839,Fall 2025,Case Study,False,0.07129626968538617,1086.7101242787294,10,21.273145390569326,2026-08-01 21:49:54.043186,67.90872134920463
AI2840,Spring 2026,Case Study,False,0.26473200366294725,1160.4377461022395,7,44.300746027029525,2026-07-22 21:49:54.043737,76.80232004276276
AI2841,Summer 2026,Literature Review,True,0.5404985874352154,1245.9775134395825,11,13.736116205756717,2026-05-24 21:49:54.044264,77.45063221698075
AI2842,Summer 2026,Essay,True,0.5579671708977935,1967.8503962574666,12,70.49331821896257,2026-05-06 21:49:54.044680,81.30722743112642
AI2843,Fall 2026,Essay,False,0.5827809019831566,1147.285669802063,4,19.149573770574086,2026-03-29 21:49:54.045177,76.8018459723711
AI2844,Spring 2026,Research Paper,True,0.38325174063180234,1057.9656373470673,12,14.661269760039461,2026-04-10 21:49:54.045692,75.05265241623009
AI2845,Fall 2025,Research Paper,False,0.24476306537201273,1471.4012998819624,8,69.26419804905673,2026-05-12 21:49:54.046618,67.96993181000705
AI2846,Fall 2026,Lab Report,True,0.39349903329585134,981.0964835179107,8,24.791047642137602,2026-07-01 21:49:54.047767,73.96944791890844
AI2847,Spring 2026,Essay,False,0.345338604191346,1862.259789994345,6,15.765862297396293,2026-04-05 21:49:54.048328,96.6728365566753
AI2848,Spring 2026,Lab Report,False,0.16729784329977088,1853.610670067097,4,41.89759607544729,2026-09-07 21:49:54.048806,79.94692002457678
AI2849,Spring 2026,Essay,False,0.3842906726732944,1887.3794869664123,7,20.260488125640826,2026-05-13 21:49:54.049176,82.13649978670915
AI2850,Fall 2026,Essay,True,0.6042134154261286,880.6452142904163,11,28.151876378808876,2026-08-17 21:49:54.049425,78.648048715864
AI2851,Summer 2026,Case Study,False,0.444255188672718,1680.0961210320584,9,25.25664268967959,2026-08-08 21:49:54.049676,65.9953779331984
AI2852,Summer 2026,Lab Report,False,0.3407298204216867,1414.51418476135,12,25.497034406561397,2026-06-09 21:49:54.049918,81.15417431274986
AI2853,Summer 2026,Essay,True,0.5631810323277737,1749.3341809244387,5,32.575907979558174,2026-06-29 21:49:54.050169,83.20035398951471
AI2854,Summer 2026,Literature Review,True,0.6168306579622014,1367.3654767341918,12,10.390299834190596,2026-04-01 21:49:54.050419,76.32342261566183
AI2855,Fall 2025,Research Paper,False,0.28667214352580545,997.6410845484934,3,42.781488335886145,2026-05-14 21:49:54.050669,80.34917111640215
AI2856,Spring 2026,Essay,False,0.4179889001835428,775.9716946829178,6,46.100027647086065,2026-05-30 21:49:54.050953,65.2572759352146
AI2857,Fall 2025,Case Study,False,0.10407467821687469,2005.6358582666594,7,36.025676374536545,2026-03-16 21:49:54.051258,63.47411848757197
AI2858,Spring 2026,Lab Report,False,0.22068423095235393,1404.2889167406724,9,67.33473665429457,2026-06-02 21:49:54.051504,56.9504670874248
AI2859,Fall 2026,Literature Review,False,0.6973031013608668,1411.1081384300571,13,37.12472889680433,2026-09-07 21:49:54.051748,78.01976208880897
AI2860,Fall 2025,Research Paper,False,0.21604679866720544,1221.562132859676,7,47.64930886481253,2026-03-21 21:49:54.052017,77.3105085285317
AI2861,Fall 2026,Essay,True,0.6482994096512026,1506.693887371042,13,35.012683248449434,2026-08-19 21:49:54.052267,78.49538154287961
AI2862,Spring 2026,Essay,False,0.37199439264964235,2040.1226922067262,9,32.843013659042256,2026-04-16 21:49:54.052518,70.30910700762034
AI2863,Fall 2026,Literature Review,False,0.661399241808267,1722.2763852207981,9,58.030617323706345,2026-08-13 21:49:54.052759,67.55430846427357
AI2864,Spring 2026,Case Study,True,0.2499295938657433,1891.359103493745,7,3.288908283585163,2026-07-19 21:49:54.053006,78.8188825965644
AI2865,Summer 2026,Research Paper,False,0.42192500349304013,1487.3961084614675,9,32.830082996486446,2026-05-09 21:49:54.053255,67.7578501524506
AI2866,Fall 2025,Essay,False,0.30144389628891216,1587.7029207160288,7,21.875252505445513,2026-04-11 21:49:54.053497,85.39531679108472
AI2867,Fall 2026,Research Paper,True,0.5064989855806753,1468.6838756376972,10,10.664505950615794,2026-08-10 21:49:54.053737,75.61486277296443
AI2868,Fall 2026,Research Paper,True,0.5462846083568174,1355.5307321184418,8,51.2500136764659,2026-03-23 21:49:54.054002,71.610461405935
AI2869,Fall 2026,Research Paper,True,0.5630149917327995,1084.8893748898856,7,31.80059371460713,2026-08-03 21:49:54.054255,78.80270319653442
AI2870,Fall 2026,Research Paper,True,0.5557076884213636,863.2860708046129,6,20.543863126286745,2026-08-31 21:49:54.054505,75.02408139208039
AI2871,Fall 2025,Research Paper,False,0.27126286243758624,1491.926525615051,9,33.24487753380909,2026-06-24 21:49:54.054755,72.6655772700622
AI2872,Fall 2026,Essay,True,0.5987385199631216,1228.3413355798182,5,18.472503340786396,2026-05-15 21:49:54.055004,81.39726838762002
AI2873,Summer 2026,Literature Review,True,0.5022964025431736,1264.5963010337773,8,13.996234693042334,2026-04-30 21:49:54.055260,81.32279554206974
AI2874,Spring 2026,Essay,False,0.4736402908184365,1474.8748037228986,5,36.38100544686233,2026-03-18 21:49:54.055509,79.79419121245482
AI2875,Fall 2025,Research Paper,True,0.2773315311002433,1588.8670993287444,12,28.666922648869033,2026-06-20 21:49:54.055764,74.57164957583375
AI2876,Fall 2026,Literature Review,True,0.7404427237272825,1179.2459880026472,4,38.29726707234536,2026-06-18 21:49:54.056019,78.4871487246674
AI2877,Spring 2026,Essay,True,0.45892655826491563,1280.9216044759642,5,17.027529080648172,2026-05-24 21:49:54.056269,86.48920448318995
AI2878,Fall 2025,Research Paper,False,0.2702150712795276,1120.2080641165594,8,32.05477193155152,2026-04-27 21:49:54.056518,53.968820857655814
AI2879,Fall 2025,Research Paper,False,0.19208184865617078,1918.361084711195,12,43.86152677829283,2026-04-16 21:49:54.056759,70.21647526146089
AI2880,Fall 2026,Literature Review,True,0.6214541496714101,1706.7490678241961,6,14.247950933753586,2026-04-17 21:49:54.057032,79.62602664666191
AI2881,Fall 2025,Essay,False,0.3520668583264024,2107.527325985101,9,28.63563154467442,2026-06-22 21:49:54.057283,83.10812923001166
AI2882,Fall 2026,Research Paper,False,0.5348662600097578,2048.8453556766563,7,24.304536609048085,2026-08-18 21:49:54.057525,78.96379337740314
AI2883,Summer 2026,Essay,True,0.5124174158058983,1409.6642088751323,11,19.160961692269012,2026-08-13 21:49:54.057766,69.81544954687433
AI2884,Summer 2026,Case Study,False,0.39401479108729737,1073.8928527617443,7,6.339161734993687,2026-07-17 21:49:54.058018,65.0426284276102
AI2885,Summer 2026,Literature Review,True,0.5385976198554099,1447.0202931583945,10,29.406004865496023,2026-05-31 21:49:54.058292,83.84991676924984
AI2886,Fall 2026,Research Paper,True,0.5439842294604953,1764.259385197704,10,38.63961410517065,2026-06-22 21:49:54.058546,74.36610174774711
AI2887,Fall 2026,Research Paper,True,0.5744227102370824,1923.0241773559123,11,69.79874648600077,2026-07-21 21:49:54.058793,73.70311492905383
AI2888,Spring 2026,Research Paper,False,0.3240381078890976,2075.0887478551267,9,48.593749085954954,2026-04-15 21:49:54.059202,66.3790207511679
AI2889,Fall 2025,Research Paper,True,0.2823284563243189,1666.8920416695694,7,5.340756851448136,2026-05-20 21:49:54.059625,67.72050396524276
AI2890,Summer 2026,Literature Review,True,0.642184270515222,1679.553444181387,11,13.98288485714938,2026-07-31 21:49:54.059888,78.2812996058047
AI2891,Fall 2026,Essay,True,0.6179522514847523,1770.302998638989,5,38.40313045750138,2026-05-30 21:49:54.060154,71.05426625997795
AI2892,Spring 2026,Essay,False,0.3813947703976907,925.4266239160328,8,48.03383542830849,2026-06-06 21:49:54.060404,82.74921225098069
AI2893,Fall 2026,Literature Review,True,0.5832507027624907,1405.437740774761,3,34.80559538350094,2026-07-06 21:49:54.060647,73.36687987578682
AI2894,Fall 2025,Literature Review,True,0.3268315335386087,1075.312263014957,4,12.19266529863132,2026-05-13 21:49:54.060894,79.3126976619042
AI2895,Summer 2026,Lab Report,True,0.41828616089200915,1491.4515091951776,6,26.219044342479542,2026-09-01 21:49:54.061192,73.69439721182539
AI2896,Summer 2026,Literature Review,False,0.5300009620358543,1714.386703952352,6,10.899144257782512,2026-08-02 21:49:54.061442,71.57866674007816
AI2897,Summer 2026,Essay,False,0.4751732478180779,2442.1418189079786,7,43.65503910486083,2026-05-28 21:49:54.061688,90.30026947858859
AI2898,Fall 2026,Literature Review,True,0.6961747892320932,1555.890169988097,7,17.70547984550454,2026-05-09 21:49:54.061957,77.31180921722574
AI2899,Spring 2026,Lab Report,True,0.1929844801815609,616.6254300052915,8,19.48324923458051,2026-08-30 21:49:54.062213,79.36214180617593
AI2900,Summer 2026,Essay,False,0.4528000677139641,1033.5445006549812,10,31.36794393856971,2026-05-17 21:49:54.062460,55.984902078743296
AI2901,Summer 2026,Case Study,False,0.3168162073735357,2336.180124472752,7,14.659992315387186,2026-08-15 21:49:54.062804,54.02110497209246
AI2902,Fall 2026,Research Paper,False,0.5299722687460674,845.89369016903,9,46.52536417071719,2026-04-21 21:49:54.063453,52.22421943248173
AI2903,Fall 2026,Research Paper,True,0.5197812370921955,1112.8663405504772,9,23.54714723944615,2026-07-23 21:49:54.063918,75.72578305638916
AI2904,Summer 2026,Essay,True,0.46279003022841225,1410.753673206361,11,22.736187949548313,2026-08-15 21:49:54.064396,77.24529935801112
AI2905,Spring 2026,Essay,True,0.38493289431881766,1821.000662794146,5,16.0986295089227,2026-08-23 21:49:54.064845,78.54959860452135
AI2906,Fall 2026,Essay,True,0.6495109482636148,1479.3565162941218,7,54.92272016645268,2026-08-27 21:49:54.065407,84.3708004483563
AI2907,Fall 2025,Research Paper,False,0.23687684002588866,1948.9537547770237,5,30.24954599117027,2026-08-28 21:49:54.065884,55.73507738574618
AI2908,Fall 2025,Case Study,False,0.14979277877956987,1832.673984754665,6,46.151926712502124,2026-08-11 21:49:54.066360,55.675065421526014
AI2909,Spring 2026,Research Paper,False,0.3915334122422428,1186.685434631494,11,6.406077681821267,2026-03-29 21:49:54.066818,80.39853912598463
AI2910,Fall 2026,Essay,True,0.4831413469237023,1083.2996696394107,5,15.414557334197521,2026-07-13 21:49:54.067521,79.31009402815396
AI2911,Summer 2026,Case Study,False,0.3333260500168378,1232.9951873102473,12,44.92797661777685,2026-07-19 21:49:54.068048,82.53525467349888
AI2912,Summer 2026,Literature Review,True,0.5890385436522853,1516.044219362154,10,56.21128700848441,2026-08-31 21:49:54.068340,81.03169016721233
AI2913,Spring 2026,Literature Review,False,0.4302903844230136,1655.504129122674,9,9.062685711006168,2026-06-20 21:49:54.068597,65.75514268862734
AI2914,Spring 2026,Essay,True,0.4751979052414118,1856.8086729225952,10,26.304040460590024,2026-03-22 21:49:54.068874,82.81391860555246
AI2915,Summer 2026,Lab Report,True,0.33311838952576145,1423.9451681231917,9,34.511627292987015,2026-05-29 21:49:54.069139,72.83813982348079
AI2916,Fall 2026,Essay,True,0.6057866262654698,1762.9119320162633,5,48.31617189697957,2026-04-15 21:49:54.069400,85.29740121639625
AI2917,Fall 2026,Research Paper,False,0.5241577232385054,1002.385841832802,6,33.76439570996004,2026-04-14 21:49:54.070157,53.559207546344226
AI2918,Spring 2026,Lab Report,False,0.18042157125222943,2070.9952368088093,10,18.296494656735458,2026-06-21 21:49:54.070657,80.21760283619072
AI2919,Fall 2025,Case Study,False,0.17597224640823453,954.7653255525948,11,90.36401226894745,2026-08-01 21:49:54.071180,61.37226953291848
AI2920,Fall 2026,Case Study,True,0.5108237697081797,1951.5550978972378,11,39.021099333619,2026-06-27 21:49:54.071660,76.67864850398702
AI2921,Fall 2026,Case Study,True,0.5212135929366497,1370.266618672737,6,9.9888960449662,2026-06-03 21:49:54.072163,71.06652194290938
AI2922,Fall 2026,Essay,True,0.6548771598996472,1140.9940327647703,6,22.09834498014437,2026-04-19 21:49:54.072689,76.51855950815147
AI2923,Fall 2026,Research Paper,True,0.47576088132766453,766.0170432450426,6,77.81219602747038,2026-07-21 21:49:54.073338,75.96379282180483
AI2924,Fall 2026,Case Study,False,0.45758299693139504,1335.8603150096262,9,83.52274051916262,2026-06-13 21:49:54.073608,63.65510120662717
AI2925,Fall 2026,Case Study,False,0.44237609900105596,1677.087176186277,9,21.85817253246124,2026-05-09 21:49:54.073855,72.01189041643714
AI2926,Summer 2026,Lab Report,True,0.2480368355952933,1659.1573384752214,5,39.51451085311511,2026-05-24 21:49:54.074115,84.37077134858993
AI2927,Fall 2026,Lab Report,False,0.46200404424378794,1546.1861376252814,14,16.865785338991206,2026-06-04 21:49:54.074368,64.59876211055717
AI2928,Summer 2026,Literature Review,True,0.556400190883419,1777.7576806960642,6,9.46413035117191,2026-04-13 21:49:54.074613,80.32396786783909
AI2929,Summer 2026,Case Study,False,0.28840583108141477,2067.1991943222097,12,6.431706273681144,2026-06-10 21:49:54.074898,69.98834900561756
AI2930,Summer 2026,Essay,True,0.5204300566963908,2117.0869648606676,5,76.59991080332463,2026-07-07 21:49:54.075252,78.41726908640254
AI2931,Fall 2026,Research Paper,True,0.5108072743295666,1555.5610962921608,13,67.7068767266176,2026-06-01 21:49:54.075770,90.61134083691381
AI2932,Fall 2026,Literature Review,True,0.5446616663791121,1688.3847527665314,10,49.270638251927565,2026-03-18 21:49:54.076313,90.94248729482506
AI2933,Fall 2026,Lab Report,False,0.3634605385682311,1460.4640588666532,7,18.6753736192194,2026-06-11 21:49:54.076729,85.39944393435229
AI2934,Fall 2025,Literature Review,False,0.39585954571855,1468.7173112999012,8,22.768842777032088,2026-04-27 21:49:54.077192,90.10179895118266
AI2935,Summer 2026,Lab Report,False,0.3153465147781349,744.513143521991,7,28.334721216542984,2026-05-18 21:49:54.077700,72.25452858153771
AI2936,Fall 2025,Essay,False,0.24031811322103847,844.3457083367318,8,18.719155169717684,2026-05-13 21:49:54.078218,72.56313639834606
AI2937,Fall 2026,Literature Review,True,0.6593249254886037,1387.9771625563337,4,62.98745275579562,2026-04-03 21:49:54.078763,74.2180686970158
AI2938,Summer 2026,Case Study,False,0.3453657706727967,1395.2792429425165,8,24.78356743431326,2026-07-11 21:49:54.079532,73.27400219823802
AI2939,Spring 2026,Essay,False,0.4034909745062663,2192.655628438284,8,63.90986262484428,2026-08-04 21:49:54.080613,83.6221212503896
AI2940,Spring 2026,Literature Review,True,0.507833890983191,820.6517227003079,8,61.942375560815,2026-03-15 21:49:54.081198,80.05785314009483
AI2941,Fall 2025,Literature Review,True,0.33697305931838184,2190.02088303676,10,30.051041310485015,2026-08-06 21:49:54.081692,73.79067601628547
AI2942,Fall 2026,Literature Review,True,0.7088716393807735,1148.4839094800143,6,29.00721251859073,2026-09-02 21:49:54.082188,83.9208571248216
AI2943,Fall 2025,Research Paper,False,0.33906794582081673,1667.4886207981676,5,12.988665615337863,2026-06-13 21:49:54.082815,71.75863695671735
AI2944,Summer 2026,Lab Report,True,0.26892124647004095,1544.862241046353,10,28.182119391167703,2026-08-07 21:49:54.083469,68.66608504804529
AI2945,Fall 2026,Literature Review,False,0.6473680708758719,712.199233659684,8,35.158194661698325,2026-05-30 21:49:54.083979,82.58468672675082
AI2946,Fall 2026,Research Paper,False,0.5877977255586812,1403.9363713994167,7,14.128392718903193,2026-05-28 21:49:54.084552,68.38901318543904
AI2947,Fall 2026,Literature Review,False,0.6281844145245178,2168.7742064675604,7,34.86682694929719,2026-05-05 21:49:54.084851,82.21856279913797
AI2948,Fall 2025,Literature Review,False,0.3867953144239095,1165.940279881223,6,31.002727626274755,2026-05-27 21:49:54.085188,75.88893930452824
AI2949,Summer 2026,Case Study,True,0.43135683952708076,1546.9791147725562,6,50.32832766618777,2026-07-30 21:49:54.085475,79.58321882923094
AI2950,Spring 2026,Research Paper,False,0.3227971022325513,372.7402847428491,8,21.556765254849783,2026-04-15 21:49:54.085734,70.23498372909751
AI2951,Spring 2026,Essay,False,0.37788767807279783,2125.2818162085323,6,18.371081610221403,2026-05-08 21:49:54.085992,71.33349441267943
AI2952,Spring 2026,Lab Report,False,0.07280149350455334,447.56484758069746,10,46.29939491984021,2026-05-10 21:49:54.086245,70.63122039124208
AI2953,Spring 2026,Lab Report,False,0.13689002270478073,910.6774555348633,4,49.26365506999373,2026-03-29 21:49:54.086516,96.71499848835171
AI2954,Fall 2026,Essay,True,0.5602893301154722,1339.4173849929366,13,41.21571765866211,2026-05-31 21:49:54.086976,89.48392427287186
AI2955,Fall 2026,Case Study,False,0.43059474981826673,732.8403726027125,6,49.91530366902753,2026-09-01 21:49:54.087598,84.57312311088032
AI2956,Fall 2025,Lab Report,False,0.056375716774681034,1692.8407876280123,13,14.864959045051581,2026-03-24 21:49:54.088160,81.74563924034476
AI2957,Fall 2025,Essay,True,0.2804308102475788,1507.2946855762495,5,40.76541881556217,2026-05-25 21:49:54.088713,79.29485000005924
AI2958,Fall 2026,Essay,True,0.6691810983695582,737.0122851742717,8,36.08180583545092,2026-09-06 21:49:54.089199,80.74699982797438
AI2959,Fall 2026,Case Study,False,0.4894853413836532,1234.2175173349654,9,42.62225787091354,2026-08-16 21:49:54.089713,93.4301111322598
AI2960,Fall 2026,Literature Review,False,0.6591539206403635,2211.5659640105937,4,34.23380977071126,2026-04-22 21:49:54.090170,90.5912881291117
AI2961,Spring 2026,Research Paper,False,0.298811924817106,1318.987317440226,6,54.026236239543394,2026-07-27 21:49:54.090583,75.91421787820303
AI2962,Fall 2026,Research Paper,True,0.5891439362330757,1397.4823075642807,6,27.417641931577336,2026-06-16 21:49:54.090874,75.96353754375068
AI2963,Spring 2026,Case Study,True,0.22372776676957074,1200.3184811090664,4,12.23647924000117,2026-03-24 21:49:54.091169,84.73527843628557
AI2964,Summer 2026,Lab Report,True,0.30146243195824113,1797.6038102160408,7,36.38156271589104,2026-06-30 21:49:54.091478,76.71522308968237
AI2965,Fall 2026,Research Paper,False,0.5650285618651736,1502.0092682936538,8,9.083258527314939,2026-05-21 21:49:54.091787,79.94264742290477
AI2966,Summer 2026,Research Paper,False,0.43797017506564667,1413.3083873355638,12,33.213302893183915,2026-03-27 21:49:54.092043,67.78738653347379
AI2967,Fall 2026,Lab Report,True,0.37300158721624393,1301.1378084867,9,33.01012611891852,2026-07-25 21:49:54.092295,72.0374666952059
AI2968,Fall 2026,Lab Report,True,0.44730134996855964,2098.126806889973,5,40.813147742354865,2026-08-06 21:49:54.092542,76.22977197518559
AI2969,Fall 2026,Essay,True,0.6521884182713926,1591.0332346190007,5,72.2590635629527,2026-04-29 21:49:54.092791,85.32829278479595
AI2970,Summer 2026,Essay,False,0.5478291059319252,2052.632756165822,10,61.77622608448337,2026-03-17 21:49:54.093044,85.44677755917813
AI2971,Fall 2025,Case Study,False,0.15692594723188075,1110.5060930228371,5,29.62050355601047,2026-03-15 21:49:54.093291,75.5571337879105
AI2972,Summer 2026,Literature Review,True,0.5854733816745099,1501.6247332471805,6,19.651295525811896,2026-07-17 21:49:54.093545,72.66162463020717
AI2973,Summer 2026,Literature Review,False,0.4781459843459947,1414.8633454998076,12,27.365234118102766,2026-08-03 21:49:54.093808,73.3252327193551
AI2974,Summer 2026,Literature Review,False,0.5869860587663394,1137.2277843966237,12,40.42431803385131,2026-04-29 21:49:54.094062,60.39188646010135
AI2975,Spring 2026,Case Study,False,0.27094614365256076,1810.3127557012485,8,23.01182504474702,2026-05-07 21:49:54.094307,83.07405526873183
AI2976,Summer 2026,Essay,False,0.47459711064968,1759.06442866795,9,12.218970086922656,2026-03-29 21:49:54.094551,73.44110282902734
AI2977,Summer 2026,Literature Review,False,0.4431841366678948,2071.805293946663,10,11.636369079080874,2026-05-11 21:49:54.094792,68.99761971788878
AI2978,Summer 2026,Essay,False,0.5440247709491934,1902.294673128681,7,24.630016502258734,2026-06-20 21:49:54.095038,81.69496319027866
AI2979,Summer 2026,Essay,False,0.5382138523245729,1663.3334982823023,7,48.873009617064696,2026-06-19 21:49:54.095283,88.66581137803787
AI2980,Fall 2025,Literature Review,False,0.30946821097953814,1384.9452340443959,10,36.8398590892945,2026-07-20 21:49:54.095524,94.41631281054632
AI2981,Fall 2025,Essay,True,0.33375069916959993,1736.9540386440467,5,57.218641787706574,2026-08-02 21:49:54.095766,87.85928482249949
AI2982,Fall 2026,Literature Review,False,0.6928415466929416,1776.4775420229867,9,24.871064608526563,2026-06-30 21:49:54.096318,84.81651493211402
AI2983,Summer 2026,Research Paper,False,0.5169296477920282,1761.6901546543597,3,31.697019252277002,2026-08-16 21:49:54.096867,74.3805787549708
AI2984,Summer 2026,Lab Report,False,0.221191379514237,1104.5435492406832,7,50.29554629561782,2026-08-22 21:49:54.097638,71.73724333095166
AI2985,Fall 2026,Literature Review,False,0.6047544904076229,1860.5556177067292,8,29.000606481101947,2026-07-20 21:49:54.098242,65.58844906724521
AI2986,Fall 2026,Lab Report,True,0.4288103526213797,1418.730685337875,9,41.06671599349603,2026-04-15 21:49:54.098572,76.8665567139136
AI2987,Spring 2026,Lab Report,True,0.24905192455790165,2066.349518149366,7,16.19051875628707,2026-06-02 21:49:54.098874,79.93373631234975
AI2988,Spring 2026,Lab Report,False,0.21758349275501723,1669.8702663882684,4,67.51911317604534,2026-08-15 21:49:54.099156,58.23270851445251
AI2989,Fall 2026,Lab Report,False,0.4253068047388749,2231.1530452095976,6,41.265678776537776,2026-08-01 21:49:54.099405,76.82626479627518
AI2990,Spring 2026,Lab Report,True,0.12070407125604969,1428.1714706967823,8,17.83152515475174,2026-07-16 21:49:54.099648,74.64085438129243
AI2991,Fall 2025,Lab Report,False,0.050640996405937284,933.0839178736567,8,2.756230741537303,2026-05-08 21:49:54.099898,100.0
AI2992,Fall 2026,Research Paper,False,0.49220698539398544,1425.32700490849,6,5.860868595935194,2026-04-17 21:49:54.100162,72.1137486265137
AI2993,Fall 2026,Research Paper,True,0.6127170482428654,1184.8935864567184,6,49.20616006729588,2026-07-19 21:49:54.100407,74.00181194036807
AI2994,Fall 2026,Essay,True,0.6975881362163194,1526.2293822266677,6,56.44391583391781,2026-08-21 21:49:54.100655,77.93835600696991
AI2995,Fall 2026,Essay,True,0.5234615168292174,1272.185326828819,7,35.95241306063108,2026-05-12 21:49:54.100903,77.28227864180175
AI2996,Fall 2026,Lab Report,False,0.43487553885679303,1170.007829656065,11,56.46473359809671,2026-08-22 21:49:54.101161,63.1249712285198
AI2997,Summer 2026,Literature Review,False,0.5478976641344068,1010.264029310676,10,19.700139038587597,2026-08-21 21:49:54.101405,49.240741165265945
AI2998,Fall 2026,Lab Report,False,0.415636698120355,1544.0963390503227,4,41.97085755322084,2026-08-21 21:49:54.101646,64.52781934346983
AI2999,Fall 2026,Research Paper,False,0.5264043637692561,1817.7723167799938,6,14.262286299737712,2026-07-30 21:49:54.101886,64.42779654621708
